{"type":"FeatureCollection","features":[{"type":"Feature","properties":{"Route":"016","RouteIdentifier":"016d","Direction":"Eastbound","Comment":"(Bikes Must Use Sidewalk)","BeginMile":5.2,"EndMile":6.33},"geometry":{"type":"LineString","coordinates":[[-122.54358,47.26215],[-122.54373,47.26227],[-122.54738,47.2652],[-122.55462,47.27099],[-122.55833,47.27396],[-122.55859,47.27417],[-122.55906,47.27457]]}},{"type":"Feature","properties":{"Route":"167","RouteIdentifier":"167d","Direction":"Southbound","BeginMile":13.25,"EndMile":13.81},"geometry":{"type":"LineString","coordinates":[[-122.26078,47.26926],[-122.26039,47.27016],[-122.2602,47.27063],[-122.2593,47.27283],[-122.25912,47.27326],[-122.25906,47.2734],[-122.25894,47.27375],[-122.25882,47.27415],[-122.25875,47.27449],[-122.25868,47.27491],[-122.25863,47.27531],[-122.25861,47.2757],[-122.2586,47.27618],[-122.25857,47.27713]]}},{"type":"Feature","properties":{"Route":"005","RouteIdentifier":"005d","Direction":"Southbound","BeginMile":188.82,"EndMile":198.92},"geometry":{"type":"LineString","coordinates":[[-122.20993,47.91182],[-122.20967,47.91242],[-122.20937,47.91314],[-122.20878,47.91446],[-122.20849,47.91511],[-122.20697,47.91852],[-122.20673,47.91906],[-122.20598,47.92077],[-122.20567,47.92148],[-122.20513,47.92274],[-122.20467,47.92386],[-122.20421,47.92499],[-122.20406,47.92532],[-122.20384,47.92573],[-122.20365,47.92602],[-122.20345,47.92628],[-122.20323,47.92653],[-122.20294,47.92682],[-122.20268,47.92704],[-122.20225,47.92736],[-122.20185,47.92763],[-122.20138,47.92791],[-122.19936,47.92904],[-122.19898,47.92926],[-122.19854,47.92955],[-122.19827,47.92976],[-122.19792,47.93007],[-122.19765,47.93033],[-122.19745,47.93056],[-122.19726,47.9308],[-122.19706,47.93108],[-122.19689,47.93139],[-122.19676,47.93166],[-122.19664,47.93195],[-122.19654,47.93227],[-122.19649,47.9325],[-122.19646,47.93272],[-122.19644,47.93295],[-122.19643,47.93329],[-122.19645,47.93353],[-122.19649,47.93381],[-122.19658,47.93418],[-122.19707,47.9362],[-122.19719,47.93671],[-122.19735,47.93739],[-122.19752,47.93806],[-122.19763,47.93855],[-122.19769,47.93893],[-122.19771,47.93928],[-122.19769,47.93973],[-122.19762,47.94024],[-122.19755,47.94073],[-122.19742,47.94159],[-122.19736,47.942],[-122.19734,47.94229],[-122.19734,47.94254],[-122.19735,47.94282],[-122.1974,47.94314],[-122.19743,47.94335],[-122.1975,47.9436],[-122.1976,47.94392],[-122.19787,47.94478],[-122.19847,47.94671],[-122.19867,47.94736],[-122.1989,47.94808],[-122.19905,47.94857],[-122.19932,47.94943],[-122.19946,47.95003],[-122.19963,47.95058],[-122.19971,47.95101],[-122.19988,47.95201],[-122.19991,47.9523],[-122.19998,47.95324],[-122.20004,47.95437],[-122.20015,47.95588],[-122.20021,47.95705],[-122.20021,47.95759],[-122.20018,47.95805],[-122.20005,47.95889],[-122.19998,47.95924],[-122.19983,47.96],[-122.19965,47.96111],[-122.19959,47.96172],[-122.19956,47.962],[-122.19945,47.96282],[-122.19941,47.96348],[-122.19936,47.96436],[-122.19932,47.96514],[-122.19928,47.96573],[-122.19922,47.9661],[-122.19913,47.96644],[-122.19906,47.96667],[-122.19893,47.96697],[-122.19881,47.96716],[-122.19868,47.96735],[-122.19846,47.96766],[-122.19825,47.96795],[-122.19813,47.9681],[-122.19801,47.96826],[-122.19785,47.96842],[-122.19767,47.96858],[-122.19745,47.96878],[-122.19723,47.96895],[-122.19704,47.96909],[-122.19676,47.96928],[-122.19663,47.96936],[-122.19613,47.96968],[-122.19582,47.96988],[-122.19475,47.97056],[-122.19384,47.97117],[-122.19345,47.97148],[-122.19318,47.97172],[-122.19293,47.97197],[-122.19268,47.97222],[-122.19248,47.97245],[-122.19233,47.97263],[-122.19173,47.97347],[-122.19153,47.97386],[-122.19137,47.9742],[-122.1912,47.97463],[-122.19108,47.97501],[-122.19097,47.97542],[-122.19081,47.97606],[-122.19068,47.97655],[-122.1906,47.97689],[-122.19054,47.97718],[-122.19046,47.97755],[-122.19034,47.97796],[-122.19022,47.97829],[-122.19008,47.97862],[-122.18991,47.97894],[-122.18973,47.97921],[-122.1896,47.97939],[-122.18933,47.97972],[-122.18904,47.98002],[-122.18878,47.98026],[-122.18856,47.98045],[-122.18757,47.98124],[-122.18709,47.98159],[-122.18667,47.98192],[-122.18528,47.98302],[-122.18496,47.98328],[-122.18467,47.98354],[-122.1844,47.98382],[-122.18416,47.9841],[-122.18394,47.98437],[-122.18371,47.98476],[-122.18355,47.98511],[-122.18343,47.98542],[-122.18333,47.98581],[-122.18329,47.98602],[-122.18326,47.98626],[-122.18324,47.98638],[-122.18322,47.98662],[-122.18322,47.98694],[-122.18317,47.98857],[-122.18316,47.98881],[-122.18314,47.98904],[-122.18311,47.98937],[-122.18306,47.98968],[-122.18299,47.99],[-122.18289,47.99028],[-122.18276,47.99055],[-122.18261,47.99081],[-122.18245,47.99104],[-122.18219,47.99133],[-122.18193,47.9916],[-122.18167,47.99183],[-122.18151,47.99197],[-122.17728,47.99527],[-122.17618,47.99613],[-122.1759,47.99638],[-122.17558,47.99665],[-122.17534,47.99689],[-122.17506,47.9972],[-122.17487,47.99747],[-122.1747,47.99773],[-122.17456,47.99797],[-122.17443,47.99824],[-122.17435,47.99847],[-122.17426,47.99878],[-122.17419,47.9991],[-122.17415,47.99933],[-122.17414,47.99958],[-122.17413,47.9999],[-122.17415,48.00023],[-122.17451,48.00752],[-122.17497,48.0176],[-122.175,48.01823],[-122.17504,48.0189],[-122.17511,48.01952],[-122.17518,48.02006],[-122.17527,48.02056],[-122.17577,48.02315],[-122.17598,48.02422],[-122.17811,48.03499],[-122.17865,48.03779],[-122.17874,48.03828],[-122.17887,48.0389],[-122.179,48.0394],[-122.17913,48.03981],[-122.17921,48.04005],[-122.17945,48.04067],[-122.17953,48.04087],[-122.17989,48.0416],[-122.1803,48.04234],[-122.18094,48.04343],[-122.18171,48.04478],[-122.18374,48.04834],[-122.1842,48.04916]]}},{"type":"Feature","properties":{"Route":"205","RouteIdentifier":"205d","Direction":"Southbound","Comment":"(Bikes Must Use Bike Path)","BeginMile":0.0,"EndMile":0.53},"geometry":{"type":"LineString","coordinates":[[-122.55028,45.597],[-122.5506,45.59807],[-122.55073,45.59855],[-122.55087,45.59915],[-122.55097,45.59967],[-122.55116,45.60057],[-122.55128,45.6014],[-122.55158,45.60336],[-122.55171,45.60427],[-122.55178,45.60468]]}},{"type":"Feature","properties":{"Route":"002","RouteIdentifier":"002d","Direction":"Westbound","BeginMile":273.71,"EndMile":275.14},"geometry":{"type":"LineString","coordinates":[[-117.50598,47.64323],[-117.50431,47.64323],[-117.50371,47.64321],[-117.50309,47.64317],[-117.50242,47.64308],[-117.50187,47.64299],[-117.5014,47.64288],[-117.50088,47.64274],[-117.50039,47.64257],[-117.49994,47.6424],[-117.49953,47.64221],[-117.4984,47.64171],[-117.49788,47.64149],[-117.49535,47.64038],[-117.49219,47.63899],[-117.49108,47.63849],[-117.48981,47.63794],[-117.48927,47.6377],[-117.48316,47.63503],[-117.48282,47.63485],[-117.48192,47.63445],[-117.48037,47.63378],[-117.47949,47.63339]]}},{"type":"Feature","properties":{"Route":"526","RouteIdentifier":"526i","Direction":"Eastbound","BeginMile":1.33,"EndMile":4.43},"geometry":{"type":"LineString","coordinates":[[-122.27438,47.92204],[-122.27228,47.92207],[-122.27162,47.92207],[-122.27022,47.92209],[-122.26658,47.92214],[-122.26336,47.92218],[-122.26279,47.92221],[-122.26216,47.92225],[-122.26162,47.92231],[-122.26108,47.92238],[-122.26099,47.92239],[-122.26058,47.92246],[-122.25878,47.92275],[-122.25818,47.92283],[-122.25749,47.92289],[-122.25687,47.92293],[-122.25506,47.92303],[-122.2533,47.92313],[-122.25167,47.92322],[-122.2511,47.92325],[-122.24823,47.92342],[-122.24735,47.92346],[-122.24639,47.92349],[-122.2447,47.92349],[-122.24294,47.92347],[-122.24077,47.92346],[-122.24012,47.92346],[-122.23716,47.92343],[-122.2355,47.92342],[-122.23488,47.92341],[-122.23465,47.9234],[-122.23291,47.92335],[-122.2319,47.92332],[-122.23102,47.92328],[-122.23019,47.92323],[-122.22936,47.92318],[-122.2285,47.92311],[-122.2278,47.92305],[-122.2271,47.92299],[-122.2258,47.92288],[-122.2247,47.92278],[-122.22392,47.92272],[-122.22362,47.92269],[-122.22307,47.92265],[-122.22213,47.92257],[-122.21927,47.92232],[-122.2161,47.92205],[-122.21396,47.92186],[-122.21344,47.92179],[-122.21307,47.92171],[-122.21269,47.92163],[-122.21229,47.92152],[-122.2119,47.9214],[-122.21146,47.92124],[-122.21096,47.92103],[-122.21046,47.9208],[-122.21001,47.92056],[-122.20962,47.92033],[-122.20933,47.92013],[-122.20895,47.91987],[-122.20872,47.91971]]}},{"type":"Feature","properties":{"Route":"090","RouteIdentifier":"090d","Direction":"Westbound","BeginMile":273.71,"EndMile":295.21},"geometry":{"type":"LineString","coordinates":[[-117.50811,47.61695],[-117.50779,47.61714],[-117.5049,47.61886],[-117.50294,47.62003],[-117.50151,47.62089],[-117.49936,47.62216],[-117.49727,47.62339],[-117.4958,47.62427],[-117.48895,47.62836],[-117.48374,47.63146],[-117.48328,47.63173],[-117.48028,47.63352],[-117.48007,47.63364],[-117.4784,47.63463],[-117.47766,47.63505],[-117.47688,47.63546],[-117.47607,47.63586],[-117.47524,47.63625],[-117.47224,47.63758],[-117.4711,47.63806],[-117.45543,47.64496],[-117.45401,47.64558],[-117.45299,47.64602],[-117.45266,47.64616],[-117.45198,47.64645],[-117.45158,47.64662],[-117.45139,47.64671],[-117.45117,47.6468],[-117.44902,47.64775],[-117.44783,47.64827],[-117.4472,47.64855],[-117.44655,47.64884],[-117.44601,47.64905],[-117.44561,47.64921],[-117.44477,47.6495],[-117.44379,47.6498],[-117.44339,47.64991],[-117.44253,47.65014],[-117.4415,47.65038],[-117.44068,47.65056],[-117.43923,47.65086],[-117.4384,47.65103],[-117.43593,47.65156],[-117.43466,47.65179],[-117.43071,47.65243],[-117.43012,47.65252],[-117.42968,47.65259],[-117.4293,47.65264],[-117.42904,47.65267],[-117.42867,47.6527],[-117.42826,47.65271],[-117.42418,47.65273],[-117.42394,47.65273],[-117.42225,47.65274],[-117.41945,47.65276],[-117.41753,47.65279],[-117.41338,47.65277],[-117.41099,47.65267],[-117.40422,47.65227],[-117.40312,47.65222],[-117.4022,47.65218],[-117.401,47.65217],[-117.39942,47.65219],[-117.39813,47.65222],[-117.39666,47.65223],[-117.39607,47.65224],[-117.39555,47.65226],[-117.39524,47.65228],[-117.39491,47.65231],[-117.39451,47.65234],[-117.39434,47.65237],[-117.39411,47.6524],[-117.39368,47.65248],[-117.39331,47.65256],[-117.39297,47.65265],[-117.39259,47.65277],[-117.39195,47.65299],[-117.39158,47.65311],[-117.39058,47.65346],[-117.39018,47.65359],[-117.38971,47.65372],[-117.38944,47.65378],[-117.38927,47.65382],[-117.38883,47.65389],[-117.38837,47.65394],[-117.38801,47.65396],[-117.38769,47.65397],[-117.38739,47.65397],[-117.38659,47.65398],[-117.38463,47.65398],[-117.38292,47.65399],[-117.3815,47.65399],[-117.37534,47.65402],[-117.37508,47.65402],[-117.36968,47.65405],[-117.3682,47.65405],[-117.36714,47.65404],[-117.36038,47.654],[-117.35767,47.65398],[-117.34735,47.65396],[-117.34712,47.65396],[-117.34685,47.65396],[-117.34454,47.65395],[-117.34181,47.65394],[-117.32909,47.65386],[-117.32863,47.65388],[-117.32814,47.65393],[-117.32762,47.654],[-117.32717,47.65408],[-117.32678,47.65418],[-117.32635,47.65428],[-117.32605,47.65436],[-117.3258,47.65445],[-117.32554,47.65454],[-117.3253,47.65464],[-117.32508,47.65473],[-117.32492,47.6548],[-117.32459,47.65494],[-117.32403,47.65525],[-117.32355,47.65558],[-117.32308,47.65594],[-117.32273,47.65626],[-117.32227,47.65673],[-117.3218,47.65724],[-117.3203,47.65885],[-117.32015,47.65901],[-117.32003,47.65914],[-117.31912,47.66003],[-117.31845,47.66061],[-117.31795,47.66101],[-117.31736,47.66143],[-117.31683,47.66178],[-117.31636,47.66209],[-117.31587,47.66237],[-117.31518,47.66279],[-117.31412,47.66335],[-117.31323,47.66377],[-117.306,47.66683],[-117.30407,47.66765],[-117.29631,47.67089],[-117.29547,47.67124],[-117.29465,47.67158],[-117.29394,47.67185],[-117.29318,47.67209],[-117.29258,47.67225],[-117.292,47.67238],[-117.29135,47.67251],[-117.2905,47.67265],[-117.28281,47.67374],[-117.28184,47.67388],[-117.27684,47.67457],[-117.27527,47.67478],[-117.27416,47.67491],[-117.27328,47.675],[-117.27247,47.67507],[-117.27157,47.67514],[-117.27066,47.6752],[-117.26965,47.67527],[-117.26848,47.6753],[-117.26729,47.67532],[-117.26609,47.67531],[-117.26479,47.67528],[-117.26379,47.67525],[-117.26262,47.67519],[-117.26138,47.67511],[-117.2603,47.67503],[-117.25923,47.67493],[-117.2582,47.67481],[-117.25733,47.6747],[-117.25637,47.67459],[-117.25456,47.67438],[-117.25372,47.6743],[-117.25289,47.67423],[-117.25201,47.67417],[-117.25107,47.67412],[-117.25023,47.67408],[-117.24947,47.67405],[-117.24862,47.67403],[-117.24773,47.67402],[-117.24683,47.67403],[-117.24594,47.67405],[-117.24484,47.67406],[-117.23969,47.67412],[-117.2395,47.67412],[-117.23331,47.67425],[-117.22589,47.67441],[-117.22474,47.67439],[-117.22356,47.67435],[-117.22261,47.67428],[-117.22199,47.67423],[-117.22138,47.67416],[-117.22089,47.6741],[-117.2202,47.674],[-117.21974,47.67392],[-117.21461,47.67291],[-117.20701,47.6714],[-117.2027,47.67053],[-117.20146,47.67028],[-117.19667,47.66933],[-117.19157,47.66828],[-117.18171,47.6663],[-117.18125,47.66622],[-117.18067,47.66613],[-117.18004,47.66603],[-117.17919,47.66591],[-117.17823,47.66582],[-117.17737,47.66576],[-117.17656,47.66573],[-117.17583,47.66571],[-117.1751,47.6657],[-117.1603,47.6657],[-117.15374,47.66567],[-117.15068,47.6657],[-117.13258,47.6657],[-117.13213,47.6657],[-117.13161,47.66572],[-117.13101,47.66576],[-117.13042,47.66582],[-117.12992,47.66589],[-117.12942,47.66598],[-117.1289,47.66608],[-117.1262,47.66667],[-117.12536,47.66685],[-117.11939,47.66816],[-117.11938,47.66816],[-117.11642,47.66881],[-117.11564,47.66901],[-117.11488,47.66923],[-117.11427,47.66944],[-117.11349,47.66973],[-117.11279,47.67003],[-117.11247,47.67018],[-117.11137,47.67073],[-117.11076,47.67111],[-117.11021,47.67149],[-117.10967,47.67188],[-117.10921,47.67226],[-117.10908,47.67238],[-117.10877,47.67266],[-117.10837,47.67306],[-117.10738,47.67418],[-117.10609,47.67563],[-117.10587,47.67587],[-117.10565,47.6761],[-117.10528,47.67648],[-117.10492,47.67679],[-117.10452,47.67711],[-117.10402,47.67745],[-117.10375,47.67763],[-117.10354,47.67775],[-117.10332,47.67789],[-117.10309,47.67802],[-117.1026,47.67826],[-117.10205,47.67851],[-117.10142,47.67876],[-117.10078,47.67898],[-117.10021,47.67915],[-117.09944,47.67934],[-117.09864,47.6795],[-117.09784,47.67961],[-117.09259,47.68033],[-117.09172,47.68044],[-117.09082,47.68058],[-117.08999,47.68074],[-117.08919,47.6809],[-117.0883,47.68112],[-117.08742,47.68135],[-117.08664,47.68159],[-117.08586,47.68185],[-117.08569,47.68191]]}},{"type":"Feature","properties":{"Route":"005","RouteIdentifier":"005d","Direction":"Southbound","BeginMile":102.86,"EndMile":109.26},"geometry":{"type":"LineString","coordinates":[[-122.91229,46.99993],[-122.91037,47.00323],[-122.90824,47.00692],[-122.90816,47.00706],[-122.90803,47.0073],[-122.90714,47.00883],[-122.90697,47.00917],[-122.9068,47.00949],[-122.90666,47.00981],[-122.90655,47.01022],[-122.90647,47.01064],[-122.90642,47.01094],[-122.90636,47.01136],[-122.90629,47.0122],[-122.90624,47.01286],[-122.90607,47.01467],[-122.90597,47.01619],[-122.90598,47.01652],[-122.906,47.01682],[-122.90603,47.01708],[-122.90608,47.01753],[-122.90613,47.01788],[-122.90618,47.01826],[-122.90624,47.01868],[-122.90631,47.01911],[-122.90638,47.01953],[-122.90644,47.01998],[-122.90645,47.02023],[-122.90643,47.02046],[-122.9064,47.02071],[-122.90637,47.02086],[-122.90629,47.02117],[-122.90624,47.02131],[-122.90614,47.02151],[-122.90606,47.02168],[-122.90597,47.02182],[-122.90576,47.02212],[-122.90563,47.0223],[-122.90549,47.02246],[-122.90535,47.02261],[-122.90508,47.02284],[-122.90477,47.02306],[-122.9044,47.0233],[-122.90405,47.02348],[-122.90368,47.02365],[-122.90354,47.02371],[-122.90305,47.02389],[-122.90267,47.024],[-122.90214,47.02415],[-122.90165,47.02427],[-122.9011,47.02441],[-122.90062,47.02456],[-122.90006,47.02477],[-122.89955,47.025],[-122.89906,47.02527],[-122.89861,47.02556],[-122.89792,47.02607],[-122.89719,47.02678],[-122.89517,47.02874],[-122.89503,47.02888],[-122.89488,47.02903],[-122.89434,47.02957],[-122.89396,47.03004],[-122.89342,47.03076],[-122.89326,47.03098],[-122.89264,47.0318],[-122.89231,47.03225],[-122.89197,47.03267],[-122.89171,47.03297],[-122.89136,47.0333],[-122.89106,47.03356],[-122.89076,47.03379],[-122.89041,47.03403],[-122.89004,47.03425],[-122.88963,47.03448],[-122.88926,47.03465],[-122.88888,47.03482],[-122.8885,47.03496],[-122.88816,47.03509],[-122.8877,47.03522],[-122.88731,47.03532],[-122.88689,47.03541],[-122.88652,47.03548],[-122.88608,47.03554],[-122.88561,47.03558],[-122.88502,47.03563],[-122.88428,47.03568],[-122.8797,47.036],[-122.87885,47.03606],[-122.87807,47.03614],[-122.8775,47.03622],[-122.87699,47.03631],[-122.87641,47.03646],[-122.87592,47.03663],[-122.87543,47.0368],[-122.8749,47.03704],[-122.87432,47.03737],[-122.87389,47.03765],[-122.87346,47.03795],[-122.87225,47.03881],[-122.87183,47.03909],[-122.87136,47.03939],[-122.87088,47.03966],[-122.87032,47.03992],[-122.86971,47.04016],[-122.8691,47.04035],[-122.86851,47.04047],[-122.86785,47.04059],[-122.86725,47.04066],[-122.86669,47.04069],[-122.86619,47.0407],[-122.86569,47.0407],[-122.86333,47.04063],[-122.85938,47.04052],[-122.85761,47.04047],[-122.85705,47.04045],[-122.85642,47.04045],[-122.8559,47.04047],[-122.85533,47.04051],[-122.85486,47.04057],[-122.85428,47.04067],[-122.85369,47.04082],[-122.85309,47.041],[-122.8525,47.04121],[-122.85128,47.04168],[-122.84679,47.04343],[-122.84514,47.04407],[-122.84433,47.04438],[-122.84344,47.04472],[-122.8428,47.04494],[-122.8422,47.0451],[-122.84159,47.04524],[-122.841,47.04533],[-122.84043,47.04539],[-122.83992,47.04543],[-122.83924,47.04549],[-122.83374,47.04598],[-122.83222,47.04611],[-122.82516,47.04669],[-122.82446,47.04675],[-122.82401,47.0468],[-122.8236,47.04685],[-122.82322,47.04691],[-122.82271,47.04702],[-122.82222,47.04715],[-122.8217,47.04731],[-122.82122,47.0475],[-122.82072,47.04772],[-122.82028,47.04796],[-122.81988,47.0482],[-122.81951,47.04844],[-122.81921,47.04866],[-122.81842,47.04921],[-122.81813,47.0494]]}},{"type":"Feature","properties":{"Route":"405","RouteIdentifier":"405d","Direction":"Southbound","BeginMile":0.0,"EndMile":7.39},"geometry":{"type":"LineString","coordinates":[[-122.26616,47.46268],[-122.26582,47.46273],[-122.26544,47.46282],[-122.26524,47.46287],[-122.26398,47.46324],[-122.26356,47.46335],[-122.26317,47.46344],[-122.26276,47.4635],[-122.26227,47.46354],[-122.26173,47.46355],[-122.26127,47.46353],[-122.26082,47.46347],[-122.26034,47.46338],[-122.25985,47.46325],[-122.25876,47.46294],[-122.25828,47.46281],[-122.25767,47.46263],[-122.25667,47.46234],[-122.25612,47.4622],[-122.256,47.46218],[-122.25548,47.46208],[-122.25483,47.46198],[-122.25433,47.46194],[-122.25381,47.46193],[-122.25324,47.46193],[-122.25267,47.46197],[-122.252,47.46205],[-122.25141,47.46216],[-122.25081,47.46231],[-122.2503,47.46246],[-122.24955,47.4627],[-122.24921,47.46281],[-122.24831,47.46309],[-122.24601,47.46379],[-122.24538,47.46399],[-122.24421,47.46436],[-122.24235,47.46494],[-122.23955,47.46582],[-122.23782,47.46636],[-122.23711,47.46656],[-122.23648,47.46673],[-122.23581,47.46688],[-122.23526,47.46698],[-122.23482,47.46706],[-122.2345,47.46711],[-122.23407,47.46716],[-122.23363,47.46722],[-122.23325,47.46726],[-122.23286,47.46728],[-122.23226,47.46732],[-122.23132,47.46738],[-122.23058,47.46741],[-122.2298,47.46743],[-122.22723,47.4675],[-122.22537,47.46755],[-122.22335,47.46766],[-122.21924,47.46788],[-122.21837,47.46793],[-122.21762,47.46796],[-122.21532,47.4681],[-122.21436,47.46817],[-122.21313,47.46831],[-122.21218,47.46843],[-122.21094,47.46858],[-122.21033,47.46865],[-122.20981,47.46872],[-122.2092,47.46883],[-122.20863,47.46897],[-122.20833,47.46906],[-122.20757,47.46932],[-122.20724,47.46948],[-122.20696,47.46961],[-122.20671,47.46975],[-122.20645,47.4699],[-122.20615,47.47008],[-122.20591,47.47026],[-122.20565,47.47048],[-122.20542,47.47068],[-122.20522,47.47088],[-122.20511,47.471],[-122.20505,47.47106],[-122.20491,47.47122],[-122.20472,47.47147],[-122.20459,47.47166],[-122.20447,47.47186],[-122.20436,47.47207],[-122.20427,47.47224],[-122.2042,47.47241],[-122.20413,47.47264],[-122.20407,47.47285],[-122.20403,47.47304],[-122.204,47.47322],[-122.20398,47.47345],[-122.20395,47.47372],[-122.20384,47.47544],[-122.20379,47.47619],[-122.20378,47.47648],[-122.20375,47.47678],[-122.20371,47.4771],[-122.20364,47.47741],[-122.20353,47.47771],[-122.20341,47.47795],[-122.2032,47.4783],[-122.20298,47.47859],[-122.20269,47.47891],[-122.20234,47.47921],[-122.20212,47.47939],[-122.20186,47.47956],[-122.20151,47.4798],[-122.20104,47.48011],[-122.2008,47.48026],[-122.20045,47.48049],[-122.20023,47.48063],[-122.19985,47.48089],[-122.19961,47.48106],[-122.19941,47.48122],[-122.19928,47.48132],[-122.19911,47.48148],[-122.19823,47.48239],[-122.1968,47.48392],[-122.19653,47.4842],[-122.19484,47.48598],[-122.1946,47.48624],[-122.19438,47.4865],[-122.19415,47.48681],[-122.19397,47.4871],[-122.1938,47.48741],[-122.19369,47.48766],[-122.19359,47.48794],[-122.19352,47.4882],[-122.19343,47.48856],[-122.19335,47.48883],[-122.19324,47.48912],[-122.19314,47.48934],[-122.19299,47.4896],[-122.19282,47.48984],[-122.19264,47.49006],[-122.1922,47.49065],[-122.19214,47.49076],[-122.19203,47.49097],[-122.19187,47.49133],[-122.19181,47.49158],[-122.19176,47.49187],[-122.19175,47.49212],[-122.19178,47.49241],[-122.19181,47.49266],[-122.19188,47.49292],[-122.192,47.49322],[-122.19215,47.49352],[-122.1923,47.49377],[-122.19343,47.49548],[-122.19395,47.49629],[-122.19437,47.49698],[-122.19482,47.4978],[-122.19522,47.49861],[-122.1956,47.4994],[-122.1959,47.50013],[-122.1968,47.50237],[-122.197,47.50295],[-122.19738,47.50418],[-122.19758,47.50492],[-122.19777,47.50576],[-122.19795,47.50684],[-122.19802,47.50735],[-122.19808,47.50786],[-122.19813,47.50848],[-122.19819,47.50941],[-122.1984,47.51349],[-122.19852,47.51597],[-122.19857,47.51689],[-122.19861,47.51738],[-122.19864,47.51794],[-122.19865,47.51845],[-122.19837,47.52146],[-122.19807,47.5248],[-122.19793,47.5263],[-122.19787,47.52694],[-122.19784,47.52747],[-122.19785,47.52797],[-122.19788,47.52844],[-122.19799,47.53031],[-122.198,47.53059],[-122.19799,47.53088],[-122.19796,47.53115],[-122.1979,47.53144],[-122.19789,47.53153]]}},{"type":"Feature","properties":{"Route":"395","RouteIdentifier":"395i","Direction":"Northbound","BeginMile":25.01,"EndMile":26.8},"geometry":{"type":"LineString","coordinates":[[-119.13802,46.21685],[-119.13795,46.21704],[-119.1379,46.2172],[-119.13788,46.21737],[-119.13788,46.21749],[-119.13789,46.21771],[-119.13792,46.21843],[-119.13792,46.219],[-119.13789,46.21928],[-119.13786,46.21958],[-119.13781,46.21988],[-119.13776,46.22006],[-119.13769,46.22026],[-119.13756,46.22059],[-119.13729,46.22121],[-119.13713,46.22162],[-119.13532,46.22584],[-119.13429,46.22825],[-119.13401,46.22884],[-119.13391,46.22901],[-119.13381,46.22918],[-119.13371,46.22932],[-119.13357,46.22947],[-119.13343,46.22962],[-119.13322,46.22981],[-119.133,46.22999],[-119.13279,46.2302],[-119.13251,46.23048],[-119.13232,46.23072],[-119.13215,46.23096],[-119.13204,46.23118],[-119.13196,46.23136],[-119.1319,46.23156],[-119.13186,46.23174],[-119.13183,46.23193],[-119.13182,46.2321],[-119.13182,46.23221],[-119.13182,46.23238],[-119.13189,46.23317],[-119.13191,46.23342],[-119.13189,46.23364],[-119.13186,46.23384],[-119.13183,46.23403],[-119.13177,46.2342],[-119.13151,46.2349],[-119.12992,46.23865],[-119.12867,46.24153]]}},{"type":"Feature","properties":{"Route":"002","RouteIdentifier":"002i","Direction":"Eastbound","BeginMile":273.71,"EndMile":275.14},"geometry":{"type":"LineString","coordinates":[[-117.50626,47.64306],[-117.50431,47.64304],[-117.50371,47.64303],[-117.50307,47.64298],[-117.50249,47.64291],[-117.50192,47.6428],[-117.50153,47.64271],[-117.50106,47.64258],[-117.50058,47.64243],[-117.5002,47.64228],[-117.4997,47.64207],[-117.49884,47.64169],[-117.49832,47.64146],[-117.49539,47.64017],[-117.49231,47.63883],[-117.49121,47.63834],[-117.48997,47.6378],[-117.48941,47.63755],[-117.48485,47.63554],[-117.48055,47.63366],[-117.4797,47.63328]]}},{"type":"Feature","properties":{"Route":"016","RouteIdentifier":"016i","Direction":"Westbound","Comment":"(Bikes Must Use Sidewalk)","BeginMile":5.2,"EndMile":6.33},"geometry":{"type":"LineString","coordinates":[[-122.54293,47.26242],[-122.54681,47.26553],[-122.55405,47.27132],[-122.55853,47.27491]]}},{"type":"Feature","properties":{"Route":"240","RouteIdentifier":"240i","Direction":"Eastbound","BeginMile":27.12,"EndMile":34.87},"geometry":{"type":"MultiLineString","coordinates":[[[-119.31327,46.32398],[-119.30211,46.31837],[-119.29859,46.3166],[-119.29547,46.31502],[-119.29381,46.31419],[-119.29203,46.3133],[-119.28924,46.31189],[-119.28857,46.31155],[-119.28819,46.31131],[-119.28784,46.31103],[-119.28754,46.31073],[-119.28727,46.31039],[-119.28699,46.31],[-119.2862,46.30899],[-119.2859,46.30866],[-119.28633,46.30843],[-119.28649,46.30832],[-119.28731,46.30773],[-119.29251,46.30385],[-119.29461,46.30227],[-119.29531,46.30175],[-119.29596,46.30126],[-119.29726,46.3003],[-119.29782,46.29986],[-119.29898,46.29895],[-119.29978,46.29832],[-119.30057,46.29769],[-119.30118,46.29719],[-119.30183,46.29663],[-119.30237,46.29615],[-119.3028,46.29568],[-119.30343,46.29494],[-119.30391,46.29433],[-119.30447,46.29352],[-119.30474,46.2931],[-119.30493,46.29278],[-119.3052,46.29235],[-119.30554,46.29173],[-119.3059,46.29094],[-119.30617,46.29031],[-119.3063,46.28984],[-119.30645,46.28911],[-119.30656,46.28844],[-119.30665,46.28756],[-119.30666,46.28675],[-119.30667,46.28556],[-119.30668,46.28065],[-119.30669,46.27903],[-119.30669,46.27586],[-119.30668,46.27439],[-119.3067,46.27382],[-119.3067,46.27339],[-119.30666,46.27256],[-119.30658,46.27206],[-119.30649,46.27176],[-119.30621,46.2711],[-119.30599,46.27072],[-119.30574,46.27036],[-119.30518,46.26966],[-119.30477,46.26928],[-119.30429,46.2689],[-119.30348,46.26837],[-119.30278,46.26795],[-119.3024,46.26773],[-119.30231,46.26768],[-119.30121,46.26709],[-119.29074,46.26123],[-119.28781,46.25957],[-119.28719,46.25921],[-119.286,46.25855]],[[-119.26368,46.25917],[-119.26259,46.25828],[-119.26165,46.25749],[-119.26091,46.25686],[-119.26046,46.2565],[-119.25977,46.25586],[-119.25946,46.25557],[-119.25921,46.25532],[-119.25894,46.25503],[-119.2587,46.25475],[-119.25835,46.25434],[-119.25696,46.25271],[-119.25596,46.25152],[-119.25592,46.25147]]]}},{"type":"Feature","properties":{"Route":"518","RouteIdentifier":"518i","Direction":"Eastbound","BeginMile":1.46,"EndMile":3.42},"geometry":{"type":"LineString","coordinates":[[-122.30244,47.46635],[-122.30097,47.46575],[-122.29959,47.46513],[-122.29888,47.4648],[-122.29849,47.46462],[-122.298,47.4644],[-122.29751,47.4642],[-122.29706,47.46404],[-122.29668,47.46392],[-122.29626,47.46381],[-122.29578,47.46371],[-122.29528,47.46364],[-122.29487,47.46359],[-122.29444,47.46355],[-122.2941,47.46354],[-122.29371,47.46353],[-122.29294,47.46353],[-122.29153,47.46352],[-122.29088,47.4635],[-122.29035,47.46349],[-122.28985,47.46345],[-122.28936,47.4634],[-122.28881,47.46332],[-122.28824,47.46323],[-122.28647,47.46292],[-122.2859,47.46285],[-122.28543,47.46283],[-122.28524,47.46283],[-122.28492,47.46283],[-122.28438,47.46288],[-122.28392,47.46295],[-122.28351,47.46303],[-122.28306,47.46315],[-122.28265,47.4633],[-122.2823,47.46345],[-122.28188,47.46366],[-122.28164,47.46381],[-122.28149,47.46391],[-122.28089,47.46431],[-122.28017,47.46477],[-122.27979,47.46499],[-122.2794,47.46518],[-122.27895,47.46535],[-122.27848,47.4655],[-122.27812,47.46558],[-122.27769,47.46565],[-122.27724,47.4657],[-122.27682,47.46572],[-122.27637,47.46572],[-122.27595,47.46569],[-122.27556,47.46564],[-122.27514,47.46556],[-122.27475,47.46546],[-122.27441,47.46536],[-122.27405,47.46523],[-122.27376,47.4651],[-122.2734,47.46492],[-122.27306,47.46475],[-122.27271,47.46456],[-122.27098,47.46363],[-122.27056,47.46341],[-122.27023,47.46324],[-122.26901,47.46258],[-122.26869,47.46245],[-122.26797,47.46209],[-122.26725,47.46176],[-122.26688,47.46162],[-122.26654,47.46153],[-122.26629,47.46148],[-122.26605,47.46144],[-122.2658,47.46142],[-122.26554,47.4614],[-122.26529,47.4614],[-122.26513,47.4614]]}},{"type":"Feature","properties":{"Route":"101","RouteIdentifier":"101d","Direction":"Southbound","BeginMile":363.57,"EndMile":365.56},"geometry":{"type":"LineString","coordinates":[[-122.94109,47.03266],[-122.94047,47.03235],[-122.93722,47.03077],[-122.93509,47.02971],[-122.93265,47.02852],[-122.93158,47.02799],[-122.93088,47.02763],[-122.92987,47.02713],[-122.92932,47.02685],[-122.92891,47.02666],[-122.92868,47.02657],[-122.92834,47.02645],[-122.92792,47.02632],[-122.92767,47.02626],[-122.92716,47.02613],[-122.92668,47.02603],[-122.92618,47.02595],[-122.92568,47.0259],[-122.92514,47.02587],[-122.92466,47.02587],[-122.92311,47.02587],[-122.91771,47.02586],[-122.916,47.02585],[-122.9155,47.02585],[-122.91499,47.02582],[-122.91456,47.02579],[-122.91413,47.02572],[-122.91375,47.02563],[-122.91335,47.02554],[-122.91287,47.02539],[-122.91246,47.02523],[-122.91205,47.02504],[-122.91169,47.02484],[-122.9113,47.02459],[-122.91099,47.02436],[-122.91069,47.02409],[-122.91041,47.0238],[-122.91017,47.02354],[-122.90998,47.02328],[-122.90968,47.02276],[-122.90957,47.02259],[-122.90946,47.02243],[-122.90933,47.02227],[-122.90921,47.02218],[-122.90903,47.02205],[-122.90881,47.02193],[-122.9086,47.02185],[-122.90838,47.02179],[-122.90823,47.02175],[-122.90803,47.02172],[-122.90782,47.0217],[-122.90759,47.0217],[-122.9074,47.02171],[-122.90714,47.02175]]}},{"type":"Feature","properties":{"Route":"518","RouteIdentifier":"518d","Direction":"Westbound","BeginMile":1.46,"EndMile":3.42},"geometry":{"type":"LineString","coordinates":[[-122.30245,47.46651],[-122.30163,47.46617],[-122.30081,47.46583],[-122.29998,47.46546],[-122.29928,47.46514],[-122.29859,47.46481],[-122.29836,47.46471],[-122.29791,47.4645],[-122.29753,47.46433],[-122.29709,47.46418],[-122.29664,47.46403],[-122.29622,47.46393],[-122.29575,47.46383],[-122.29532,47.46376],[-122.29499,47.46372],[-122.29473,47.46369],[-122.29435,47.46366],[-122.2939,47.46365],[-122.29345,47.46364],[-122.29277,47.46364],[-122.29089,47.46363],[-122.29033,47.46361],[-122.28978,47.46357],[-122.28927,47.46352],[-122.28865,47.46342],[-122.28804,47.46332],[-122.28669,47.46308],[-122.2861,47.463],[-122.28556,47.46295],[-122.28497,47.46296],[-122.28443,47.463],[-122.28405,47.46305],[-122.28359,47.46314],[-122.28331,47.46321],[-122.28302,47.46331],[-122.28277,47.46339],[-122.28237,47.46356],[-122.28202,47.46375],[-122.28166,47.46396],[-122.28149,47.46407],[-122.28089,47.46446],[-122.28029,47.46486],[-122.27989,47.46509],[-122.27949,47.46528],[-122.27903,47.46546],[-122.27874,47.46555],[-122.27853,47.46562],[-122.27814,47.4657],[-122.27772,47.46578],[-122.27728,47.46583],[-122.27685,47.46585],[-122.27636,47.46585],[-122.27589,47.46581],[-122.27546,47.46575],[-122.27506,47.46568],[-122.27467,47.46558],[-122.27427,47.46546],[-122.27393,47.46533],[-122.27366,47.46521],[-122.27333,47.46505],[-122.27295,47.46484],[-122.27258,47.46466],[-122.2706,47.46359],[-122.27018,47.46338],[-122.26974,47.46315],[-122.26929,47.46297],[-122.26883,47.46283],[-122.26836,47.46272],[-122.26787,47.46265],[-122.26744,47.46262],[-122.26705,47.46261],[-122.26667,47.46263],[-122.26641,47.46265],[-122.26616,47.46268]]}},{"type":"Feature","properties":{"Route":"090","RouteIdentifier":"090i","Direction":"Eastbound","BeginMile":273.71,"EndMile":295.21},"geometry":{"type":"LineString","coordinates":[[-117.50778,47.61692],[-117.50763,47.61701],[-117.50471,47.61873],[-117.50276,47.61989],[-117.49993,47.62158],[-117.49707,47.62329],[-117.49581,47.62403],[-117.48869,47.62825],[-117.48756,47.62893],[-117.48357,47.63131],[-117.48313,47.63157],[-117.48004,47.63341],[-117.47983,47.63354],[-117.47951,47.63373],[-117.4777,47.63476],[-117.4774,47.63492],[-117.47702,47.63513],[-117.47565,47.63584],[-117.47377,47.63669],[-117.4721,47.63744],[-117.46851,47.63903],[-117.45527,47.64483],[-117.45407,47.64535],[-117.45386,47.64544],[-117.45284,47.64588],[-117.45273,47.64593],[-117.45183,47.64632],[-117.45143,47.64649],[-117.45124,47.64658],[-117.4489,47.64762],[-117.44818,47.64794],[-117.44767,47.64816],[-117.44718,47.64837],[-117.44682,47.64852],[-117.4465,47.64865],[-117.44609,47.64884],[-117.44559,47.64902],[-117.44467,47.64935],[-117.44385,47.64962],[-117.44326,47.64979],[-117.4429,47.64989],[-117.44253,47.64999],[-117.44217,47.65008],[-117.4415,47.65024],[-117.44031,47.6505],[-117.43818,47.65096],[-117.43634,47.65134],[-117.43588,47.65142],[-117.43089,47.65227],[-117.43028,47.65237],[-117.42991,47.65243],[-117.42924,47.65252],[-117.42891,47.65256],[-117.42856,47.65257],[-117.42783,47.65257],[-117.42681,47.65258],[-117.42418,47.6526],[-117.42225,47.65262],[-117.41583,47.65266],[-117.41454,47.65267],[-117.41338,47.65265],[-117.41189,47.6526],[-117.411,47.65255],[-117.40621,47.65226],[-117.40312,47.65207],[-117.40296,47.65206],[-117.40243,47.65205],[-117.40156,47.65203],[-117.40068,47.65203],[-117.39981,47.65203],[-117.39784,47.65206],[-117.3964,47.65208],[-117.39524,47.65212],[-117.3949,47.65214],[-117.39449,47.65219],[-117.39429,47.65222],[-117.39404,47.65225],[-117.39363,47.65232],[-117.39319,47.65243],[-117.39279,47.65253],[-117.39235,47.65266],[-117.39173,47.65288],[-117.39164,47.65291],[-117.39047,47.65332],[-117.39005,47.65346],[-117.38963,47.65358],[-117.38931,47.65365],[-117.38914,47.65369],[-117.38894,47.65373],[-117.38871,47.65376],[-117.38826,47.6538],[-117.38789,47.65382],[-117.38739,47.65383],[-117.38709,47.65383],[-117.3864,47.65384],[-117.38443,47.65385],[-117.38291,47.65385],[-117.38191,47.65385],[-117.37534,47.65389],[-117.37507,47.65389],[-117.3697,47.65391],[-117.3682,47.65392],[-117.36669,47.65391],[-117.36038,47.65386],[-117.35767,47.65385],[-117.35092,47.65383],[-117.34712,47.65382],[-117.34685,47.65382],[-117.34181,47.6538],[-117.34164,47.6538],[-117.33025,47.65371],[-117.32927,47.65371],[-117.32874,47.65373],[-117.32825,47.65377],[-117.32786,47.65383],[-117.3275,47.65389],[-117.32723,47.65393],[-117.3269,47.65401],[-117.32657,47.65408],[-117.32628,47.65416],[-117.32606,47.65422],[-117.32584,47.65428],[-117.3256,47.65435],[-117.32527,47.65446],[-117.32504,47.65455],[-117.32469,47.65469],[-117.32425,47.65492],[-117.32395,47.65508],[-117.32363,47.65527],[-117.32342,47.6554],[-117.32316,47.65559],[-117.32288,47.65583],[-117.3225,47.65618],[-117.32196,47.65673],[-117.32149,47.65724],[-117.32009,47.65875],[-117.31994,47.6589],[-117.31953,47.65933],[-117.31908,47.65978],[-117.31861,47.66019],[-117.31824,47.66049],[-117.31778,47.66086],[-117.31734,47.66118],[-117.3169,47.66149],[-117.31654,47.66173],[-117.31605,47.66206],[-117.31552,47.66239],[-117.31506,47.66266],[-117.3145,47.66296],[-117.31401,47.66321],[-117.31359,47.6634],[-117.31282,47.66377],[-117.30614,47.66654],[-117.30408,47.66741],[-117.2963,47.67069],[-117.29525,47.67113],[-117.29452,47.67144],[-117.29371,47.67174],[-117.29308,47.67193],[-117.29246,47.67211],[-117.29184,47.67225],[-117.29135,47.67234],[-117.29047,47.67249],[-117.28281,47.67355],[-117.28182,47.6737],[-117.27677,47.67442],[-117.2756,47.67458],[-117.27406,47.67477],[-117.27335,47.67485],[-117.27254,47.67492],[-117.27165,47.67499],[-117.27072,47.67505],[-117.26964,47.6751],[-117.26839,47.67514],[-117.26707,47.67516],[-117.26574,47.67515],[-117.2648,47.67514],[-117.26376,47.6751],[-117.26258,47.67504],[-117.26132,47.67495],[-117.26029,47.67487],[-117.25916,47.67475],[-117.25801,47.67462],[-117.25734,47.67454],[-117.2564,47.67443],[-117.25577,47.67434],[-117.2547,47.67422],[-117.25374,47.67412],[-117.25291,47.67405],[-117.25212,47.674],[-117.25125,47.67395],[-117.2503,47.67392],[-117.24948,47.67389],[-117.24855,47.67387],[-117.24766,47.67386],[-117.24684,47.67387],[-117.24596,47.67389],[-117.24487,47.67391],[-117.23969,47.67399],[-117.23951,47.67399],[-117.23345,47.67409],[-117.22597,47.6742],[-117.22524,47.6742],[-117.22456,47.67419],[-117.22359,47.67416],[-117.22277,47.67411],[-117.22215,47.67406],[-117.22158,47.674],[-117.22096,47.67393],[-117.22026,47.67383],[-117.21963,47.67373],[-117.21902,47.67362],[-117.21846,47.6735],[-117.21476,47.67276],[-117.20962,47.67172],[-117.20742,47.67129],[-117.19668,47.66912],[-117.19164,47.66813],[-117.18221,47.66622],[-117.18149,47.66608],[-117.18088,47.66597],[-117.18033,47.66589],[-117.17944,47.66577],[-117.17877,47.66569],[-117.17822,47.66564],[-117.17741,47.66558],[-117.17659,47.66554],[-117.17589,47.66551],[-117.1751,47.66551],[-117.1618,47.66552],[-117.15374,47.66552],[-117.1433,47.66551],[-117.13294,47.66551],[-117.13216,47.66552],[-117.1316,47.66553],[-117.13099,47.66557],[-117.13045,47.66563],[-117.12994,47.6657],[-117.12938,47.66579],[-117.12889,47.66589],[-117.12609,47.66649],[-117.11635,47.66862],[-117.11556,47.66882],[-117.11482,47.66903],[-117.11413,47.66926],[-117.11341,47.66953],[-117.11265,47.66986],[-117.11197,47.67019],[-117.11125,47.67058],[-117.11067,47.67093],[-117.11008,47.67135],[-117.10962,47.67168],[-117.1089,47.67228],[-117.10861,47.67254],[-117.10817,47.67298],[-117.1071,47.67416],[-117.10583,47.67555],[-117.10546,47.67595],[-117.10507,47.67635],[-117.1047,47.67667],[-117.10429,47.677],[-117.1038,47.67734],[-117.10332,47.67765],[-117.10287,47.67789],[-117.10245,47.67811],[-117.1019,47.67836],[-117.10124,47.67862],[-117.10066,47.67881],[-117.10007,47.67899],[-117.09939,47.67916],[-117.09861,47.67931],[-117.09775,47.67944],[-117.09254,47.68014],[-117.09168,47.68026],[-117.09081,47.68039],[-117.08991,47.68056],[-117.08908,47.68073],[-117.08808,47.68097],[-117.08728,47.68119],[-117.08648,47.68143],[-117.08567,47.6817],[-117.08535,47.68182]]}},{"type":"Feature","properties":{"Route":"520","RouteIdentifier":"520i","Direction":"Eastbound","BeginMile":0.0,"EndMile":9.09},"geometry":{"type":"LineString","coordinates":[[-122.32242,47.64044],[-122.32242,47.64058],[-122.32241,47.64076],[-122.32238,47.64093],[-122.32234,47.64111],[-122.32227,47.6413],[-122.32216,47.64147],[-122.32203,47.64163],[-122.32184,47.6418],[-122.32165,47.64194],[-122.32147,47.64204],[-122.3213,47.64212],[-122.32104,47.64222],[-122.32074,47.64229],[-122.32038,47.64237],[-122.32008,47.64243],[-122.31955,47.64251],[-122.31907,47.64258],[-122.31871,47.64262],[-122.31817,47.64269],[-122.31757,47.64276],[-122.31716,47.64281],[-122.31641,47.64289],[-122.31586,47.64294],[-122.31523,47.64301],[-122.31474,47.64304],[-122.31417,47.64307],[-122.31365,47.64308],[-122.31086,47.64313],[-122.31024,47.64315],[-122.30959,47.64321],[-122.30902,47.64329],[-122.30869,47.64336],[-122.30848,47.64341],[-122.30638,47.64385],[-122.30614,47.64391],[-122.30502,47.64415],[-122.30465,47.64422],[-122.30435,47.64427],[-122.30404,47.64431],[-122.30362,47.64435],[-122.30322,47.64438],[-122.30273,47.64439],[-122.30205,47.64438],[-122.3016,47.64437],[-122.30117,47.64438],[-122.30077,47.6444],[-122.30022,47.64448],[-122.29906,47.64467],[-122.29879,47.64472],[-122.29842,47.64479],[-122.29756,47.64493],[-122.29709,47.64501],[-122.29654,47.64507],[-122.29625,47.6451],[-122.29564,47.64514],[-122.29489,47.64515],[-122.29321,47.64506],[-122.29184,47.645],[-122.29108,47.64495],[-122.28972,47.64486],[-122.28815,47.64475],[-122.28185,47.64433],[-122.28123,47.64429],[-122.28063,47.64422],[-122.28004,47.64412],[-122.27938,47.644],[-122.27805,47.64375],[-122.27408,47.64304],[-122.2664,47.64189],[-122.25931,47.64078],[-122.25384,47.63995],[-122.24704,47.63885],[-122.24385,47.63835],[-122.24311,47.63822],[-122.24239,47.63808],[-122.24129,47.63784],[-122.2407,47.6377],[-122.24004,47.63755],[-122.23912,47.63731],[-122.23727,47.63686],[-122.23681,47.63677],[-122.23638,47.6367],[-122.23598,47.63663],[-122.23447,47.63643],[-122.23389,47.63634],[-122.23296,47.63621],[-122.23192,47.63606],[-122.23162,47.63602],[-122.23113,47.63595],[-122.23064,47.63588],[-122.23025,47.63583],[-122.22984,47.63579],[-122.22946,47.63577],[-122.22907,47.63576],[-122.22873,47.63576],[-122.22832,47.63577],[-122.22739,47.63587],[-122.2265,47.63601],[-122.22627,47.63606],[-122.22595,47.63614],[-122.22565,47.63622],[-122.22514,47.63638],[-122.22479,47.63651],[-122.22442,47.63666],[-122.22406,47.63683],[-122.22364,47.63705],[-122.22331,47.63725],[-122.22292,47.63749],[-122.22269,47.63766],[-122.22243,47.63784],[-122.22208,47.63809],[-122.22147,47.63852],[-122.22138,47.63858],[-122.22111,47.63876],[-122.22087,47.63892],[-122.22052,47.63911],[-122.22026,47.63924],[-122.21993,47.6394],[-122.2196,47.63955],[-122.21928,47.63967],[-122.21895,47.63979],[-122.21865,47.63989],[-122.21837,47.63998],[-122.21796,47.64011],[-122.21632,47.64062],[-122.21371,47.64156],[-122.2116,47.64219],[-122.21072,47.64246],[-122.21022,47.64261],[-122.2093,47.64281],[-122.20878,47.64287],[-122.20812,47.64293],[-122.20744,47.64293],[-122.20679,47.6429],[-122.20619,47.64286],[-122.20542,47.64278],[-122.2049,47.64272],[-122.20343,47.64252],[-122.20263,47.64238],[-122.20146,47.64213],[-122.20085,47.64194],[-122.20015,47.64171],[-122.19942,47.64143],[-122.19888,47.6412],[-122.19838,47.64096],[-122.1978,47.64063],[-122.19724,47.64027],[-122.19666,47.63984],[-122.19594,47.63926],[-122.19482,47.6384],[-122.19394,47.63769],[-122.19381,47.63757],[-122.19347,47.6373],[-122.19312,47.637],[-122.19287,47.63677],[-122.19266,47.63657],[-122.19242,47.63631],[-122.19219,47.63605],[-122.192,47.6358],[-122.19175,47.63547],[-122.19155,47.63514],[-122.19119,47.63459],[-122.19097,47.63425],[-122.19076,47.63397],[-122.19057,47.63375],[-122.19037,47.63356],[-122.19023,47.63344],[-122.18994,47.63322],[-122.18965,47.63301],[-122.1894,47.63285],[-122.18913,47.63272],[-122.18895,47.63263],[-122.18872,47.63252],[-122.18816,47.6323],[-122.18775,47.63217],[-122.18713,47.63204],[-122.18682,47.63199],[-122.18647,47.63194],[-122.18598,47.6319],[-122.18574,47.63189],[-122.18531,47.63189],[-122.18475,47.6319],[-122.1839,47.63192],[-122.183,47.63195],[-122.18233,47.63197],[-122.18186,47.63196],[-122.18138,47.63193],[-122.18103,47.63191],[-122.18058,47.63187],[-122.18008,47.63181],[-122.17984,47.63177],[-122.17922,47.63166],[-122.17892,47.6316],[-122.17829,47.63146],[-122.17763,47.63128],[-122.17569,47.63072],[-122.17494,47.63051],[-122.17329,47.63005],[-122.17279,47.62992],[-122.17225,47.62981],[-122.17175,47.62973],[-122.17122,47.62968],[-122.17066,47.62967],[-122.17028,47.62968],[-122.16985,47.6297],[-122.16796,47.62985],[-122.16754,47.62988],[-122.16668,47.62994],[-122.16572,47.63001],[-122.16524,47.63006],[-122.1647,47.63008],[-122.16424,47.63009],[-122.16375,47.63007],[-122.1633,47.63004],[-122.1628,47.62999],[-122.1581,47.62951],[-122.15749,47.62945],[-122.15694,47.62942],[-122.15638,47.62941],[-122.15576,47.62941],[-122.15523,47.62944],[-122.15464,47.62947],[-122.15413,47.62952],[-122.15373,47.62957],[-122.1533,47.62964],[-122.15266,47.62976],[-122.15214,47.62987],[-122.15155,47.63002],[-122.15111,47.63014],[-122.15066,47.63029],[-122.15029,47.63043],[-122.1498,47.63062],[-122.1494,47.63079],[-122.14893,47.63101],[-122.14853,47.63123],[-122.14751,47.63181],[-122.14572,47.63283],[-122.14432,47.63363]]}},{"type":"Feature","properties":{"Route":"405","RouteIdentifier":"405i","Direction":"Northbound","BeginMile":7.39,"EndMile":10.19},"geometry":{"type":"LineString","coordinates":[[-122.19763,47.53158],[-122.1976,47.53171],[-122.19751,47.53198],[-122.19738,47.53227],[-122.1972,47.53261],[-122.19692,47.53307],[-122.19574,47.53497],[-122.19513,47.53596],[-122.19494,47.53627],[-122.19481,47.53655],[-122.1947,47.53682],[-122.1946,47.53709],[-122.19454,47.53737],[-122.19449,47.53764],[-122.19446,47.53791],[-122.19445,47.53814],[-122.19446,47.53843],[-122.19449,47.53872],[-122.19456,47.53902],[-122.19464,47.53931],[-122.19514,47.54073],[-122.19522,47.541],[-122.19531,47.5413],[-122.19536,47.54155],[-122.19541,47.54181],[-122.19543,47.54207],[-122.19545,47.54231],[-122.19544,47.54397],[-122.1954,47.54569],[-122.1954,47.54645],[-122.19538,47.5469],[-122.19535,47.54734],[-122.19528,47.54815],[-122.19515,47.54904],[-122.1951,47.54944],[-122.19501,47.54985],[-122.19487,47.55023],[-122.19469,47.55062],[-122.19448,47.55097],[-122.19421,47.55138],[-122.19393,47.55176],[-122.19357,47.55221],[-122.19304,47.55285],[-122.19266,47.55329],[-122.192,47.55415],[-122.19156,47.55473],[-122.1911,47.55537],[-122.19,47.55692],[-122.18863,47.55881],[-122.18807,47.55958],[-122.18784,47.55996],[-122.18762,47.56035],[-122.18739,47.56084],[-122.18728,47.56109],[-122.18721,47.56129],[-122.1871,47.56161],[-122.18693,47.56215],[-122.18683,47.56257],[-122.18671,47.56314],[-122.18662,47.56343],[-122.18652,47.56371],[-122.18643,47.5639],[-122.18628,47.56416],[-122.18608,47.56442],[-122.18578,47.56474],[-122.1855,47.565],[-122.18515,47.56524],[-122.1848,47.56545],[-122.18446,47.56562],[-122.18411,47.56577],[-122.18392,47.56584],[-122.18334,47.56603],[-122.18292,47.56615],[-122.18248,47.56629],[-122.18203,47.56644],[-122.18161,47.56659],[-122.18122,47.56676],[-122.18083,47.56696],[-122.1805,47.56715],[-122.18018,47.56736],[-122.17995,47.56752],[-122.17977,47.56766],[-122.17962,47.5678],[-122.17943,47.56799]]}},{"type":"Feature","properties":{"Route":"599","RouteIdentifier":"599d","Direction":"Southbound","BeginMile":0.0,"EndMile":0.33},"geometry":{"type":"LineString","coordinates":[[-122.27186,47.48222],[-122.27189,47.48236],[-122.27192,47.48248],[-122.27195,47.48258],[-122.27201,47.48274],[-122.27209,47.48289],[-122.27216,47.48301],[-122.27221,47.48308],[-122.27228,47.48318],[-122.27242,47.48335],[-122.27259,47.48352],[-122.27276,47.48367],[-122.27299,47.48383],[-122.27346,47.48415],[-122.27396,47.48449],[-122.27453,47.48487],[-122.2748,47.48502],[-122.27557,47.48554]]}},{"type":"Feature","properties":{"Route":"005","RouteIdentifier":"005d","Direction":"Southbound","BeginMile":0.0,"EndMile":0.34},"geometry":{"type":"LineString","coordinates":[[-122.67535,45.6182],[-122.67328,45.62164],[-122.6731,45.62192],[-122.67296,45.62209],[-122.67281,45.62226],[-122.67265,45.62242],[-122.67245,45.6226]]}},{"type":"Feature","properties":{"Route":"090","RouteIdentifier":"090d","Direction":"Westbound","BeginMile":3.72,"EndMile":6.64},"geometry":{"type":"LineString","coordinates":[[-122.25768,47.58972],[-122.25432,47.58964],[-122.25387,47.58964],[-122.25348,47.58964],[-122.25309,47.58966],[-122.25282,47.58969],[-122.25267,47.58971],[-122.25227,47.58976],[-122.25191,47.58984],[-122.25154,47.58993],[-122.2512,47.59003],[-122.25084,47.59014],[-122.2505,47.59028],[-122.25018,47.59043],[-122.24908,47.59102],[-122.24872,47.59123],[-122.24834,47.59142],[-122.24796,47.59159],[-122.2476,47.59173],[-122.24713,47.59189],[-122.24668,47.59201],[-122.24633,47.59209],[-122.24591,47.59217],[-122.24551,47.59222],[-122.24502,47.59227],[-122.24454,47.59228],[-122.24412,47.59228],[-122.24364,47.59226],[-122.24313,47.59221],[-122.24274,47.59216],[-122.24231,47.59208],[-122.24188,47.59197],[-122.2415,47.59187],[-122.2411,47.59174],[-122.24072,47.59158],[-122.24036,47.59145],[-122.23963,47.59108],[-122.23835,47.59044],[-122.23774,47.59017],[-122.23733,47.58999],[-122.23718,47.58993],[-122.23657,47.58968],[-122.23598,47.58947],[-122.23527,47.58922],[-122.23448,47.58895],[-122.2317,47.588],[-122.23126,47.58784],[-122.23086,47.58768],[-122.23025,47.58742],[-122.22977,47.58719],[-122.22941,47.58701],[-122.22774,47.58615],[-122.22662,47.58558],[-122.22624,47.58538],[-122.22536,47.58496],[-122.22457,47.58463],[-122.22012,47.5827],[-122.21956,47.58246],[-122.21922,47.58229],[-122.21863,47.58196],[-122.21677,47.58066],[-122.21646,47.58046],[-122.21614,47.58027],[-122.21574,47.58006],[-122.21562,47.58],[-122.21537,47.57988],[-122.21499,47.57971],[-122.21468,47.57959],[-122.21436,47.57947],[-122.21402,47.57937],[-122.21364,47.57927],[-122.21327,47.57917],[-122.21285,47.57909],[-122.21253,47.57903],[-122.21192,47.57894],[-122.21134,47.57884],[-122.21069,47.57875],[-122.20997,47.57865],[-122.20733,47.57829],[-122.20692,47.57824],[-122.2065,47.5782],[-122.20603,47.57816],[-122.20554,47.57815],[-122.20516,47.57815],[-122.20489,47.57817],[-122.20467,47.57818],[-122.20433,47.5782],[-122.20379,47.57825],[-122.20324,47.57834],[-122.20275,47.57844],[-122.20253,47.57849]]}},{"type":"Feature","properties":{"Route":"090","RouteIdentifier":"090d","Direction":"Westbound","BeginMile":6.9,"EndMile":10.06},"geometry":{"type":"LineString","coordinates":[[-122.19708,47.57988],[-122.19669,47.57997],[-122.19647,47.58001],[-122.19614,47.58007],[-122.19573,47.58014],[-122.19518,47.58018],[-122.19474,47.58019],[-122.19429,47.58017],[-122.19375,47.58014],[-122.19353,47.58011],[-122.19336,47.58008],[-122.19281,47.57999],[-122.19232,47.5799],[-122.19185,47.5798],[-122.19143,47.57972],[-122.19093,47.57962],[-122.19047,47.57955],[-122.1903,47.57954],[-122.19018,47.57953],[-122.19018,47.57953],[-122.19005,47.57952],[-122.18948,47.57947],[-122.18919,47.57946],[-122.18838,47.57949],[-122.1819,47.58001],[-122.18077,47.58011],[-122.1789,47.58026],[-122.17802,47.58033],[-122.17745,47.58038],[-122.1769,47.58042],[-122.17634,47.58047],[-122.17576,47.5805],[-122.17501,47.58053],[-122.17466,47.58054],[-122.17435,47.58054],[-122.17393,47.58055],[-122.17332,47.58056],[-122.17268,47.58056],[-122.17087,47.58053],[-122.16925,47.58047],[-122.16843,47.58044],[-122.16738,47.58039],[-122.16582,47.58034],[-122.16383,47.58027],[-122.16315,47.58024],[-122.15238,47.57972],[-122.15108,47.57966],[-122.14457,47.57931],[-122.14313,47.57925],[-122.14192,47.5792],[-122.14025,47.57914],[-122.13998,47.57912],[-122.13658,47.57894],[-122.13584,47.5789],[-122.13543,47.57886],[-122.13497,47.57881],[-122.13437,47.57875],[-122.13377,47.57865],[-122.13325,47.57856],[-122.13267,47.57843],[-122.13213,47.5783],[-122.13152,47.57813],[-122.13092,47.57794],[-122.13061,47.57783]]}},{"type":"Feature","properties":{"Route":"526","RouteIdentifier":"526d","Direction":"Westbound","BeginMile":1.84,"EndMile":4.43},"geometry":{"type":"LineString","coordinates":[[-122.26349,47.92228],[-122.26329,47.92228],[-122.2628,47.9223],[-122.26247,47.92232],[-122.26205,47.92236],[-122.26162,47.9224],[-122.26117,47.92246],[-122.26088,47.92251],[-122.26052,47.92257],[-122.25886,47.92282],[-122.25824,47.92291],[-122.25752,47.92298],[-122.25692,47.92302],[-122.25508,47.92312],[-122.25332,47.92322],[-122.25214,47.92329],[-122.25167,47.92331],[-122.24827,47.9235],[-122.24732,47.92355],[-122.24638,47.92357],[-122.24473,47.92358],[-122.24292,47.92357],[-122.24078,47.92355],[-122.24012,47.92355],[-122.23715,47.92352],[-122.23552,47.92351],[-122.23483,47.9235],[-122.23426,47.92349],[-122.23366,47.92347],[-122.23305,47.92345],[-122.23213,47.92342],[-122.23098,47.92337],[-122.23019,47.92332],[-122.2293,47.92328],[-122.2285,47.92322],[-122.22698,47.92311],[-122.22612,47.92304],[-122.22462,47.92293],[-122.22296,47.92279],[-122.2228,47.92278],[-122.22186,47.9227],[-122.21607,47.92222],[-122.21476,47.92211],[-122.21427,47.92205],[-122.2138,47.92198],[-122.2136,47.92194],[-122.21335,47.92189],[-122.21298,47.92181],[-122.21283,47.92177],[-122.21269,47.92174],[-122.21235,47.92165],[-122.21204,47.92155],[-122.21163,47.92141],[-122.21117,47.92124],[-122.21068,47.92103],[-122.21025,47.92082],[-122.20985,47.92061],[-122.20953,47.92042],[-122.20889,47.91998],[-122.20875,47.91988]]}},{"type":"Feature","properties":{"Route":"205","RouteIdentifier":"205i","Direction":"Northbound","Comment":"(Bikes Must Use Bike Path)","BeginMile":0.0,"EndMile":0.53},"geometry":{"type":"LineString","coordinates":[[-122.54997,45.59693],[-122.55033,45.5981],[-122.55046,45.59859],[-122.55059,45.59917],[-122.55071,45.5997],[-122.55099,45.60127],[-122.55106,45.60164],[-122.55121,45.60267],[-122.55148,45.60433],[-122.55155,45.60475]]}},{"type":"Feature","properties":{"Route":"405","RouteIdentifier":"405d","Direction":"Southbound","BeginMile":7.39,"EndMile":10.19},"geometry":{"type":"LineString","coordinates":[[-122.19789,47.53153],[-122.19785,47.53171],[-122.19776,47.53197],[-122.19766,47.53222],[-122.19744,47.53264],[-122.19719,47.53308],[-122.19583,47.53525],[-122.19538,47.53601],[-122.19524,47.53626],[-122.1951,47.53652],[-122.19498,47.5368],[-122.19489,47.53708],[-122.1948,47.53736],[-122.19475,47.53764],[-122.19472,47.53789],[-122.19471,47.53815],[-122.19472,47.53844],[-122.19477,47.53877],[-122.19483,47.53905],[-122.1949,47.53929],[-122.19537,47.54065],[-122.19548,47.54098],[-122.19556,47.54128],[-122.19562,47.54156],[-122.19566,47.5418],[-122.19569,47.54205],[-122.19571,47.5423],[-122.1957,47.544],[-122.19567,47.54567],[-122.19565,47.54646],[-122.19563,47.54694],[-122.19561,47.54735],[-122.19553,47.54819],[-122.19543,47.54902],[-122.19537,47.54945],[-122.19527,47.54989],[-122.19511,47.55029],[-122.19495,47.55065],[-122.19471,47.55107],[-122.19449,47.55143],[-122.19416,47.55185],[-122.19381,47.55227],[-122.19325,47.55292],[-122.19289,47.55337],[-122.19228,47.55415],[-122.1918,47.5548],[-122.19135,47.55545],[-122.19027,47.55701],[-122.1884,47.55965],[-122.18816,47.55998],[-122.18787,47.56044],[-122.18764,47.56091],[-122.18747,47.56127],[-122.18735,47.56161],[-122.18725,47.56193],[-122.18718,47.56226],[-122.18713,47.56257],[-122.18706,47.56307],[-122.18702,47.56334],[-122.18694,47.56364],[-122.18683,47.56391],[-122.18668,47.56419],[-122.18648,47.56447],[-122.18623,47.56477],[-122.18595,47.56502],[-122.1856,47.5653],[-122.18542,47.56543],[-122.18524,47.56553],[-122.18506,47.56563],[-122.18471,47.5658],[-122.18426,47.56597],[-122.18388,47.56611],[-122.18352,47.56622],[-122.18312,47.56634],[-122.18259,47.5665],[-122.18221,47.56664],[-122.18183,47.56677],[-122.18149,47.56692],[-122.18113,47.5671],[-122.18083,47.56727],[-122.18051,47.56748],[-122.18032,47.56762],[-122.18015,47.56775],[-122.17998,47.5679],[-122.17983,47.56803],[-122.17967,47.56818]]}},{"type":"Feature","properties":{"Route":"195","RouteIdentifier":"195d","Direction":"Southbound","BeginMile":91.68,"EndMile":93.37},"geometry":{"type":"LineString","coordinates":[[-117.43931,47.62386],[-117.43951,47.62406],[-117.43994,47.62454],[-117.4403,47.62502],[-117.4406,47.62548],[-117.44089,47.62593],[-117.44223,47.62813],[-117.44319,47.62969],[-117.44482,47.63236],[-117.44491,47.6325],[-117.44499,47.63263],[-117.44532,47.63317],[-117.4457,47.63383],[-117.44601,47.63445],[-117.44627,47.63504],[-117.44659,47.63578],[-117.4469,47.63656],[-117.44693,47.63664],[-117.44866,47.64101],[-117.44993,47.64421],[-117.45009,47.64466],[-117.45036,47.64529],[-117.45045,47.64547],[-117.45057,47.64566],[-117.45066,47.64577],[-117.45074,47.64586],[-117.45083,47.64596],[-117.45098,47.64612],[-117.45126,47.64635],[-117.4518,47.64681]]}},{"type":"Feature","properties":{"Route":"007","RouteIdentifier":"007i","Direction":"Northbound","BeginMile":57.01,"EndMile":58.26},"geometry":{"type":"MultiLineString","coordinates":[[[-122.43405,47.22309],[-122.43138,47.22311],[-122.43041,47.22311],[-122.42998,47.22311],[-122.42987,47.22307],[-122.42716,47.22308],[-122.42613,47.22308],[-122.42508,47.22308]],[[-122.42562,47.22312],[-122.42598,47.22363],[-122.42622,47.22394],[-122.4264,47.22421],[-122.42652,47.22448],[-122.4266,47.2248],[-122.42659,47.22512],[-122.42647,47.22555],[-122.42629,47.22596],[-122.42622,47.22622],[-122.42619,47.22639],[-122.42619,47.22662],[-122.42625,47.22689],[-122.42637,47.22714],[-122.42653,47.2274],[-122.42674,47.22762],[-122.42704,47.22787],[-122.42746,47.22817],[-122.42781,47.22844],[-122.42803,47.22866],[-122.42815,47.22879],[-122.42827,47.22898],[-122.42837,47.22917],[-122.42847,47.22943],[-122.42857,47.22975],[-122.42861,47.22986],[-122.42867,47.23001],[-122.42874,47.23016],[-122.42888,47.23043],[-122.42904,47.2307],[-122.42914,47.23082],[-122.42922,47.23092],[-122.42933,47.23102],[-122.42946,47.23112],[-122.42962,47.23123],[-122.42977,47.23133],[-122.42999,47.23145],[-122.43121,47.23204],[-122.43149,47.23218],[-122.43167,47.2323],[-122.43187,47.23247],[-122.43198,47.2326],[-122.43205,47.23273],[-122.43208,47.23282],[-122.43209,47.2329],[-122.4321,47.23307],[-122.43211,47.23316],[-122.43211,47.23332]]]}},{"type":"Feature","properties":{"Route":"520","RouteIdentifier":"520d","Direction":"Westbound","BeginMile":0.0,"EndMile":9.09},"geometry":{"type":"LineString","coordinates":[[-122.32308,47.64141],[-122.32306,47.64151],[-122.32304,47.64158],[-122.32301,47.64166],[-122.32296,47.64176],[-122.3229,47.64185],[-122.32278,47.64197],[-122.32263,47.64209],[-122.32251,47.64216],[-122.32241,47.64221],[-122.32232,47.64225],[-122.3222,47.6423],[-122.32204,47.64235],[-122.32168,47.64242],[-122.32125,47.64246],[-122.32066,47.64252],[-122.32009,47.6426],[-122.31829,47.64278],[-122.3176,47.64285],[-122.31643,47.64297],[-122.31587,47.64303],[-122.31529,47.64308],[-122.31475,47.64312],[-122.31415,47.64314],[-122.3136,47.64316],[-122.31086,47.6432],[-122.31028,47.64323],[-122.3096,47.64329],[-122.3091,47.64336],[-122.30876,47.64343],[-122.30643,47.64394],[-122.30502,47.64425],[-122.30471,47.64432],[-122.3044,47.64437],[-122.30401,47.64442],[-122.3036,47.64446],[-122.30318,47.64452],[-122.3025,47.64462],[-122.30201,47.6447],[-122.30128,47.64478],[-122.30026,47.64493],[-122.29927,47.64509],[-122.29863,47.64518],[-122.29817,47.64525],[-122.29724,47.64534],[-122.29652,47.64538],[-122.29551,47.64537],[-122.29456,47.64536],[-122.29363,47.64533],[-122.29277,47.64527],[-122.2917,47.64519],[-122.29098,47.64515],[-122.28991,47.64508],[-122.28955,47.64506],[-122.28859,47.64499],[-122.28281,47.64466],[-122.28189,47.64459],[-122.28121,47.64453],[-122.28041,47.64443],[-122.27945,47.64428],[-122.27829,47.64406],[-122.27403,47.6432],[-122.27164,47.64281],[-122.26792,47.64224],[-122.25882,47.64084],[-122.2489,47.63931],[-122.24698,47.63903],[-122.24378,47.63854],[-122.24305,47.63843],[-122.24205,47.63825],[-122.2406,47.63798],[-122.23897,47.63764],[-122.2371,47.63726],[-122.23598,47.63705],[-122.23375,47.63663],[-122.23318,47.63653],[-122.23255,47.63642],[-122.23161,47.63627],[-122.23081,47.63616],[-122.23018,47.63608],[-122.22978,47.63604],[-122.22943,47.63602],[-122.22908,47.63601],[-122.22873,47.63601],[-122.22835,47.63602],[-122.22739,47.63613],[-122.22662,47.63625],[-122.2264,47.63629],[-122.22608,47.63637],[-122.22579,47.63645],[-122.22533,47.63659],[-122.22503,47.6367],[-122.22463,47.63686],[-122.22398,47.63718],[-122.22358,47.63741],[-122.22319,47.63766],[-122.22297,47.63783],[-122.22265,47.63805],[-122.22237,47.63826],[-122.22176,47.6387],[-122.22143,47.63893],[-122.22116,47.63912],[-122.22085,47.63931],[-122.22054,47.63949],[-122.22022,47.63966],[-122.21991,47.63981],[-122.21954,47.63997],[-122.21923,47.6401],[-122.21893,47.64022],[-122.2186,47.64034],[-122.2183,47.64043],[-122.21798,47.64054],[-122.21632,47.64106],[-122.2142,47.64172],[-122.21345,47.64195],[-122.21237,47.64228],[-122.21192,47.64242],[-122.21168,47.64248],[-122.21113,47.64264],[-122.21069,47.64278],[-122.2103,47.64288],[-122.20991,47.64296],[-122.20945,47.64303],[-122.20869,47.64314],[-122.20845,47.64316],[-122.20815,47.64318],[-122.2076,47.64319],[-122.20712,47.64319],[-122.20654,47.64316],[-122.20545,47.64303],[-122.20383,47.64283],[-122.2032,47.64276],[-122.20201,47.64257],[-122.20158,47.64249],[-122.20109,47.64237],[-122.20065,47.64226],[-122.20021,47.64214],[-122.19984,47.64201],[-122.19945,47.64186],[-122.19907,47.64169],[-122.19868,47.64153],[-122.19838,47.64139],[-122.198,47.6412],[-122.19754,47.64095],[-122.19725,47.64078],[-122.1969,47.64057],[-122.19641,47.64025],[-122.19606,47.64],[-122.19568,47.63969],[-122.19537,47.63943],[-122.19448,47.63864],[-122.19313,47.63739],[-122.19289,47.63718],[-122.19261,47.6369],[-122.19237,47.63668],[-122.19213,47.63637],[-122.19194,47.63613],[-122.19175,47.63587],[-122.19151,47.63552],[-122.19132,47.63519],[-122.19092,47.63451],[-122.19077,47.63428],[-122.19061,47.63406],[-122.19043,47.63384],[-122.19021,47.63362],[-122.18997,47.63341],[-122.1897,47.63321],[-122.18931,47.63296],[-122.18908,47.63285],[-122.1887,47.63266],[-122.18838,47.63253],[-122.18812,47.63244],[-122.18771,47.63232],[-122.18715,47.63218],[-122.18681,47.63213],[-122.18645,47.63208],[-122.18608,47.63205],[-122.18595,47.63205],[-122.18575,47.63204],[-122.18554,47.63204],[-122.18532,47.63205],[-122.18479,47.63206],[-122.18399,47.63208],[-122.18184,47.63215],[-122.18124,47.63214],[-122.18077,47.63211],[-122.18031,47.63207],[-122.18007,47.63205],[-122.17941,47.63197],[-122.17874,47.63186],[-122.1781,47.63172],[-122.17753,47.63159],[-122.17638,47.63133],[-122.17615,47.63128],[-122.17518,47.63105],[-122.17182,47.63027],[-122.17125,47.63015],[-122.17076,47.63006],[-122.17025,47.62999],[-122.17,47.62997],[-122.16972,47.62996],[-122.16924,47.62994],[-122.16873,47.62994],[-122.16821,47.62997],[-122.16767,47.63002],[-122.16683,47.63008],[-122.16562,47.63017],[-122.16516,47.6302],[-122.16468,47.63022],[-122.16421,47.63023],[-122.16374,47.63021],[-122.16331,47.63018],[-122.16278,47.63013],[-122.15792,47.62963],[-122.15741,47.62958],[-122.15689,47.62956],[-122.15627,47.62954],[-122.15568,47.62955],[-122.15513,47.62957],[-122.15466,47.62961],[-122.15414,47.62967],[-122.15376,47.62971],[-122.15331,47.62978],[-122.15314,47.62981],[-122.15263,47.62991],[-122.15219,47.63001],[-122.1521,47.63003],[-122.15151,47.63019],[-122.15074,47.63042],[-122.15006,47.63067],[-122.14938,47.63096],[-122.14883,47.63124],[-122.14783,47.63181],[-122.14618,47.63275],[-122.14549,47.63314],[-122.14443,47.63375]]}},{"type":"Feature","properties":{"Route":"018","RouteIdentifier":"018i","Direction":"Eastbound","BeginMile":0.21,"EndMile":3.24},"geometry":{"type":"LineString","coordinates":[[-122.31352,47.28969],[-122.31273,47.28968],[-122.31212,47.28968],[-122.30972,47.28966],[-122.30955,47.28959],[-122.3069,47.28958],[-122.30664,47.28958],[-122.30637,47.28958],[-122.30585,47.28957],[-122.30435,47.28955],[-122.30403,47.28955],[-122.30339,47.28955],[-122.30282,47.28957],[-122.30254,47.2896],[-122.30216,47.28963],[-122.30182,47.28967],[-122.30151,47.28972],[-122.30111,47.2898],[-122.30065,47.2899],[-122.30025,47.29002],[-122.29977,47.29017],[-122.29936,47.29033],[-122.29886,47.29055],[-122.2986,47.29067],[-122.29808,47.29095],[-122.29759,47.29121],[-122.2923,47.29404],[-122.28449,47.29822],[-122.28142,47.29982],[-122.27846,47.30146],[-122.27619,47.30269],[-122.27585,47.30286],[-122.27538,47.30307],[-122.27491,47.30326],[-122.27446,47.30341],[-122.27404,47.30354],[-122.27389,47.30358],[-122.27348,47.30369],[-122.27311,47.30378],[-122.27279,47.30385],[-122.27251,47.3039],[-122.27217,47.30396],[-122.27176,47.30402],[-122.27135,47.30406],[-122.27095,47.30409],[-122.27056,47.30411],[-122.27018,47.30412],[-122.26982,47.30412],[-122.26939,47.30411],[-122.26902,47.30408],[-122.26861,47.30405],[-122.2682,47.304],[-122.26736,47.30389],[-122.26692,47.30383],[-122.26645,47.30379],[-122.26603,47.30377],[-122.26568,47.30376],[-122.26524,47.30376],[-122.26402,47.30381],[-122.26362,47.30384],[-122.26328,47.30384],[-122.26289,47.30385],[-122.26247,47.30384],[-122.262,47.30382],[-122.26159,47.30379],[-122.26116,47.30374],[-122.2608,47.3037],[-122.26039,47.30363],[-122.25992,47.30354],[-122.2568,47.3029],[-122.25636,47.30281]]}},{"type":"Feature","properties":{"Route":"005","RouteIdentifier":"005d","Direction":"Southbound","BeginMile":0.34,"EndMile":8.03},"geometry":{"type":"LineString","coordinates":[[-122.67245,45.6226],[-122.67148,45.62333],[-122.6706,45.624],[-122.67005,45.62441],[-122.66978,45.62464],[-122.66954,45.62487],[-122.66931,45.62509],[-122.66903,45.62537],[-122.66879,45.62565],[-122.66862,45.62586],[-122.66837,45.62619],[-122.66819,45.62645],[-122.66744,45.6277],[-122.66685,45.62869],[-122.66668,45.62896],[-122.66523,45.63139],[-122.6649,45.63193],[-122.66339,45.63441],[-122.66314,45.63481],[-122.66289,45.63523],[-122.66271,45.63556],[-122.66255,45.63589],[-122.66243,45.63618],[-122.66232,45.63649],[-122.66223,45.6368],[-122.66217,45.63708],[-122.66213,45.63731],[-122.6621,45.63756],[-122.66208,45.63785],[-122.66208,45.6381],[-122.66207,45.63865],[-122.662,45.64215],[-122.662,45.64225],[-122.66196,45.64441],[-122.66193,45.64508],[-122.66186,45.64801],[-122.66184,45.64895],[-122.66183,45.64942],[-122.66187,45.64982],[-122.66194,45.65021],[-122.66205,45.65065],[-122.66217,45.65104],[-122.66231,45.65137],[-122.66254,45.65194],[-122.66276,45.65247],[-122.6644,45.65644],[-122.66479,45.65741],[-122.66568,45.65965],[-122.66649,45.66165],[-122.66689,45.66265],[-122.66702,45.66297],[-122.66709,45.66317],[-122.66717,45.66342],[-122.66723,45.66361],[-122.66729,45.66388],[-122.66736,45.66426],[-122.6674,45.66456],[-122.66742,45.66511],[-122.6674,45.6655],[-122.66735,45.66588],[-122.66725,45.66637],[-122.66713,45.66679],[-122.66701,45.66713],[-122.66682,45.66755],[-122.66666,45.66792],[-122.6657,45.66966],[-122.66547,45.67007],[-122.66524,45.6705],[-122.66509,45.67086],[-122.66502,45.67104],[-122.66492,45.67127],[-122.66481,45.67162],[-122.66472,45.67207],[-122.66466,45.67263],[-122.66465,45.67292],[-122.66467,45.67534],[-122.66468,45.67803],[-122.66469,45.67911],[-122.66473,45.68343],[-122.66473,45.68386],[-122.66471,45.68444],[-122.6647,45.68474],[-122.66466,45.6851],[-122.66461,45.6855],[-122.66454,45.68594],[-122.66445,45.68636],[-122.66435,45.68677],[-122.66425,45.68711],[-122.66414,45.68748],[-122.66393,45.68806],[-122.66368,45.68865],[-122.66359,45.68883],[-122.66346,45.68912],[-122.66167,45.69255],[-122.6612,45.69343],[-122.65864,45.69832],[-122.65732,45.70083],[-122.65666,45.70208],[-122.65652,45.70235],[-122.6561,45.70313],[-122.65565,45.70397],[-122.65524,45.70478],[-122.65496,45.70531],[-122.65435,45.70647],[-122.65412,45.7069],[-122.6539,45.70734],[-122.6537,45.70779],[-122.65355,45.70816],[-122.65339,45.7086],[-122.65328,45.70898],[-122.65317,45.70942],[-122.65309,45.70978],[-122.65302,45.71022],[-122.65296,45.7108],[-122.65295,45.71125],[-122.65295,45.71166],[-122.65297,45.71205],[-122.65302,45.71252],[-122.65308,45.71293],[-122.65317,45.71335],[-122.65329,45.71382],[-122.65341,45.71419],[-122.65357,45.71464],[-122.65373,45.71505],[-122.65389,45.71539],[-122.65441,45.71655],[-122.65459,45.71696],[-122.65474,45.71731],[-122.65492,45.7178],[-122.65505,45.71827],[-122.65508,45.7184],[-122.65515,45.71876],[-122.65524,45.71945],[-122.65527,45.71982],[-122.65528,45.72003],[-122.65528,45.72047],[-122.65525,45.72074],[-122.65521,45.72108],[-122.65513,45.7216],[-122.65509,45.72187],[-122.65498,45.72254],[-122.65492,45.72292],[-122.65488,45.72329],[-122.65486,45.72368],[-122.65485,45.72402],[-122.65488,45.72442],[-122.65495,45.72486],[-122.65505,45.72527],[-122.65517,45.7257],[-122.65533,45.72622],[-122.65637,45.72957]]}},{"type":"Feature","properties":{"Route":"405","RouteIdentifier":"405i","Direction":"Northbound","BeginMile":0.0,"EndMile":7.39},"geometry":{"type":"LineString","coordinates":[[-122.26513,47.4614],[-122.26481,47.46142],[-122.26438,47.46148],[-122.26412,47.46153],[-122.26386,47.46159],[-122.26363,47.46166],[-122.26318,47.46182],[-122.26293,47.46192],[-122.26273,47.46201],[-122.26238,47.46216],[-122.26204,47.46231],[-122.26173,47.46242],[-122.26146,47.4625],[-122.26116,47.46258],[-122.261,47.46261],[-122.26086,47.46264],[-122.26054,47.46269],[-122.26024,47.46272],[-122.25992,47.46274],[-122.25954,47.46274],[-122.25919,47.46272],[-122.2589,47.46269],[-122.25863,47.46265],[-122.25835,47.46259],[-122.25757,47.4624],[-122.25676,47.46218],[-122.25606,47.462],[-122.25549,47.46189],[-122.25492,47.46181],[-122.25444,47.46178],[-122.25381,47.46175],[-122.25324,47.46176],[-122.25269,47.46179],[-122.25211,47.46185],[-122.25139,47.46198],[-122.25064,47.46215],[-122.25014,47.4623],[-122.24989,47.46238],[-122.24943,47.46253],[-122.24915,47.46262],[-122.24826,47.46289],[-122.24592,47.46363],[-122.24529,47.46383],[-122.24228,47.46481],[-122.24084,47.46526],[-122.23946,47.46569],[-122.23773,47.46621],[-122.23713,47.46639],[-122.23646,47.46658],[-122.23592,47.4667],[-122.23537,47.46681],[-122.23486,47.46689],[-122.23439,47.46696],[-122.23396,47.46702],[-122.23358,47.46706],[-122.23313,47.4671],[-122.23272,47.46713],[-122.23235,47.46715],[-122.23195,47.46718],[-122.23129,47.46722],[-122.2303,47.46726],[-122.22943,47.46727],[-122.2286,47.46728],[-122.22601,47.46735],[-122.22335,47.46747],[-122.22221,47.46754],[-122.21896,47.46771],[-122.21837,47.46775],[-122.21762,47.46779],[-122.21581,47.46786],[-122.21487,47.46786],[-122.21367,47.46791],[-122.21223,47.46805],[-122.21171,47.46812],[-122.21018,47.46833],[-122.20961,47.46845],[-122.20909,47.46857],[-122.20851,47.46874],[-122.20834,47.4688],[-122.20775,47.46901],[-122.20755,47.4691],[-122.20691,47.46937],[-122.20667,47.46949],[-122.20642,47.46961],[-122.20615,47.46978],[-122.20594,47.46991],[-122.20562,47.47014],[-122.20533,47.47037],[-122.20507,47.47061],[-122.20486,47.47081],[-122.20469,47.47102],[-122.20451,47.47124],[-122.20444,47.47135],[-122.20433,47.47154],[-122.20423,47.47173],[-122.20415,47.4719],[-122.20405,47.47212],[-122.20394,47.47241],[-122.20387,47.47262],[-122.20381,47.47282],[-122.20377,47.47305],[-122.20374,47.47327],[-122.20372,47.4735],[-122.2037,47.4737],[-122.2036,47.47503],[-122.20355,47.47572],[-122.20351,47.47626],[-122.20348,47.47651],[-122.20344,47.47686],[-122.20339,47.47714],[-122.20329,47.47742],[-122.2032,47.47767],[-122.20308,47.47791],[-122.20291,47.47818],[-122.20267,47.4785],[-122.20241,47.47879],[-122.20209,47.47908],[-122.20183,47.47929],[-122.20147,47.47954],[-122.20115,47.47976],[-122.20084,47.47996],[-122.20062,47.4801],[-122.19989,47.48057],[-122.19958,47.48078],[-122.19933,47.48097],[-122.19909,47.48118],[-122.19899,47.48127],[-122.19795,47.48237],[-122.19657,47.48383],[-122.19631,47.4841],[-122.19465,47.48585],[-122.19442,47.4861],[-122.1943,47.48624],[-122.19406,47.48652],[-122.19385,47.48681],[-122.19366,47.48712],[-122.19351,47.48743],[-122.19341,47.48766],[-122.19331,47.48792],[-122.19325,47.48817],[-122.19319,47.48843],[-122.1931,47.48873],[-122.193,47.48903],[-122.19287,47.48929],[-122.19272,47.48957],[-122.19251,47.48985],[-122.19227,47.49013],[-122.19188,47.49068],[-122.1918,47.49084],[-122.19161,47.4913],[-122.19155,47.49157],[-122.1915,47.49187],[-122.19149,47.49212],[-122.1915,47.49235],[-122.19155,47.49268],[-122.19162,47.49297],[-122.19172,47.49325],[-122.19186,47.49353],[-122.19205,47.49385],[-122.19285,47.49503],[-122.19319,47.49553],[-122.19371,47.49633],[-122.19414,47.49706],[-122.19455,47.49784],[-122.19497,47.49865],[-122.19534,47.49946],[-122.19651,47.50241],[-122.19671,47.50296],[-122.19712,47.5042],[-122.19732,47.50494],[-122.19751,47.50578],[-122.1977,47.50686],[-122.19777,47.50738],[-122.19784,47.50797],[-122.19788,47.5085],[-122.19794,47.50942],[-122.19829,47.51596],[-122.19836,47.51739],[-122.19838,47.51793],[-122.19838,47.51845],[-122.19836,47.51892],[-122.19812,47.52148],[-122.1978,47.52491],[-122.19772,47.52594],[-122.19767,47.52645],[-122.19763,47.52693],[-122.1976,47.52746],[-122.19762,47.52798],[-122.19765,47.52845],[-122.19773,47.5303],[-122.19774,47.53057],[-122.19774,47.53084],[-122.19772,47.53111],[-122.19767,47.53142],[-122.19763,47.53158]]}},{"type":"Feature","properties":{"Route":"005","RouteIdentifier":"005d","Direction":"Southbound","BeginMile":180.59,"EndMile":183.88},"geometry":{"type":"LineString","coordinates":[[-122.29449,47.81299],[-122.29416,47.81317],[-122.29271,47.81394],[-122.29193,47.81436],[-122.29165,47.81451],[-122.28847,47.81622],[-122.28534,47.81789],[-122.28297,47.81915],[-122.27955,47.82096],[-122.27921,47.82114],[-122.27749,47.82207],[-122.27667,47.82251],[-122.27496,47.82341],[-122.27096,47.82555],[-122.26909,47.82653],[-122.26805,47.8271],[-122.26769,47.82732],[-122.2673,47.82756],[-122.26683,47.82788],[-122.26621,47.82831],[-122.26582,47.82859],[-122.26543,47.82892],[-122.26504,47.82928],[-122.2648,47.82951],[-122.26455,47.82975],[-122.26431,47.83001],[-122.26407,47.83028],[-122.26381,47.83057],[-122.26358,47.83085],[-122.26336,47.83115],[-122.26309,47.83154],[-122.26299,47.8317],[-122.26283,47.83194],[-122.26276,47.83206],[-122.26243,47.8327],[-122.26235,47.83285],[-122.26214,47.83331],[-122.26202,47.83362],[-122.2619,47.83397],[-122.26177,47.8344],[-122.26164,47.83485],[-122.26033,47.83986],[-122.25961,47.84272],[-122.25935,47.84382],[-122.25925,47.84423],[-122.258,47.84909],[-122.2578,47.84983]]}},{"type":"Feature","properties":{"Route":"090","RouteIdentifier":"090i","Direction":"Eastbound","BeginMile":3.72,"EndMile":6.64},"geometry":{"type":"LineString","coordinates":[[-122.25771,47.58931],[-122.25642,47.58928],[-122.25426,47.58924],[-122.25391,47.58925],[-122.25369,47.58926],[-122.25332,47.58929],[-122.25282,47.58934],[-122.25263,47.58936],[-122.25227,47.58942],[-122.2519,47.58949],[-122.2515,47.58959],[-122.25108,47.58972],[-122.25071,47.58984],[-122.25027,47.59001],[-122.24983,47.59021],[-122.24875,47.59075],[-122.2484,47.59093],[-122.24808,47.5911],[-122.24778,47.59125],[-122.2474,47.5914],[-122.24701,47.59155],[-122.24666,47.59165],[-122.24632,47.59174],[-122.24592,47.59182],[-122.24542,47.5919],[-122.24496,47.59194],[-122.24454,47.59197],[-122.24412,47.59197],[-122.24363,47.59195],[-122.24314,47.59191],[-122.24272,47.59185],[-122.24224,47.59176],[-122.2418,47.59166],[-122.24139,47.59153],[-122.241,47.59139],[-122.24062,47.59122],[-122.24026,47.59103],[-122.23988,47.59081],[-122.23929,47.59047],[-122.23894,47.59028],[-122.23853,47.59005],[-122.23812,47.58982],[-122.23771,47.5896],[-122.23734,47.58941],[-122.23694,47.58922],[-122.23657,47.58906],[-122.23614,47.58889],[-122.23484,47.58842],[-122.23173,47.58734],[-122.23086,47.58701],[-122.2299,47.58661],[-122.22809,47.5858],[-122.22695,47.5853],[-122.22329,47.58371],[-122.22245,47.58336],[-122.22035,47.58245],[-122.21934,47.58198],[-122.2187,47.58161],[-122.21701,47.58043],[-122.21665,47.58018],[-122.21623,47.5799],[-122.21594,47.57972],[-122.21567,47.57958],[-122.21537,47.57943],[-122.215,47.57927],[-122.21466,47.57914],[-122.21423,47.57899],[-122.21383,47.57887],[-122.21337,47.57875],[-122.21302,47.57867],[-122.21275,47.57862],[-122.21225,47.57855],[-122.21156,47.57844],[-122.21012,47.57824],[-122.2074,47.57788],[-122.20699,47.57781],[-122.20655,47.57777],[-122.20612,47.57773],[-122.20567,47.57771],[-122.20516,47.57771],[-122.20462,47.57773],[-122.20422,47.57776],[-122.20377,47.57782],[-122.20338,47.57789],[-122.20292,47.57797],[-122.20254,47.57807],[-122.2025,47.57808]]}},{"type":"Feature","properties":{"Route":"101","RouteIdentifier":"101i","Direction":"Northbound","BeginMile":363.57,"EndMile":365.56},"geometry":{"type":"LineString","coordinates":[[-122.94122,47.03257],[-122.9406,47.03226],[-122.93732,47.0306],[-122.93522,47.02955],[-122.93285,47.02836],[-122.93127,47.02758],[-122.93013,47.02701],[-122.92951,47.02671],[-122.92904,47.02651],[-122.92857,47.02632],[-122.92817,47.02619],[-122.9277,47.02605],[-122.92718,47.02593],[-122.92671,47.02584],[-122.92617,47.02576],[-122.92565,47.02572],[-122.92516,47.02569],[-122.92464,47.02568],[-122.92312,47.02567],[-122.91971,47.02567],[-122.91756,47.02567],[-122.91585,47.02567],[-122.91548,47.02567],[-122.91511,47.02564],[-122.91476,47.02561],[-122.91437,47.02555],[-122.9139,47.02546],[-122.91344,47.02534],[-122.91304,47.02518],[-122.9126,47.02501],[-122.9122,47.02482],[-122.91182,47.02459],[-122.91153,47.02439],[-122.91126,47.02417],[-122.911,47.02392],[-122.91078,47.02369],[-122.91059,47.02343],[-122.91042,47.02318],[-122.91026,47.02293],[-122.90985,47.0223],[-122.90976,47.02215],[-122.90967,47.02201],[-122.90956,47.02185],[-122.90948,47.02174],[-122.90936,47.02162],[-122.90918,47.02148],[-122.90898,47.02136],[-122.90876,47.02126],[-122.90852,47.02117],[-122.90831,47.02112],[-122.90817,47.02109],[-122.90805,47.02107],[-122.90789,47.02105],[-122.90773,47.02104],[-122.90756,47.02104],[-122.90736,47.02104],[-122.90715,47.02106],[-122.90698,47.02108],[-122.90685,47.0211],[-122.90674,47.02112],[-122.9066,47.02116],[-122.90648,47.0212],[-122.90636,47.02125],[-122.90615,47.02135],[-122.90602,47.02142],[-122.90592,47.02149],[-122.90582,47.02156],[-122.90572,47.02165],[-122.90564,47.02171]]}},{"type":"Feature","properties":{"Route":"090","RouteIdentifier":"090d","Direction":"Westbound","BeginMile":15.19,"EndMile":16.43},"geometry":{"type":"LineString","coordinates":[[-122.03637,47.54079],[-122.0357,47.54035],[-122.03551,47.54022],[-122.03501,47.53984],[-122.03465,47.53954],[-122.03422,47.53915],[-122.03381,47.53875],[-122.03346,47.53836],[-122.03312,47.53799],[-122.03241,47.53719],[-122.03009,47.53445],[-122.02956,47.53388],[-122.02922,47.53355],[-122.02888,47.53328],[-122.02856,47.53306],[-122.02821,47.53286],[-122.02785,47.53267],[-122.02746,47.5325],[-122.02702,47.53233],[-122.02655,47.53218],[-122.02603,47.53205],[-122.02555,47.53195],[-122.02513,47.53189],[-122.02465,47.53185],[-122.02407,47.53183],[-122.02351,47.53183],[-122.02284,47.53189],[-122.02247,47.53194],[-122.02199,47.53203],[-122.0214,47.53216],[-122.02086,47.53232],[-122.02052,47.53244],[-122.02001,47.53267],[-122.01954,47.5329],[-122.01912,47.53315],[-122.01739,47.5342],[-122.01722,47.53431]]}},{"type":"Feature","properties":{"Route":"090","RouteIdentifier":"090i","Direction":"Eastbound","BeginMile":15.19,"EndMile":16.43},"geometry":{"type":"LineString","coordinates":[[-122.03659,47.54058],[-122.03644,47.54048],[-122.03578,47.54005],[-122.03494,47.53939],[-122.03449,47.53899],[-122.03405,47.53857],[-122.03375,47.53824],[-122.03346,47.53791],[-122.03276,47.53711],[-122.031,47.5351],[-122.03038,47.53439],[-122.0298,47.53375],[-122.02948,47.53345],[-122.02913,47.53316],[-122.02873,47.53289],[-122.02838,47.53269],[-122.02801,47.5325],[-122.02763,47.53232],[-122.02719,47.53215],[-122.02673,47.53199],[-122.02614,47.53184],[-122.02564,47.53174],[-122.02515,47.53167],[-122.02467,47.53161],[-122.02419,47.53159],[-122.02352,47.53157],[-122.02298,47.53161],[-122.02276,47.53162],[-122.02241,47.53166],[-122.02203,47.53173],[-122.02165,47.53181],[-122.02119,47.53192],[-122.02081,47.53204],[-122.0205,47.53215],[-122.02016,47.53228],[-122.01991,47.5324],[-122.01939,47.53265],[-122.01884,47.53297],[-122.01748,47.53372]]}},{"type":"Feature","properties":{"Route":"005","RouteIdentifier":"005i","Direction":"Northbound","BeginMile":102.86,"EndMile":109.26},"geometry":{"type":"LineString","coordinates":[[-122.91209,46.99994],[-122.90908,47.00515],[-122.90808,47.00687],[-122.908,47.00701],[-122.9073,47.00814],[-122.90724,47.00826],[-122.90708,47.00853],[-122.90694,47.0088],[-122.90679,47.00909],[-122.90649,47.00971],[-122.90631,47.01018],[-122.90622,47.01058],[-122.90619,47.0108],[-122.90581,47.01604],[-122.90582,47.01653],[-122.90587,47.01712],[-122.90594,47.01759],[-122.906,47.01795],[-122.90606,47.0183],[-122.90612,47.01868],[-122.90618,47.01905],[-122.90624,47.01941],[-122.9063,47.01991],[-122.90631,47.02016],[-122.90631,47.02037],[-122.90628,47.02058],[-122.90625,47.02078],[-122.90617,47.0211],[-122.90612,47.02125],[-122.90607,47.02139],[-122.906,47.02155],[-122.9059,47.02173],[-122.90576,47.02193],[-122.90556,47.02217],[-122.9054,47.02234],[-122.90523,47.02252],[-122.90501,47.02271],[-122.90475,47.0229],[-122.90441,47.02313],[-122.90403,47.02334],[-122.9036,47.02353],[-122.90329,47.02366],[-122.90289,47.02379],[-122.90247,47.02391],[-122.90218,47.02398],[-122.90153,47.02414],[-122.90097,47.02429],[-122.90049,47.02444],[-122.89985,47.02467],[-122.89929,47.02492],[-122.89886,47.02515],[-122.89869,47.02524],[-122.89839,47.02543],[-122.89822,47.02556],[-122.8977,47.02599],[-122.89576,47.02789],[-122.89527,47.02838],[-122.89512,47.02852],[-122.89463,47.02899],[-122.8942,47.02944],[-122.89385,47.02985],[-122.89328,47.03057],[-122.89312,47.03078],[-122.89241,47.03174],[-122.89208,47.03218],[-122.89182,47.03251],[-122.89157,47.03281],[-122.89127,47.03312],[-122.89091,47.03342],[-122.89056,47.03371],[-122.89022,47.03395],[-122.88985,47.03417],[-122.88949,47.03437],[-122.88909,47.03456],[-122.88874,47.03471],[-122.88839,47.03484],[-122.88805,47.03496],[-122.88767,47.03507],[-122.88726,47.03517],[-122.88687,47.03526],[-122.8864,47.03534],[-122.88593,47.0354],[-122.88541,47.03545],[-122.88491,47.03549],[-122.88424,47.03554],[-122.88298,47.03562],[-122.88189,47.03569],[-122.8797,47.03585],[-122.87884,47.03591],[-122.87804,47.03599],[-122.87747,47.03607],[-122.87693,47.03617],[-122.87642,47.0363],[-122.87576,47.03652],[-122.8753,47.03669],[-122.87522,47.03672],[-122.87467,47.03697],[-122.87421,47.03725],[-122.87372,47.03755],[-122.87333,47.03782],[-122.87199,47.03876],[-122.87165,47.03899],[-122.8713,47.03922],[-122.87078,47.03952],[-122.87028,47.03975],[-122.86969,47.03998],[-122.86911,47.04016],[-122.86844,47.04032],[-122.86779,47.04043],[-122.86713,47.04051],[-122.86665,47.04054],[-122.86615,47.04054],[-122.86567,47.04054],[-122.86335,47.04047],[-122.85938,47.04035],[-122.85758,47.0403],[-122.85707,47.04029],[-122.85647,47.04028],[-122.8559,47.0403],[-122.85531,47.04034],[-122.85479,47.04041],[-122.85422,47.04051],[-122.85361,47.04066],[-122.85299,47.04086],[-122.85247,47.04104],[-122.85195,47.04124],[-122.85074,47.04171],[-122.84684,47.04322],[-122.8451,47.0439],[-122.84432,47.0442],[-122.84398,47.04434],[-122.8433,47.04458],[-122.8427,47.04479],[-122.84212,47.04495],[-122.84156,47.04509],[-122.84103,47.04517],[-122.84047,47.04523],[-122.83993,47.04528],[-122.83923,47.04534],[-122.83374,47.04579],[-122.83218,47.04594],[-122.82553,47.0465],[-122.82442,47.0466],[-122.82395,47.04665],[-122.82358,47.04671],[-122.82323,47.04676],[-122.82275,47.04686],[-122.82219,47.04699],[-122.82161,47.04716],[-122.82107,47.04735],[-122.82062,47.04755],[-122.82013,47.0478],[-122.81963,47.04808],[-122.81927,47.04832],[-122.81895,47.04855],[-122.81875,47.04869],[-122.81797,47.04923]]}},{"type":"Feature","properties":{"Route":"005","RouteIdentifier":"005i","Direction":"Northbound","BeginMile":0.34,"EndMile":7.68},"geometry":{"type":"LineString","coordinates":[[-122.67221,45.62249],[-122.67169,45.62292],[-122.67129,45.62323],[-122.67061,45.62375],[-122.67005,45.62416],[-122.66973,45.62443],[-122.66936,45.62475],[-122.66908,45.62504],[-122.66883,45.6253],[-122.66861,45.62555],[-122.6684,45.62582],[-122.66817,45.62614],[-122.66797,45.6264],[-122.66719,45.62769],[-122.66659,45.62867],[-122.665,45.63132],[-122.66467,45.63186],[-122.66317,45.63437],[-122.66292,45.63477],[-122.66267,45.63519],[-122.66261,45.63529],[-122.66249,45.63552],[-122.66231,45.63586],[-122.6622,45.63614],[-122.6621,45.63644],[-122.66201,45.63672],[-122.66194,45.637],[-122.66189,45.63733],[-122.66186,45.63755],[-122.66182,45.63784],[-122.66181,45.63809],[-122.66179,45.63865],[-122.66172,45.64225],[-122.6617,45.64338],[-122.6617,45.64463],[-122.6617,45.64508],[-122.66164,45.64828],[-122.66162,45.64895],[-122.66164,45.64938],[-122.66168,45.64982],[-122.66173,45.65018],[-122.66185,45.65065],[-122.66199,45.65105],[-122.66213,45.65142],[-122.66232,45.65193],[-122.66329,45.65428],[-122.66416,45.65649],[-122.66466,45.6577],[-122.66561,45.66001],[-122.66668,45.66264],[-122.66695,45.66336],[-122.66707,45.66383],[-122.66713,45.66423],[-122.66718,45.66464],[-122.66719,45.66501],[-122.66716,45.66547],[-122.6671,45.6659],[-122.66704,45.66623],[-122.66693,45.66663],[-122.66675,45.66714],[-122.66656,45.66755],[-122.66639,45.66791],[-122.66543,45.66962],[-122.66519,45.67005],[-122.66499,45.67045],[-122.66483,45.67082],[-122.66475,45.67106],[-122.6646,45.67157],[-122.66452,45.67193],[-122.66444,45.67248],[-122.66443,45.67283],[-122.66443,45.67314],[-122.66445,45.67536],[-122.66446,45.67803],[-122.66448,45.67911],[-122.66453,45.68339],[-122.66454,45.68387],[-122.66453,45.68426],[-122.66451,45.68467],[-122.66447,45.68509],[-122.66441,45.68561],[-122.66434,45.68596],[-122.66426,45.68634],[-122.66415,45.68676],[-122.66406,45.68707],[-122.66394,45.68746],[-122.66386,45.68768],[-122.66372,45.68805],[-122.66349,45.68859],[-122.66329,45.68902],[-122.66145,45.69255],[-122.66098,45.69343],[-122.65873,45.69773],[-122.65851,45.69815],[-122.65808,45.69899],[-122.65727,45.70051],[-122.65695,45.70114],[-122.65666,45.70171],[-122.6548,45.70527],[-122.65418,45.70643],[-122.65395,45.70689],[-122.65371,45.70736],[-122.65353,45.70777],[-122.65339,45.70812],[-122.65325,45.70852],[-122.6531,45.709],[-122.65299,45.70946],[-122.65292,45.7098],[-122.65285,45.71028],[-122.6528,45.71075],[-122.65278,45.71125],[-122.65279,45.7117],[-122.65281,45.7121],[-122.65288,45.71264],[-122.65294,45.713],[-122.653,45.71333],[-122.65311,45.71376],[-122.65324,45.71419],[-122.65339,45.71464],[-122.65342,45.71474],[-122.65356,45.71505],[-122.6537,45.71536],[-122.65422,45.71651],[-122.65455,45.7173],[-122.65473,45.71781],[-122.65487,45.71827],[-122.65491,45.7184],[-122.655,45.71879],[-122.65511,45.71958],[-122.65512,45.72001],[-122.65511,45.72051],[-122.6551,45.72076],[-122.65505,45.72117],[-122.65499,45.7216],[-122.65496,45.72178],[-122.65484,45.72244],[-122.65477,45.72285],[-122.6547,45.72329],[-122.65467,45.72366],[-122.65466,45.72403],[-122.65465,45.72448],[-122.65466,45.72461]]}},{"type":"Feature","properties":{"Route":"005","RouteIdentifier":"005d","Direction":"Southbound","BeginMile":252.06,"EndMile":257.08},"geometry":{"type":"LineString","coordinates":[[-122.46897,48.73214],[-122.4687,48.73241],[-122.46843,48.73273],[-122.46822,48.73302],[-122.46802,48.73336],[-122.4678,48.73381],[-122.46767,48.73419],[-122.46759,48.73456],[-122.46755,48.73491],[-122.46756,48.73529],[-122.46758,48.73554],[-122.46768,48.73805],[-122.46768,48.73873],[-122.46767,48.73967],[-122.46766,48.74043],[-122.46763,48.74158],[-122.46763,48.742],[-122.46758,48.74237],[-122.46752,48.74272],[-122.46744,48.74299],[-122.46733,48.74329],[-122.46722,48.74355],[-122.46707,48.7438],[-122.46691,48.74407],[-122.46679,48.74425],[-122.46641,48.74487],[-122.46621,48.7452],[-122.4659,48.7457],[-122.46559,48.74622],[-122.46532,48.7467],[-122.46517,48.74705],[-122.46482,48.74783],[-122.46442,48.74883],[-122.46292,48.75258],[-122.46269,48.75313],[-122.46261,48.75333],[-122.4624,48.75387],[-122.46221,48.75434],[-122.46211,48.75459],[-122.46196,48.75498],[-122.46187,48.75534],[-122.46183,48.75562],[-122.46179,48.75603],[-122.46179,48.75624],[-122.46179,48.75662],[-122.46179,48.75758],[-122.46179,48.75795],[-122.46178,48.76303],[-122.46177,48.76391],[-122.46178,48.7643],[-122.46182,48.76469],[-122.46188,48.76527],[-122.46191,48.76546],[-122.46195,48.76583],[-122.46198,48.76606],[-122.46205,48.76651],[-122.46219,48.76733],[-122.46232,48.76785],[-122.4624,48.76813],[-122.46263,48.76877],[-122.46276,48.76912],[-122.46287,48.76937],[-122.46297,48.76961],[-122.46355,48.771],[-122.4637,48.77134],[-122.46383,48.77158],[-122.46402,48.77188],[-122.46427,48.7722],[-122.46452,48.77248],[-122.46485,48.77279],[-122.46518,48.77308],[-122.46588,48.77368],[-122.46676,48.77445],[-122.47035,48.77756],[-122.47112,48.77822],[-122.47185,48.77885],[-122.47226,48.77917],[-122.4727,48.77948],[-122.47302,48.77969],[-122.47342,48.77995],[-122.47394,48.78022],[-122.4744,48.78043],[-122.47484,48.78063],[-122.47531,48.78082],[-122.47576,48.78097],[-122.47619,48.78111],[-122.4767,48.78126],[-122.47742,48.78143],[-122.47796,48.78154],[-122.47858,48.78164],[-122.4791,48.78172],[-122.47966,48.78179],[-122.48338,48.78231],[-122.48588,48.78266],[-122.48662,48.78276],[-122.48734,48.78286],[-122.48798,48.78294],[-122.48861,48.78299],[-122.4894,48.78303],[-122.49214,48.78315],[-122.49274,48.78318],[-122.49685,48.78338],[-122.49951,48.78349],[-122.50021,48.78352],[-122.50097,48.78358],[-122.50165,48.78367],[-122.50215,48.78375],[-122.50246,48.78381],[-122.50269,48.78387],[-122.50296,48.78395],[-122.50334,48.78406],[-122.50531,48.7847]]}},{"type":"Feature","properties":{"Route":"005","RouteIdentifier":"005i","Direction":"Northbound","BeginMile":0.0,"EndMile":0.34},"geometry":{"type":"LineString","coordinates":[[-122.67505,45.61812],[-122.67298,45.62156],[-122.6729,45.62171],[-122.67279,45.62186],[-122.67267,45.62202],[-122.67255,45.62215],[-122.67237,45.62233],[-122.67221,45.62249]]}},{"type":"Feature","properties":{"Route":"405","RouteIdentifier":"405i","Direction":"Northbound","BeginMile":10.19,"EndMile":30.3},"geometry":{"type":"LineString","coordinates":[[-122.17943,47.56799],[-122.17915,47.56829],[-122.17893,47.56857],[-122.17874,47.56887],[-122.17858,47.56913],[-122.17845,47.56937],[-122.17832,47.56962],[-122.17817,47.56987],[-122.17627,47.57321],[-122.17603,47.57365],[-122.17553,47.57451],[-122.17506,47.57532],[-122.17484,47.57571],[-122.17465,47.57611],[-122.17451,47.57642],[-122.17444,47.57661],[-122.17439,47.57674],[-122.17435,47.57687],[-122.17427,47.57715],[-122.17423,47.57733],[-122.17416,47.57765],[-122.17414,47.57784],[-122.17412,47.57801],[-122.17411,47.57818],[-122.17409,47.57834],[-122.17408,47.57862],[-122.17409,47.57898],[-122.17413,47.5794],[-122.17418,47.57974],[-122.17423,47.57997],[-122.17426,47.58013],[-122.17432,47.58035],[-122.1744,47.58063],[-122.17454,47.58101],[-122.17476,47.5815],[-122.17495,47.58186],[-122.17515,47.58223],[-122.17539,47.58259],[-122.17566,47.58294],[-122.17583,47.58315],[-122.17603,47.58338],[-122.1763,47.58367],[-122.17653,47.58394],[-122.17732,47.5848],[-122.17789,47.5854],[-122.17816,47.58569],[-122.17837,47.58593],[-122.17857,47.58619],[-122.17884,47.58658],[-122.17901,47.58685],[-122.17918,47.58716],[-122.17934,47.58747],[-122.17948,47.58781],[-122.17979,47.5889],[-122.18,47.58969],[-122.1803,47.59086],[-122.18044,47.59149],[-122.18048,47.5919],[-122.1805,47.59225],[-122.18049,47.59306],[-122.18045,47.59356],[-122.18038,47.59395],[-122.1803,47.59435],[-122.17999,47.59604],[-122.17986,47.59666],[-122.17981,47.59717],[-122.17979,47.59766],[-122.17979,47.59779],[-122.17981,47.59808],[-122.17983,47.59818],[-122.17987,47.59834],[-122.17991,47.5985],[-122.18005,47.59886],[-122.18012,47.59902],[-122.18019,47.59917],[-122.18028,47.59933],[-122.1804,47.59954],[-122.18054,47.59976],[-122.18073,47.60003],[-122.18089,47.60023],[-122.18108,47.60045],[-122.18265,47.60199],[-122.1834,47.60274],[-122.18363,47.60298],[-122.18406,47.60343],[-122.18446,47.60386],[-122.18507,47.60455],[-122.18544,47.60498],[-122.18573,47.60531],[-122.18619,47.60584],[-122.18682,47.6066],[-122.18715,47.60708],[-122.18738,47.60744],[-122.18759,47.60785],[-122.18776,47.6082],[-122.18794,47.60864],[-122.18816,47.60924],[-122.18838,47.61006],[-122.18845,47.61044],[-122.1885,47.61126],[-122.18851,47.61162],[-122.1885,47.6122],[-122.18846,47.6129],[-122.18845,47.61343],[-122.18849,47.61523],[-122.18849,47.61523],[-122.18852,47.61633],[-122.18854,47.61735],[-122.18857,47.61924],[-122.18857,47.62085],[-122.18858,47.62179],[-122.18858,47.62192],[-122.18856,47.62484],[-122.18857,47.62593],[-122.18859,47.62692],[-122.18855,47.62766],[-122.18846,47.62862],[-122.18828,47.62984],[-122.18815,47.63052],[-122.188,47.6312],[-122.18781,47.63194],[-122.18764,47.63255],[-122.1874,47.6333],[-122.18724,47.63372],[-122.187,47.63441],[-122.18674,47.63528],[-122.18658,47.63592],[-122.18651,47.63637],[-122.18647,47.63677],[-122.18645,47.63728],[-122.18644,47.63822],[-122.1864,47.63979],[-122.18639,47.64049],[-122.1864,47.64127],[-122.18647,47.64211],[-122.1868,47.64533],[-122.18684,47.64647],[-122.18684,47.64783],[-122.18689,47.66115],[-122.1869,47.66363],[-122.18691,47.66533],[-122.18693,47.66814],[-122.1869,47.66907],[-122.18683,47.66966],[-122.18675,47.67025],[-122.18671,47.67047],[-122.18668,47.67062],[-122.18661,47.67093],[-122.18655,47.67121],[-122.18649,47.67142],[-122.18634,47.6719],[-122.18621,47.67227],[-122.18615,47.67247],[-122.18578,47.67333],[-122.18553,47.67384],[-122.18488,47.67507],[-122.18485,47.67513],[-122.18481,47.6752],[-122.18472,47.67543],[-122.18461,47.67575],[-122.18453,47.67602],[-122.18444,47.67642],[-122.18438,47.6769],[-122.18435,47.67742],[-122.18441,47.67888],[-122.18439,47.67949],[-122.18436,47.67989],[-122.18431,47.68026],[-122.18424,47.68073],[-122.18401,47.68175],[-122.18382,47.68237],[-122.18362,47.68294],[-122.18312,47.68448],[-122.18271,47.68573],[-122.18264,47.68595],[-122.1821,47.68744],[-122.18179,47.68847],[-122.18147,47.68959],[-122.1811,47.69113],[-122.18091,47.692],[-122.18074,47.69287],[-122.18049,47.6944],[-122.18005,47.69716],[-122.17967,47.69924],[-122.17956,47.69979],[-122.17931,47.70088],[-122.17924,47.70137],[-122.17921,47.70168],[-122.17918,47.70218],[-122.17918,47.70252],[-122.17919,47.70287],[-122.17922,47.70329],[-122.17927,47.70368],[-122.17936,47.70419],[-122.17943,47.7045],[-122.17961,47.70504],[-122.1798,47.70551],[-122.18,47.70594],[-122.18026,47.70643],[-122.18206,47.70959],[-122.18236,47.71013],[-122.18251,47.71041],[-122.18278,47.71088],[-122.18371,47.71252],[-122.18506,47.71485],[-122.18596,47.7164],[-122.18704,47.71824],[-122.1873,47.71869],[-122.18767,47.71938],[-122.18796,47.72002],[-122.18837,47.72105],[-122.18855,47.72161],[-122.18874,47.72231],[-122.18887,47.72294],[-122.18898,47.72361],[-122.18906,47.72449],[-122.18911,47.72573],[-122.18906,47.7267],[-122.189,47.7273],[-122.18883,47.72841],[-122.18871,47.72917],[-122.18847,47.73058],[-122.18816,47.73239],[-122.18728,47.73799],[-122.1872,47.7385],[-122.1871,47.73921],[-122.18705,47.73968],[-122.18699,47.74032],[-122.18696,47.74088],[-122.18694,47.74138],[-122.18693,47.74155],[-122.18692,47.74288],[-122.18693,47.74716],[-122.18695,47.74899],[-122.18694,47.74956],[-122.1869,47.75012],[-122.18685,47.75061],[-122.18679,47.75115],[-122.1867,47.75165],[-122.18664,47.75192],[-122.1866,47.75214],[-122.18644,47.75276],[-122.18629,47.75331],[-122.18575,47.75484],[-122.18558,47.75527],[-122.18532,47.75577],[-122.18455,47.75717],[-122.18431,47.75767],[-122.18418,47.75793],[-122.18406,47.7583],[-122.18401,47.75844],[-122.18391,47.75889],[-122.18389,47.75915],[-122.18388,47.75933],[-122.18387,47.75955],[-122.1839,47.75991],[-122.18395,47.76022],[-122.18404,47.76056],[-122.18406,47.76064],[-122.18412,47.7608],[-122.18424,47.7611],[-122.18434,47.76129],[-122.18446,47.76152],[-122.18463,47.76179],[-122.18485,47.76209],[-122.18518,47.76256],[-122.18564,47.76317],[-122.18681,47.76476],[-122.18804,47.76642],[-122.18825,47.76669],[-122.18849,47.76702],[-122.18866,47.76725],[-122.18883,47.76752],[-122.189,47.76778],[-122.18915,47.76811],[-122.18927,47.76841],[-122.18935,47.76872],[-122.18992,47.77128],[-122.19024,47.77283],[-122.19037,47.7735],[-122.19058,47.77453],[-122.1907,47.77505],[-122.19083,47.77546],[-122.19099,47.77591],[-122.19114,47.77626],[-122.19122,47.77642],[-122.19148,47.777],[-122.19189,47.77785],[-122.19257,47.77933],[-122.19329,47.78082],[-122.19402,47.78231],[-122.19431,47.7829],[-122.19457,47.78343],[-122.19481,47.7839],[-122.19505,47.78426],[-122.19542,47.78473],[-122.19586,47.7852],[-122.19623,47.78556],[-122.19657,47.78584],[-122.19708,47.78621],[-122.19758,47.78653],[-122.19819,47.78687],[-122.19877,47.78717],[-122.19934,47.78746],[-122.19983,47.7877],[-122.20189,47.78875],[-122.20546,47.79057],[-122.20648,47.79108],[-122.20747,47.79159],[-122.21218,47.79398],[-122.21419,47.795],[-122.2205,47.79818],[-122.2211,47.7985],[-122.22156,47.79876],[-122.22191,47.79899],[-122.22231,47.79926],[-122.22268,47.79954],[-122.22305,47.79984],[-122.2234,47.80019],[-122.2236,47.80039],[-122.2239,47.80071],[-122.22422,47.80112],[-122.22452,47.80154],[-122.22481,47.80202],[-122.2251,47.80256],[-122.22872,47.80947],[-122.23036,47.81261],[-122.23072,47.8132],[-122.23107,47.8136],[-122.2315,47.81402],[-122.23191,47.81436],[-122.23242,47.81472],[-122.23308,47.81508],[-122.23377,47.8154],[-122.23447,47.81569],[-122.23652,47.81653],[-122.23726,47.81686],[-122.2381,47.8173],[-122.23883,47.81776],[-122.24081,47.81916],[-122.24126,47.81949],[-122.24174,47.81984],[-122.24209,47.82007],[-122.24271,47.82048],[-122.24304,47.82067],[-122.2435,47.82092],[-122.24396,47.82115],[-122.24434,47.82131],[-122.24475,47.82148],[-122.24527,47.82167],[-122.24867,47.82279],[-122.24923,47.82297],[-122.24985,47.82318],[-122.25043,47.82338],[-122.25102,47.82363],[-122.2516,47.82391],[-122.25207,47.82418],[-122.2524,47.82438],[-122.25272,47.8246],[-122.25304,47.82484],[-122.25332,47.82506],[-122.2536,47.82532],[-122.25394,47.82568],[-122.25435,47.8261],[-122.25483,47.82661],[-122.2551,47.8269],[-122.25553,47.82735],[-122.25597,47.82778],[-122.25643,47.82816],[-122.25683,47.82845],[-122.2574,47.82883],[-122.25805,47.82923],[-122.2599,47.83035],[-122.26157,47.83135],[-122.26327,47.8324]]}},{"type":"Feature","properties":{"Route":"002","RouteIdentifier":"002i","Direction":"Eastbound","BeginMile":0.2,"EndMile":2.53},"geometry":{"type":"LineString","coordinates":[[-122.18854,47.97953],[-122.1885,47.97957],[-122.18834,47.97966],[-122.1882,47.97972],[-122.18806,47.97977],[-122.18788,47.97981],[-122.1877,47.97984],[-122.18752,47.97984],[-122.18732,47.97983],[-122.18713,47.9798],[-122.18693,47.97975],[-122.18674,47.9797],[-122.18586,47.97947],[-122.18489,47.97924],[-122.18344,47.97895],[-122.18254,47.97879],[-122.18142,47.97862],[-122.1801,47.97846],[-122.17914,47.97837],[-122.17815,47.9783],[-122.17716,47.97826],[-122.1763,47.97824],[-122.17393,47.97824],[-122.16978,47.97823],[-122.16682,47.97823],[-122.16251,47.97824],[-122.15569,47.97822],[-122.15315,47.97822],[-122.15227,47.9782],[-122.15165,47.97819],[-122.15111,47.97817],[-122.1485,47.97808],[-122.14441,47.97796],[-122.14287,47.9779],[-122.14236,47.97788],[-122.14205,47.97786],[-122.14175,47.97784],[-122.14139,47.9778],[-122.14086,47.9777],[-122.14043,47.9776],[-122.13987,47.97744],[-122.13928,47.97721],[-122.13922,47.97718]]}},{"type":"Feature","properties":{"Route":"405","RouteIdentifier":"405d","Direction":"Southbound","BeginMile":10.19,"EndMile":30.3},"geometry":{"type":"LineString","coordinates":[[-122.17967,47.56818],[-122.17948,47.56841],[-122.17929,47.56864],[-122.1791,47.56893],[-122.17894,47.5692],[-122.17882,47.56943],[-122.17858,47.56982],[-122.17751,47.57177],[-122.17701,47.57266],[-122.17578,47.57484],[-122.17547,47.5754],[-122.17526,47.57575],[-122.17504,47.57616],[-122.17487,47.57662],[-122.17478,47.57702],[-122.17472,47.57738],[-122.17468,47.57783],[-122.17466,47.57828],[-122.17467,47.57868],[-122.1747,47.57914],[-122.17475,47.57949],[-122.17483,47.57986],[-122.17494,47.58029],[-122.17511,47.58078],[-122.17525,47.58111],[-122.17542,47.58146],[-122.17556,47.58174],[-122.17573,47.58211],[-122.17593,47.58249],[-122.17612,47.58281],[-122.17639,47.58323],[-122.17668,47.58362],[-122.17803,47.58507],[-122.17834,47.58541],[-122.17866,47.58578],[-122.17891,47.58613],[-122.17912,47.58645],[-122.17931,47.58672],[-122.17953,47.58712],[-122.17965,47.58738],[-122.17984,47.58782],[-122.18051,47.58941],[-122.18081,47.5901],[-122.18095,47.59039],[-122.18114,47.59092],[-122.18128,47.59172],[-122.18137,47.59293],[-122.18143,47.59424],[-122.18143,47.5948],[-122.18145,47.59501],[-122.18148,47.59532],[-122.18153,47.59637],[-122.18154,47.59677],[-122.18156,47.59698],[-122.18161,47.59791],[-122.18165,47.59833],[-122.18166,47.59838],[-122.18168,47.59862],[-122.18171,47.59896],[-122.18176,47.59932],[-122.18189,47.59975],[-122.18207,47.60023],[-122.18228,47.60063],[-122.18243,47.60089],[-122.1826,47.60116],[-122.18277,47.60144],[-122.18298,47.60172],[-122.18323,47.60201],[-122.18368,47.60252],[-122.184,47.60288],[-122.18436,47.6033],[-122.18539,47.60454],[-122.18592,47.60515],[-122.18631,47.6056],[-122.18677,47.60616],[-122.18712,47.60658],[-122.18737,47.60694],[-122.18762,47.60735],[-122.18778,47.60763],[-122.18795,47.60797],[-122.18812,47.60834],[-122.18836,47.60897],[-122.18854,47.60952],[-122.18865,47.61005],[-122.18871,47.61063],[-122.18877,47.6112],[-122.18882,47.61222],[-122.18889,47.61353],[-122.18893,47.61523],[-122.18893,47.61543],[-122.18895,47.61677],[-122.18894,47.61735],[-122.18892,47.61925],[-122.1889,47.61986],[-122.18887,47.62164],[-122.18886,47.62313],[-122.18886,47.62487],[-122.18888,47.62593],[-122.1889,47.62693],[-122.18887,47.62766],[-122.18883,47.62821],[-122.18877,47.6289],[-122.1887,47.62949],[-122.18861,47.63005],[-122.18851,47.63063],[-122.18844,47.63099],[-122.18823,47.63205],[-122.18804,47.63268],[-122.18782,47.63339],[-122.18766,47.63387],[-122.18734,47.63477],[-122.18713,47.63537],[-122.18697,47.63594],[-122.18687,47.63635],[-122.18681,47.6368],[-122.18678,47.63728],[-122.18675,47.63818],[-122.18671,47.6406],[-122.18672,47.64128],[-122.18678,47.64211],[-122.18712,47.64532],[-122.18715,47.64648],[-122.18715,47.64782],[-122.18721,47.66115],[-122.18721,47.6612],[-122.1872,47.6625],[-122.1872,47.66372],[-122.1872,47.66536],[-122.1872,47.66717],[-122.18722,47.6689],[-122.18724,47.66962],[-122.18723,47.66981],[-122.18721,47.6702],[-122.18719,47.67047],[-122.18715,47.67076],[-122.18712,47.67097],[-122.18704,47.67135],[-122.18692,47.67174],[-122.18687,47.67188],[-122.1867,47.67226],[-122.18626,47.67312],[-122.18561,47.67441],[-122.1853,47.67503],[-122.18524,47.67516],[-122.18518,47.67528],[-122.1851,47.67546],[-122.18498,47.67578],[-122.18488,47.67608],[-122.18482,47.67635],[-122.18473,47.67685],[-122.18469,47.67731],[-122.18469,47.67763],[-122.18472,47.67888],[-122.1847,47.67948],[-122.18467,47.67992],[-122.18455,47.68074],[-122.18446,47.68124],[-122.18434,47.68169],[-122.18416,47.68229],[-122.18356,47.6841],[-122.18289,47.68616],[-122.18251,47.6873],[-122.18214,47.68852],[-122.18185,47.68957],[-122.18143,47.69125],[-122.18125,47.69208],[-122.18115,47.69257],[-122.18109,47.6929],[-122.18086,47.69446],[-122.18063,47.69597],[-122.18037,47.69768],[-122.18005,47.69972],[-122.17988,47.70057],[-122.1798,47.70095],[-122.1797,47.70167],[-122.17967,47.70228],[-122.17967,47.70263],[-122.17969,47.70304],[-122.17972,47.70336],[-122.17977,47.70368],[-122.17986,47.70419],[-122.18001,47.70479],[-122.18018,47.70527],[-122.1803,47.7056],[-122.18057,47.70625],[-122.18082,47.70669],[-122.18099,47.707],[-122.18155,47.70799],[-122.18297,47.71033],[-122.18337,47.71098],[-122.18444,47.71278],[-122.18564,47.71484],[-122.18758,47.71822],[-122.18781,47.71865],[-122.18879,47.72042],[-122.18903,47.72084],[-122.18935,47.72145],[-122.18957,47.7219],[-122.18975,47.7224],[-122.18993,47.72295],[-122.19008,47.72364],[-122.19012,47.72424],[-122.19011,47.7252],[-122.19007,47.72568],[-122.18998,47.72624],[-122.18986,47.72672],[-122.18965,47.7274],[-122.18935,47.72844],[-122.1891,47.72928],[-122.18874,47.73064],[-122.18846,47.73239],[-122.18833,47.73315],[-122.18807,47.73478],[-122.18787,47.73605],[-122.18757,47.738],[-122.18748,47.73854],[-122.18738,47.73924],[-122.18732,47.73984],[-122.18728,47.74034],[-122.18726,47.74082],[-122.18723,47.74132],[-122.18721,47.74269],[-122.18724,47.74722],[-122.18724,47.74905],[-122.18722,47.7496],[-122.18719,47.75018],[-122.18715,47.75063],[-122.18708,47.75107],[-122.18699,47.75167],[-122.18685,47.7523],[-122.18672,47.75282],[-122.18657,47.75331],[-122.18608,47.75473],[-122.18598,47.75499],[-122.18581,47.75535],[-122.18567,47.75563],[-122.18558,47.75581],[-122.18482,47.75723],[-122.18452,47.7578],[-122.18438,47.7582],[-122.18426,47.75868],[-122.18422,47.75907],[-122.1842,47.75925],[-122.1842,47.75933],[-122.18421,47.75963],[-122.18424,47.76],[-122.18433,47.76046],[-122.18447,47.76088],[-122.1846,47.76119],[-122.18475,47.76145],[-122.18491,47.76171],[-122.18509,47.76196],[-122.18531,47.76227],[-122.18554,47.76258],[-122.18629,47.7636],[-122.18765,47.76542],[-122.18819,47.76615],[-122.1884,47.76643],[-122.18874,47.76689],[-122.18889,47.7671],[-122.18908,47.76737],[-122.18926,47.76766],[-122.18943,47.768],[-122.18959,47.76838],[-122.18967,47.76865],[-122.19021,47.77124],[-122.19053,47.7728],[-122.19071,47.77367],[-122.19089,47.77452],[-122.19098,47.77497],[-122.19109,47.77538],[-122.19122,47.7758],[-122.19137,47.77615],[-122.19149,47.77642],[-122.19174,47.77688],[-122.19225,47.77772],[-122.19514,47.78231],[-122.19562,47.78304],[-122.19599,47.78358],[-122.19637,47.7841],[-122.19683,47.78464],[-122.19731,47.78514],[-122.1976,47.78543],[-122.19793,47.78574],[-122.19836,47.78612],[-122.19888,47.78653],[-122.19933,47.78687],[-122.19977,47.78718],[-122.20017,47.78745],[-122.20085,47.78787],[-122.2021,47.78855],[-122.2057,47.79037],[-122.20661,47.79083],[-122.20715,47.79111],[-122.20804,47.79157],[-122.21036,47.79274],[-122.21249,47.79381],[-122.21434,47.79475],[-122.21918,47.79721],[-122.2205,47.79788],[-122.22108,47.79818],[-122.22138,47.79833],[-122.22205,47.79868],[-122.22261,47.79901],[-122.22321,47.79941],[-122.22361,47.79972],[-122.22407,47.8001],[-122.22445,47.80047],[-122.22487,47.80092],[-122.22524,47.80138],[-122.2256,47.80194],[-122.22595,47.80252],[-122.22627,47.80309],[-122.22741,47.8049],[-122.22785,47.80562],[-122.22813,47.80615],[-122.22842,47.80668],[-122.2287,47.80722],[-122.22963,47.80927],[-122.23023,47.8106],[-122.2305,47.81112],[-122.23087,47.8117],[-122.23123,47.81216],[-122.23155,47.81254],[-122.23202,47.813],[-122.23256,47.81346],[-122.23315,47.8139],[-122.23376,47.8143],[-122.23448,47.81475],[-122.23521,47.8152],[-122.23685,47.81619],[-122.23759,47.81664],[-122.23836,47.81712],[-122.23915,47.81762],[-122.24121,47.8191],[-122.24203,47.81971],[-122.24224,47.81984],[-122.24279,47.8202],[-122.24299,47.82034],[-122.24354,47.82065],[-122.2441,47.82093],[-122.2445,47.82111],[-122.24495,47.8213],[-122.24537,47.82146],[-122.24876,47.8226],[-122.24939,47.82281],[-122.24995,47.823],[-122.25055,47.82321],[-122.25111,47.82345],[-122.25171,47.82373],[-122.25222,47.82402],[-122.25257,47.82423],[-122.25286,47.82443],[-122.25319,47.82467],[-122.25357,47.82498],[-122.25384,47.82523],[-122.25419,47.82558],[-122.2546,47.82599],[-122.25482,47.82622],[-122.25533,47.82676],[-122.25572,47.82717],[-122.2562,47.82764],[-122.25644,47.82784],[-122.25674,47.82809],[-122.25719,47.82842],[-122.25779,47.82881],[-122.25827,47.82911],[-122.25999,47.83017],[-122.26156,47.83119],[-122.26338,47.83231]]}},{"type":"Feature","properties":{"Route":"599","RouteIdentifier":"599i","Direction":"Northbound","BeginMile":0.0,"EndMile":0.33},"geometry":{"type":"LineString","coordinates":[[-122.27102,47.48195],[-122.27107,47.48212],[-122.27116,47.48235],[-122.27123,47.4825],[-122.27133,47.48269],[-122.27142,47.48282],[-122.27153,47.48295],[-122.27165,47.48309],[-122.27174,47.48319],[-122.27183,47.48327],[-122.27203,47.48344],[-122.27223,47.48359],[-122.27373,47.48462],[-122.27535,47.48568]]}},{"type":"Feature","properties":{"Route":"195","RouteIdentifier":"195i","Direction":"Northbound","BeginMile":91.68,"EndMile":93.37},"geometry":{"type":"LineString","coordinates":[[-117.43913,47.62418],[-117.43914,47.62419],[-117.4394,47.62447],[-117.43969,47.62477],[-117.43998,47.62512],[-117.44031,47.62554],[-117.44064,47.62602],[-117.44191,47.6281],[-117.44197,47.62819],[-117.44457,47.63243],[-117.44465,47.63256],[-117.44473,47.6327],[-117.44506,47.63323],[-117.44542,47.63387],[-117.44574,47.6345],[-117.4459,47.63487],[-117.44599,47.63506],[-117.44664,47.63668],[-117.44837,47.64101],[-117.44941,47.64361],[-117.44957,47.64396],[-117.44972,47.64432],[-117.45004,47.64513],[-117.45016,47.64538],[-117.45027,47.64558],[-117.45038,47.64573],[-117.45051,47.64591],[-117.45064,47.64604],[-117.45078,47.64618],[-117.45107,47.64643],[-117.45161,47.6469]]}},{"type":"Feature","properties":{"Route":"005","RouteIdentifier":"005i","Direction":"Northbound","BeginMile":188.82,"EndMile":198.92},"geometry":{"type":"LineString","coordinates":[[-122.20951,47.91176],[-122.20927,47.91236],[-122.2082,47.91478],[-122.20805,47.91516],[-122.20666,47.91829],[-122.20646,47.91875],[-122.20544,47.92103],[-122.20502,47.922],[-122.20374,47.92487],[-122.20359,47.9252],[-122.20343,47.9255],[-122.20323,47.92585],[-122.20299,47.92616],[-122.20272,47.92647],[-122.20243,47.92678],[-122.2022,47.92697],[-122.202,47.92714],[-122.2018,47.92729],[-122.20156,47.92745],[-122.20112,47.92772],[-122.19897,47.92894],[-122.19842,47.92927],[-122.19795,47.92957],[-122.19766,47.9298],[-122.1974,47.93002],[-122.19711,47.93028],[-122.19687,47.93054],[-122.19667,47.93079],[-122.19648,47.93106],[-122.19627,47.93141],[-122.19614,47.93169],[-122.19597,47.93214],[-122.19587,47.93263],[-122.19583,47.93302],[-122.19582,47.93335],[-122.19587,47.93382],[-122.19594,47.93429],[-122.19639,47.9367],[-122.19669,47.9383],[-122.19676,47.93872],[-122.19679,47.93917],[-122.1968,47.93968],[-122.19675,47.94023],[-122.1967,47.94071],[-122.19663,47.94117],[-122.19657,47.94159],[-122.19655,47.94205],[-122.19657,47.94234],[-122.19662,47.94275],[-122.1967,47.94314],[-122.19685,47.94357],[-122.19698,47.94396],[-122.19714,47.94442],[-122.19819,47.94742],[-122.19841,47.94802],[-122.19858,47.94853],[-122.19866,47.94876],[-122.19882,47.94932],[-122.19895,47.94995],[-122.19903,47.95066],[-122.19913,47.95198],[-122.19917,47.95238],[-122.19925,47.95336],[-122.19939,47.95548],[-122.19943,47.95705],[-122.19927,47.96132],[-122.19905,47.96435],[-122.19896,47.96566],[-122.19889,47.96604],[-122.1988,47.96645],[-122.19871,47.96675],[-122.19859,47.96698],[-122.19849,47.96714],[-122.19834,47.96743],[-122.19814,47.96771],[-122.19794,47.96794],[-122.19772,47.96819],[-122.19764,47.96827],[-122.19739,47.96851],[-122.19719,47.96867],[-122.19702,47.9688],[-122.19674,47.969],[-122.19636,47.96926],[-122.19562,47.96973],[-122.19458,47.97041],[-122.19343,47.97122],[-122.19293,47.97166],[-122.19272,47.97184],[-122.19243,47.97214],[-122.19222,47.97239],[-122.19199,47.97267],[-122.19171,47.97307],[-122.19146,47.97344],[-122.19122,47.97389],[-122.19104,47.97429],[-122.19093,47.97459],[-122.19082,47.97495],[-122.19056,47.97603],[-122.19044,47.97658],[-122.19038,47.97689],[-122.19032,47.97715],[-122.19023,47.97755],[-122.19011,47.97793],[-122.19001,47.97823],[-122.18985,47.9786],[-122.18965,47.97894],[-122.18947,47.97921],[-122.18931,47.97943],[-122.18908,47.97969],[-122.18882,47.97996],[-122.18857,47.98018],[-122.18823,47.98047],[-122.18749,47.98106],[-122.1868,47.98159],[-122.18637,47.98192],[-122.18508,47.98293],[-122.1847,47.98324],[-122.18439,47.98353],[-122.18414,47.98379],[-122.18392,47.98405],[-122.18372,47.98433],[-122.18355,47.98462],[-122.18335,47.98499],[-122.18319,47.98537],[-122.18313,47.98559],[-122.18307,47.98584],[-122.18303,47.98608],[-122.183,47.98638],[-122.18299,47.98669],[-122.18298,47.98694],[-122.18296,47.98756],[-122.18294,47.98823],[-122.18293,47.98859],[-122.18292,47.98897],[-122.18289,47.98938],[-122.18284,47.9897],[-122.18275,47.99001],[-122.18265,47.99025],[-122.18252,47.99054],[-122.18236,47.99081],[-122.18219,47.99103],[-122.182,47.99126],[-122.18174,47.99153],[-122.1815,47.99174],[-122.18139,47.99183],[-122.17711,47.99518],[-122.176,47.99604],[-122.17567,47.99632],[-122.17538,47.99657],[-122.17512,47.99682],[-122.17483,47.99716],[-122.17462,47.99744],[-122.17448,47.99769],[-122.17433,47.99794],[-122.17421,47.9982],[-122.17409,47.99849],[-122.17401,47.99879],[-122.17395,47.99909],[-122.17392,47.99936],[-122.17391,47.99957],[-122.17391,47.99987],[-122.17392,48.00019],[-122.17426,48.00753],[-122.17475,48.01757],[-122.17477,48.01822],[-122.17483,48.01891],[-122.17488,48.01948],[-122.17494,48.01996],[-122.17504,48.02059],[-122.17554,48.02317],[-122.17575,48.02424],[-122.17787,48.03499],[-122.17844,48.0378],[-122.17854,48.03835],[-122.17865,48.0389],[-122.17878,48.0394],[-122.17889,48.03982],[-122.17902,48.04019],[-122.17926,48.04082],[-122.17962,48.04161],[-122.18001,48.04234],[-122.18055,48.04328],[-122.18102,48.04413],[-122.18356,48.04855],[-122.18366,48.04873],[-122.18386,48.04908],[-122.18393,48.04927]]}},{"type":"Feature","properties":{"Route":"018","RouteIdentifier":"018d","Direction":"Westbound","BeginMile":0.21,"EndMile":3.24},"geometry":{"type":"LineString","coordinates":[[-122.31352,47.28969],[-122.31273,47.28968],[-122.31212,47.28968],[-122.30972,47.28966],[-122.30956,47.28971],[-122.30935,47.28971],[-122.30811,47.2897],[-122.30687,47.28969],[-122.30661,47.28969],[-122.30634,47.28968],[-122.3058,47.28967],[-122.30406,47.28966],[-122.30346,47.28966],[-122.30282,47.28968],[-122.30218,47.28973],[-122.30146,47.28983],[-122.30087,47.28995],[-122.30035,47.2901],[-122.29983,47.29026],[-122.29943,47.29042],[-122.29896,47.29063],[-122.29854,47.29084],[-122.29765,47.29132],[-122.2923,47.29419],[-122.29028,47.29529],[-122.2872,47.29694],[-122.28463,47.29829],[-122.28159,47.29991],[-122.27858,47.30154],[-122.27651,47.30267],[-122.27596,47.30295],[-122.27553,47.30314],[-122.27512,47.30332],[-122.27464,47.30349],[-122.2742,47.30363],[-122.27396,47.3037],[-122.27355,47.30381],[-122.27321,47.30389],[-122.27285,47.30397],[-122.27258,47.30402],[-122.27228,47.30407],[-122.27187,47.30414],[-122.27146,47.30419],[-122.27104,47.30422],[-122.27063,47.30425],[-122.27028,47.30426],[-122.26985,47.30425],[-122.26941,47.30424],[-122.26898,47.30422],[-122.26862,47.30418],[-122.26823,47.30414],[-122.26733,47.30402],[-122.26683,47.30396],[-122.26638,47.30392],[-122.26599,47.3039],[-122.26564,47.30389],[-122.26529,47.3039],[-122.26397,47.30396],[-122.26366,47.30397],[-122.26328,47.30399],[-122.26286,47.30399],[-122.26242,47.30398],[-122.26195,47.30396],[-122.26153,47.30393],[-122.26116,47.30388],[-122.26074,47.30382],[-122.26032,47.30374],[-122.25992,47.30366],[-122.25676,47.30299],[-122.25632,47.3029]]}},{"type":"Feature","properties":{"Route":"005","RouteIdentifier":"005i","Direction":"Northbound","BeginMile":227.45,"EndMile":229.03},"geometry":{"type":"LineString","coordinates":[[-122.34105,48.43202],[-122.34101,48.43572],[-122.34101,48.43604],[-122.34103,48.44208],[-122.34104,48.44331],[-122.34112,48.44636],[-122.34114,48.44698],[-122.34121,48.45215],[-122.34128,48.45475]]}},{"type":"Feature","properties":{"Route":"005","RouteIdentifier":"005i","Direction":"Northbound","BeginMile":180.59,"EndMile":183.88},"geometry":{"type":"LineString","coordinates":[[-122.29429,47.81264],[-122.29265,47.81352],[-122.29191,47.81392],[-122.28495,47.81763],[-122.28244,47.81897],[-122.27876,47.82095],[-122.27702,47.82185],[-122.2763,47.82224],[-122.27463,47.82313],[-122.271,47.82508],[-122.27011,47.82555],[-122.26921,47.82602],[-122.26775,47.82679],[-122.26616,47.82765],[-122.26564,47.82793],[-122.26521,47.82819],[-122.26484,47.82844],[-122.26447,47.8287],[-122.2641,47.829],[-122.26379,47.82927],[-122.2635,47.82955],[-122.26325,47.8298],[-122.26303,47.83005],[-122.26281,47.83033],[-122.26264,47.83056],[-122.26247,47.83082],[-122.26238,47.83096],[-122.2623,47.83109],[-122.26216,47.83133],[-122.26207,47.8315],[-122.26201,47.83162],[-122.26185,47.83202],[-122.26172,47.83241],[-122.26164,47.83271],[-122.26156,47.833],[-122.26142,47.83356],[-122.26129,47.83407],[-122.26105,47.83503],[-122.25893,47.84329],[-122.25839,47.84542],[-122.25807,47.84662],[-122.25746,47.84903],[-122.25725,47.84983]]}},{"type":"Feature","properties":{"Route":"005","RouteIdentifier":"005d","Direction":"Southbound","BeginMile":227.45,"EndMile":229.03},"geometry":{"type":"LineString","coordinates":[[-122.3412,48.432],[-122.34116,48.43573],[-122.34116,48.43605],[-122.34117,48.44006],[-122.34117,48.44332],[-122.34125,48.44635],[-122.34148,48.45215],[-122.34155,48.45468]]}},{"type":"Feature","properties":{"Route":"005","RouteIdentifier":"005d","Direction":"Southbound","BeginMile":124.7,"EndMile":179.27},"geometry":{"type":"LineString","coordinates":[[-122.52556,47.13701],[-122.52276,47.13847],[-122.52195,47.13888],[-122.52138,47.13917],[-122.52097,47.13935],[-122.52065,47.13947],[-122.52012,47.13964],[-122.51938,47.13985],[-122.51898,47.13995],[-122.51853,47.14007],[-122.5179,47.14026],[-122.51743,47.14041],[-122.51708,47.14056],[-122.51681,47.14068],[-122.51613,47.14102],[-122.51505,47.14158],[-122.5143,47.14199],[-122.51137,47.14353],[-122.50835,47.14517],[-122.50814,47.14529],[-122.50443,47.14727],[-122.50281,47.14814],[-122.5017,47.14878],[-122.49985,47.14984],[-122.49916,47.15024],[-122.49555,47.15235],[-122.48981,47.1557],[-122.48515,47.15842],[-122.48451,47.15881],[-122.48395,47.1592],[-122.48358,47.1595],[-122.48332,47.15972],[-122.4831,47.15994],[-122.48205,47.161],[-122.47983,47.16318],[-122.47287,47.17011],[-122.47268,47.17031],[-122.46796,47.17496],[-122.46753,47.17539],[-122.46723,47.17571],[-122.46695,47.17605],[-122.46672,47.17637],[-122.46645,47.17681],[-122.4662,47.17727],[-122.46603,47.17767],[-122.46591,47.17805],[-122.46509,47.18107],[-122.46435,47.18372],[-122.46327,47.18762],[-122.46285,47.18912],[-122.46277,47.1895],[-122.4627,47.18984],[-122.46261,47.19032],[-122.46257,47.19066],[-122.46251,47.19146],[-122.46249,47.1927],[-122.46247,47.19304],[-122.46246,47.19357],[-122.46246,47.19431],[-122.46244,47.19551],[-122.46239,47.19657],[-122.46235,47.19707],[-122.4623,47.19763],[-122.46222,47.19815],[-122.46195,47.2],[-122.46183,47.20062],[-122.46148,47.20322],[-122.46149,47.20379],[-122.46154,47.20452],[-122.46174,47.20658],[-122.46255,47.21233],[-122.46274,47.21389],[-122.46294,47.21589],[-122.46301,47.21648],[-122.4633,47.21826],[-122.46342,47.21934],[-122.46359,47.22101],[-122.46356,47.22242],[-122.46355,47.22299],[-122.46352,47.22435],[-122.46352,47.22463],[-122.46347,47.2265],[-122.46347,47.22689],[-122.46346,47.22707],[-122.46344,47.2274],[-122.46336,47.22784],[-122.46325,47.22818],[-122.4631,47.22853],[-122.46292,47.2288],[-122.46263,47.22918],[-122.46241,47.22941],[-122.46219,47.22961],[-122.46191,47.22983],[-122.46167,47.23],[-122.46157,47.23007],[-122.46118,47.23029],[-122.46074,47.2305],[-122.46039,47.23066],[-122.46003,47.23079],[-122.45983,47.23084],[-122.45982,47.23084],[-122.45954,47.23091],[-122.45902,47.23102],[-122.45848,47.2311],[-122.45803,47.23113],[-122.45765,47.23114],[-122.45708,47.23113],[-122.45656,47.23108],[-122.45609,47.23103],[-122.45418,47.23081],[-122.45228,47.23057],[-122.45135,47.23047],[-122.45043,47.23037],[-122.45008,47.23035],[-122.4496,47.23031],[-122.44889,47.23029],[-122.44828,47.23029],[-122.44771,47.2303],[-122.44722,47.23032],[-122.44663,47.23035],[-122.44599,47.23042],[-122.44543,47.2305],[-122.44483,47.23058],[-122.44427,47.23068],[-122.44375,47.23079],[-122.44307,47.23096],[-122.44212,47.23123],[-122.4409,47.23162],[-122.43994,47.23192],[-122.43801,47.2325],[-122.43741,47.23267],[-122.43677,47.23283],[-122.4361,47.23298],[-122.43549,47.23308],[-122.43483,47.23317],[-122.4338,47.23328],[-122.43162,47.23352],[-122.43112,47.23358],[-122.43059,47.23367],[-122.43024,47.23373],[-122.42965,47.23387],[-122.42908,47.23402],[-122.42829,47.23427],[-122.42526,47.23556],[-122.42452,47.23588],[-122.42326,47.23643],[-122.42326,47.23643],[-122.42254,47.23675],[-122.42138,47.23725],[-122.42088,47.23746],[-122.42034,47.23769],[-122.41979,47.23788],[-122.41916,47.23807],[-122.41856,47.23822],[-122.41796,47.23836],[-122.41768,47.23841],[-122.41768,47.23841],[-122.41728,47.23848],[-122.41665,47.23858],[-122.41101,47.23917],[-122.41015,47.23925],[-122.4086,47.23933],[-122.40757,47.23941],[-122.40705,47.23944],[-122.40674,47.23945],[-122.40584,47.23949],[-122.40513,47.23951],[-122.4047,47.23953],[-122.40438,47.23956],[-122.404,47.23962],[-122.40342,47.23972],[-122.40257,47.23993],[-122.40212,47.24001],[-122.40181,47.24008],[-122.40115,47.24023],[-122.40006,47.24053],[-122.39942,47.24072],[-122.399,47.24083],[-122.39848,47.24096],[-122.39791,47.24109],[-122.3974,47.2412],[-122.3966,47.24137],[-122.39627,47.24143],[-122.39576,47.2415],[-122.3954,47.24154],[-122.3954,47.24154],[-122.39508,47.24157],[-122.39449,47.24163],[-122.39384,47.24166],[-122.39285,47.24169],[-122.39168,47.2417],[-122.38893,47.24152],[-122.38711,47.24144],[-122.38569,47.24135],[-122.37964,47.24095],[-122.37813,47.24083],[-122.37698,47.24076],[-122.37617,47.24073],[-122.37496,47.24069],[-122.37448,47.24068],[-122.37424,47.24068],[-122.37181,47.24067],[-122.37111,47.24067],[-122.36959,47.24067],[-122.36782,47.24071],[-122.36513,47.24079],[-122.36191,47.24088],[-122.35704,47.24099],[-122.35139,47.24112],[-122.34729,47.24123],[-122.34243,47.24135],[-122.34184,47.24137],[-122.34133,47.24141],[-122.3408,47.24148],[-122.34021,47.24158],[-122.33963,47.24171],[-122.33909,47.24186],[-122.33861,47.24203],[-122.33833,47.24215],[-122.33833,47.24215],[-122.33801,47.24228],[-122.33753,47.2425],[-122.33697,47.24282],[-122.33653,47.24312],[-122.33597,47.24357],[-122.33564,47.24388],[-122.33534,47.2442],[-122.33507,47.24458],[-122.33486,47.2449],[-122.33468,47.24523],[-122.33453,47.24561],[-122.33438,47.24606],[-122.33426,47.24649],[-122.33415,47.2469],[-122.33409,47.24711],[-122.33299,47.25126],[-122.33278,47.25199],[-122.33256,47.25287],[-122.33237,47.25349],[-122.33194,47.25448],[-122.33157,47.25524],[-122.33107,47.25612],[-122.33036,47.25728],[-122.33031,47.25737],[-122.32986,47.258],[-122.32939,47.25858],[-122.32898,47.25907],[-122.32847,47.25965],[-122.3279,47.26024],[-122.32744,47.26068],[-122.32679,47.26129],[-122.3262,47.26183],[-122.3224,47.26531],[-122.31956,47.26792],[-122.31867,47.26873],[-122.31784,47.26955],[-122.31716,47.27026],[-122.31667,47.2708],[-122.31601,47.27157],[-122.31556,47.27211],[-122.31492,47.27296],[-122.31444,47.27364],[-122.3139,47.27446],[-122.31344,47.27519],[-122.31272,47.27637],[-122.31089,47.27935],[-122.31048,47.28],[-122.31027,47.28033],[-122.31003,47.28079],[-122.30974,47.28139],[-122.30951,47.28189],[-122.30926,47.28249],[-122.30875,47.28404],[-122.30833,47.28527],[-122.30788,47.28663],[-122.30749,47.28776],[-122.30737,47.28817],[-122.30698,47.28935],[-122.3068,47.28991],[-122.30668,47.29025],[-122.30619,47.29169],[-122.30538,47.29406],[-122.30325,47.30042],[-122.30311,47.30085],[-122.30121,47.30649],[-122.30085,47.30753],[-122.30063,47.30811],[-122.30039,47.30869],[-122.30021,47.30918],[-122.29916,47.31172],[-122.29864,47.31298],[-122.29777,47.31513],[-122.29668,47.31775],[-122.29606,47.31927],[-122.29587,47.31976],[-122.29567,47.32029],[-122.29551,47.32078],[-122.29533,47.32135],[-122.29515,47.32198],[-122.29502,47.32246],[-122.29492,47.32292],[-122.29478,47.3235],[-122.29468,47.324],[-122.2946,47.32456],[-122.29452,47.32514],[-122.29442,47.32625],[-122.29437,47.32698],[-122.29432,47.32752],[-122.29407,47.33037],[-122.2937,47.33479],[-122.2931,47.34188],[-122.29306,47.34237],[-122.29303,47.34289],[-122.29302,47.34313],[-122.29301,47.34355],[-122.293,47.34389],[-122.29304,47.34449],[-122.29311,47.34508],[-122.29319,47.34556],[-122.29331,47.34614],[-122.29344,47.34664],[-122.29361,47.34722],[-122.29381,47.34774],[-122.29404,47.34826],[-122.29432,47.34883],[-122.29456,47.34929],[-122.29548,47.35106],[-122.29573,47.35157],[-122.29587,47.35188],[-122.29614,47.35253],[-122.29627,47.35292],[-122.29643,47.35344],[-122.29658,47.35405],[-122.29667,47.35457],[-122.29676,47.35511],[-122.29681,47.3557],[-122.29682,47.35619],[-122.29682,47.35673],[-122.29679,47.35729],[-122.29676,47.35766],[-122.29671,47.35806],[-122.29665,47.35838],[-122.29654,47.35889],[-122.29553,47.36284],[-122.29382,47.36954],[-122.29371,47.36997],[-122.29097,47.38064],[-122.29081,47.3814],[-122.29067,47.38217],[-122.29057,47.38296],[-122.2905,47.38375],[-122.29044,47.38453],[-122.29042,47.38539],[-122.29043,47.38594],[-122.29046,47.38675],[-122.29053,47.38754],[-122.29054,47.3878],[-122.29106,47.39138],[-122.29117,47.39209],[-122.29141,47.39369],[-122.29211,47.39838],[-122.29249,47.40095],[-122.29254,47.40133],[-122.29257,47.40175],[-122.29261,47.40217],[-122.29264,47.40257],[-122.29268,47.40347],[-122.29267,47.40422],[-122.29265,47.40462],[-122.29264,47.40497],[-122.29257,47.40584],[-122.29247,47.40666],[-122.29235,47.40748],[-122.29221,47.40822],[-122.2921,47.40871],[-122.29189,47.40956],[-122.29098,47.41287],[-122.29053,47.41453],[-122.29029,47.41535],[-122.29,47.41632],[-122.28979,47.41688],[-122.28953,47.41743],[-122.28929,47.41788],[-122.28905,47.41832],[-122.28874,47.41877],[-122.28837,47.41926],[-122.28798,47.41971],[-122.2877,47.42006],[-122.2874,47.42036],[-122.28709,47.42065],[-122.28676,47.42097],[-122.28608,47.42153],[-122.28542,47.42204],[-122.28485,47.42245],[-122.28288,47.42384],[-122.27979,47.42601],[-122.27762,47.42752],[-122.27636,47.42838],[-122.27532,47.429],[-122.27453,47.42948],[-122.27379,47.42993],[-122.27315,47.43037],[-122.27257,47.43084],[-122.27211,47.43126],[-122.27191,47.43146],[-122.27151,47.43191],[-122.27134,47.43213],[-122.27116,47.43238],[-122.27095,47.43271],[-122.27074,47.43309],[-122.27055,47.43349],[-122.2704,47.43386],[-122.27028,47.43426],[-122.27017,47.43471],[-122.26984,47.43617],[-122.26943,47.43808],[-122.26816,47.44385],[-122.26779,47.4454],[-122.26755,47.44625],[-122.26732,47.44702],[-122.26702,47.44785],[-122.26669,47.44867],[-122.26558,47.45141],[-122.26533,47.45206],[-122.26512,47.45259],[-122.26488,47.4532],[-122.26471,47.4537],[-122.26455,47.45425],[-122.2644,47.45492],[-122.2643,47.45555],[-122.26427,47.45579],[-122.26422,47.45635],[-122.2642,47.45683],[-122.26421,47.45729],[-122.26422,47.45752],[-122.26425,47.45802],[-122.26427,47.45823],[-122.26435,47.4588],[-122.26443,47.45927],[-122.26456,47.4598],[-122.26468,47.46025],[-122.2648,47.46064],[-122.26486,47.46082],[-122.26501,47.46121],[-122.26517,47.46158],[-122.26523,47.46173],[-122.26542,47.46212],[-122.26553,47.46232],[-122.26587,47.46294],[-122.26613,47.4634],[-122.26663,47.46443],[-122.26685,47.46488],[-122.26713,47.46544],[-122.2674,47.46612],[-122.26782,47.4674],[-122.26801,47.46801],[-122.2682,47.46865],[-122.26833,47.46916],[-122.26861,47.47024],[-122.26895,47.47159],[-122.2691,47.47215],[-122.26925,47.47268],[-122.26943,47.47325],[-122.26964,47.47381],[-122.26974,47.47406],[-122.26992,47.47446],[-122.27014,47.47491],[-122.27036,47.47533],[-122.27154,47.47746],[-122.27203,47.47828],[-122.27218,47.47856],[-122.27245,47.47909],[-122.27259,47.47943],[-122.2727,47.47978],[-122.27276,47.4802],[-122.27277,47.48062],[-122.27271,47.48112],[-122.27257,47.48154],[-122.27239,47.48198],[-122.27221,47.48227],[-122.27198,47.48263],[-122.2718,47.48282],[-122.27157,47.48303],[-122.27095,47.48359],[-122.27044,47.484],[-122.26938,47.48484],[-122.26778,47.48611],[-122.26586,47.48759],[-122.26571,47.48773],[-122.26545,47.48799],[-122.26521,47.48827],[-122.26508,47.48848],[-122.26496,47.48868],[-122.26481,47.48899],[-122.26471,47.48927],[-122.26465,47.48951],[-122.26462,47.48984],[-122.26461,47.49009],[-122.26464,47.49035],[-122.26468,47.4906],[-122.26476,47.49085],[-122.26485,47.49108],[-122.26501,47.4914],[-122.26517,47.49165],[-122.26538,47.49191],[-122.26561,47.49216],[-122.26589,47.49243],[-122.26613,47.49266],[-122.26642,47.49289],[-122.2673,47.4936],[-122.26942,47.49532],[-122.27131,47.49692],[-122.27217,47.49767],[-122.27302,47.49844],[-122.27414,47.4995],[-122.27827,47.50352],[-122.27911,47.50446],[-122.27966,47.50507],[-122.28013,47.50568],[-122.28142,47.50735],[-122.28177,47.5078],[-122.2842,47.51099],[-122.2861,47.51348],[-122.28626,47.51369],[-122.28668,47.51424],[-122.28758,47.51546],[-122.28796,47.516],[-122.28832,47.51657],[-122.2886,47.51703],[-122.29046,47.52075],[-122.29072,47.52131],[-122.29094,47.52182],[-122.29114,47.52238],[-122.29205,47.52504],[-122.29235,47.52583],[-122.29271,47.52665],[-122.29312,47.52753],[-122.29349,47.52827],[-122.2944,47.5301],[-122.29462,47.53054],[-122.29527,47.53192],[-122.2959,47.53313],[-122.2963,47.53395],[-122.29669,47.53472],[-122.29696,47.53511],[-122.29717,47.53538],[-122.29727,47.5355],[-122.2976,47.53588],[-122.29787,47.53614],[-122.2981,47.53634],[-122.29823,47.53646],[-122.2983,47.53652],[-122.2995,47.53751],[-122.30008,47.53798],[-122.30173,47.53934],[-122.30228,47.5398],[-122.30299,47.54042],[-122.30383,47.54121],[-122.30453,47.54189],[-122.30575,47.54313],[-122.30721,47.54462],[-122.30765,47.5451],[-122.30819,47.54563],[-122.30867,47.5461],[-122.30919,47.54655],[-122.30967,47.54695],[-122.31031,47.5474],[-122.31066,47.54761],[-122.31097,47.54782],[-122.31206,47.54842],[-122.31362,47.54931],[-122.31482,47.55],[-122.31521,47.55024],[-122.31557,47.55046],[-122.31596,47.55071],[-122.31635,47.551],[-122.31672,47.55131],[-122.31709,47.55165],[-122.31739,47.552],[-122.3176,47.5523],[-122.318,47.55299],[-122.31815,47.55324],[-122.31844,47.55372],[-122.31918,47.55501],[-122.31965,47.55571],[-122.32028,47.55654],[-122.32088,47.55733],[-122.3211,47.55766],[-122.3213,47.558],[-122.32155,47.55848],[-122.32179,47.55907],[-122.32194,47.55966],[-122.32202,47.56016],[-122.32205,47.56065],[-122.32205,47.56144],[-122.32201,47.56186],[-122.32196,47.56222],[-122.32187,47.56264],[-122.32178,47.56298],[-122.32171,47.56327],[-122.32116,47.56563],[-122.3209,47.5669],[-122.32055,47.5687],[-122.32042,47.56935],[-122.32038,47.56968],[-122.32026,47.57074],[-122.32018,47.5717],[-122.32017,47.57185],[-122.32015,47.57229],[-122.32014,47.57242],[-122.32011,47.57318],[-122.32011,47.5733],[-122.32002,47.57466],[-122.31999,47.57524],[-122.31994,47.57577],[-122.31988,47.57629],[-122.31978,47.57691],[-122.31971,47.57723],[-122.31956,47.57778],[-122.3195,47.57802],[-122.3194,47.5784],[-122.31935,47.57873],[-122.31931,47.57912],[-122.3193,47.57936],[-122.31929,47.57973],[-122.31932,47.58014],[-122.31937,47.5805],[-122.31947,47.58094],[-122.31959,47.58136],[-122.31997,47.58287],[-122.32005,47.58323],[-122.32012,47.58359],[-122.32019,47.58398],[-122.32024,47.58443],[-122.32029,47.58483],[-122.32032,47.5852],[-122.32039,47.58615],[-122.32042,47.58658],[-122.32044,47.58696],[-122.32047,47.5874],[-122.32052,47.58775],[-122.32058,47.58811],[-122.32065,47.58851],[-122.32076,47.58892],[-122.32087,47.58928],[-122.32097,47.58965],[-122.32109,47.59012],[-122.32119,47.59051],[-122.32126,47.59091],[-122.32127,47.59099],[-122.3213,47.59141],[-122.32128,47.59174],[-122.32125,47.59195],[-122.32122,47.59218],[-122.32114,47.59256],[-122.32095,47.59346],[-122.32092,47.59365],[-122.32089,47.59382],[-122.32083,47.59413],[-122.32066,47.59498],[-122.3206,47.59531],[-122.32059,47.59548],[-122.32057,47.5956],[-122.32056,47.59611],[-122.32056,47.59628],[-122.32062,47.59674],[-122.3207,47.59711],[-122.32082,47.59744],[-122.32095,47.59777],[-122.32107,47.59802],[-122.32121,47.59828],[-122.32137,47.59853],[-122.32155,47.59878],[-122.32172,47.59901],[-122.32197,47.59928],[-122.32216,47.59949],[-122.32223,47.59956],[-122.32247,47.59977],[-122.32273,47.6],[-122.32307,47.60028],[-122.32491,47.60171],[-122.32562,47.60224],[-122.32595,47.60248],[-122.32621,47.60271],[-122.32649,47.60295],[-122.32678,47.60322],[-122.32692,47.60337],[-122.32703,47.60348],[-122.32729,47.60376],[-122.32886,47.60559],[-122.33023,47.60721],[-122.3308,47.60797],[-122.33106,47.60844],[-122.33115,47.60863],[-122.33122,47.60882],[-122.33131,47.60909],[-122.33138,47.60944],[-122.33141,47.60977],[-122.33143,47.61001],[-122.33143,47.61034],[-122.33138,47.6107],[-122.33128,47.61108],[-122.33115,47.61146],[-122.33092,47.61202],[-122.33062,47.61273],[-122.33059,47.61282],[-122.33017,47.61382],[-122.3299,47.61446],[-122.32953,47.61542],[-122.32927,47.61609],[-122.32918,47.61634],[-122.32893,47.61716],[-122.32883,47.61762],[-122.32874,47.6181],[-122.32869,47.61848],[-122.32863,47.61965],[-122.32865,47.62037],[-122.32866,47.62057],[-122.32866,47.62069],[-122.32867,47.62133],[-122.3287,47.62204],[-122.32871,47.62325],[-122.32872,47.6236],[-122.32872,47.62463],[-122.32873,47.62548],[-122.32878,47.62656],[-122.32879,47.62679],[-122.32867,47.62745],[-122.3286,47.62775],[-122.3285,47.6281],[-122.32842,47.62827],[-122.32832,47.62848],[-122.32818,47.62872],[-122.32797,47.62903],[-122.32782,47.62924],[-122.32752,47.62955],[-122.32711,47.62993],[-122.32647,47.63052],[-122.32626,47.63071],[-122.32592,47.631],[-122.32557,47.63132],[-122.32498,47.63196],[-122.32482,47.63212],[-122.32467,47.63232],[-122.32446,47.6327],[-122.32429,47.63306],[-122.32411,47.6335],[-122.32385,47.63417],[-122.32376,47.63442],[-122.32366,47.63471],[-122.32358,47.63503],[-122.32352,47.63525],[-122.32344,47.63559],[-122.32338,47.6359],[-122.32333,47.6362],[-122.3233,47.63642],[-122.32328,47.63662],[-122.32327,47.63678],[-122.32327,47.63694],[-122.32326,47.63711],[-122.32335,47.63974],[-122.3233,47.64138],[-122.32321,47.6432],[-122.32295,47.64619],[-122.3229,47.64665],[-122.32282,47.64736],[-122.32272,47.64843],[-122.32258,47.65569],[-122.32257,47.65618],[-122.32262,47.65717],[-122.32266,47.65803],[-122.32265,47.65845],[-122.32264,47.65898],[-122.32258,47.65973],[-122.32244,47.66134],[-122.32227,47.66335],[-122.32231,47.66445],[-122.32231,47.66497],[-122.32236,47.66754],[-122.32237,47.66786],[-122.32237,47.66832],[-122.32236,47.66899],[-122.32231,47.67045],[-122.32227,47.67089],[-122.32223,47.67123],[-122.32214,47.6718],[-122.32194,47.67263],[-122.32153,47.67399],[-122.32148,47.67419],[-122.32137,47.67461],[-122.3213,47.67498],[-122.32122,47.67542],[-122.32116,47.67579],[-122.32112,47.67618],[-122.32104,47.67672],[-122.32106,47.67802],[-122.3211,47.67966],[-122.32111,47.67992],[-122.32115,47.68047],[-122.32122,47.681],[-122.32133,47.6815],[-122.3214,47.6817],[-122.32148,47.68189],[-122.3217,47.68233],[-122.32184,47.68257],[-122.322,47.68284],[-122.32218,47.68308],[-122.3223,47.68323],[-122.32246,47.68343],[-122.32263,47.68362],[-122.32275,47.68374],[-122.32291,47.68389],[-122.32446,47.68511],[-122.32557,47.68597],[-122.32655,47.68674],[-122.32744,47.68748],[-122.32785,47.68784],[-122.32803,47.68802],[-122.32826,47.6883],[-122.3285,47.68856],[-122.32873,47.68895],[-122.32897,47.68936],[-122.32913,47.68964],[-122.32923,47.68989],[-122.32936,47.6902],[-122.32942,47.69047],[-122.32954,47.6915],[-122.32951,47.69275],[-122.32949,47.69346],[-122.32949,47.6941],[-122.3295,47.6948],[-122.32954,47.69533],[-122.3296,47.69592],[-122.32962,47.69614],[-122.3297,47.69678],[-122.32995,47.69892],[-122.33009,47.70007],[-122.33018,47.70115],[-122.33017,47.7016],[-122.33014,47.70218],[-122.33003,47.70362],[-122.32995,47.70488],[-122.33016,47.70842],[-122.33015,47.70889],[-122.33014,47.70907],[-122.33009,47.70952],[-122.32999,47.7099],[-122.32988,47.71022],[-122.32975,47.71049],[-122.32961,47.71079],[-122.32947,47.71102],[-122.32935,47.71123],[-122.3291,47.71159],[-122.32863,47.71216],[-122.32823,47.71269],[-122.3281,47.71288],[-122.32736,47.7138],[-122.32649,47.71488],[-122.32567,47.71589],[-122.32534,47.71643],[-122.32506,47.71696],[-122.32478,47.71769],[-122.32465,47.71818],[-122.32459,47.71851],[-122.32452,47.71917],[-122.32449,47.72018],[-122.3245,47.72314],[-122.32444,47.72788],[-122.32442,47.72966],[-122.32441,47.73092],[-122.32442,47.73131],[-122.32446,47.73177],[-122.32451,47.73215],[-122.32459,47.73256],[-122.32467,47.73294],[-122.32478,47.73335],[-122.32492,47.73376],[-122.32503,47.73408],[-122.32516,47.73437],[-122.32534,47.73475],[-122.32552,47.73509],[-122.32576,47.7355],[-122.32602,47.73594],[-122.32686,47.73729],[-122.32922,47.74121],[-122.32948,47.74166],[-122.32971,47.74212],[-122.32985,47.74252],[-122.32996,47.74293],[-122.33004,47.74335],[-122.33007,47.74377],[-122.33007,47.74405],[-122.33005,47.74441],[-122.32998,47.74478],[-122.32988,47.74519],[-122.32977,47.74556],[-122.3294,47.74694],[-122.32936,47.7471],[-122.32931,47.74732],[-122.32923,47.74767],[-122.32919,47.74798],[-122.32918,47.74836],[-122.3292,47.74873],[-122.32925,47.74912],[-122.32936,47.74956],[-122.32953,47.75001],[-122.32996,47.75101],[-122.33016,47.75154],[-122.33032,47.75218],[-122.33045,47.753],[-122.33045,47.75331],[-122.33044,47.75363],[-122.33042,47.75394],[-122.33032,47.75442],[-122.33023,47.7548],[-122.33009,47.75521],[-122.32995,47.75553],[-122.32986,47.75575],[-122.32958,47.75624],[-122.32934,47.75664],[-122.32916,47.75692],[-122.329,47.7571],[-122.32883,47.75728],[-122.3286,47.75752],[-122.32737,47.75879],[-122.32707,47.75909],[-122.32674,47.75943],[-122.32603,47.76017],[-122.32566,47.76058],[-122.32522,47.76111],[-122.32494,47.76151],[-122.32452,47.76213],[-122.32438,47.76237],[-122.32418,47.76274],[-122.32403,47.76304],[-122.32393,47.76325],[-122.32376,47.76368],[-122.32358,47.7642],[-122.32341,47.76481],[-122.32309,47.76629],[-122.32291,47.76708],[-122.32279,47.76763],[-122.32268,47.76813],[-122.32254,47.76871],[-122.32242,47.76905],[-122.32223,47.76956],[-122.32217,47.76968],[-122.32184,47.77027],[-122.32045,47.77221],[-122.3196,47.77335],[-122.31914,47.77405],[-122.31885,47.77459],[-122.31868,47.77499],[-122.31847,47.77571],[-122.31809,47.7774],[-122.31797,47.7779],[-122.3179,47.77819],[-122.3174,47.78029],[-122.31703,47.78192],[-122.31676,47.7832],[-122.31669,47.78397],[-122.31663,47.78487],[-122.31662,47.78713],[-122.31662,47.78729],[-122.31664,47.78982],[-122.31664,47.79184],[-122.31663,47.79195],[-122.31659,47.79232],[-122.31654,47.79273],[-122.3165,47.79298],[-122.31644,47.79333],[-122.31637,47.79365],[-122.31598,47.79525],[-122.31568,47.79645],[-122.31524,47.79819],[-122.31512,47.79863],[-122.3149,47.79951]]}},{"type":"Feature","properties":{"Route":"005","RouteIdentifier":"005i","Direction":"Northbound","BeginMile":252.06,"EndMile":257.08},"geometry":{"type":"LineString","coordinates":[[-122.46884,48.73194],[-122.46848,48.73233],[-122.46821,48.73262],[-122.46796,48.73297],[-122.46775,48.73332],[-122.46759,48.73368],[-122.46746,48.734],[-122.46736,48.73437],[-122.4673,48.73474],[-122.46729,48.73509],[-122.46729,48.73543],[-122.46742,48.73816],[-122.46742,48.73873],[-122.4674,48.74026],[-122.46737,48.74161],[-122.46736,48.74197],[-122.46733,48.74229],[-122.46728,48.74257],[-122.4672,48.74285],[-122.46711,48.74313],[-122.46702,48.74336],[-122.46692,48.7436],[-122.46674,48.74391],[-122.46658,48.74415],[-122.46615,48.74486],[-122.46594,48.74522],[-122.46564,48.74569],[-122.46536,48.74616],[-122.46508,48.74668],[-122.46489,48.74708],[-122.46458,48.74778],[-122.46407,48.74905],[-122.4638,48.74972],[-122.46277,48.75231],[-122.46245,48.7531],[-122.46221,48.75369],[-122.46217,48.75379],[-122.462,48.7542],[-122.46185,48.7546],[-122.46173,48.755],[-122.46166,48.75541],[-122.46163,48.7558],[-122.46162,48.75624],[-122.46162,48.75662],[-122.46162,48.75759],[-122.46162,48.75794],[-122.46161,48.76076],[-122.46161,48.76303],[-122.4616,48.76357],[-122.46162,48.76429],[-122.46164,48.76463],[-122.46174,48.7655],[-122.46185,48.76625],[-122.46191,48.76664],[-122.462,48.7671],[-122.46207,48.76748],[-122.46214,48.76786],[-122.46223,48.76816],[-122.46248,48.76891],[-122.46272,48.76948],[-122.46339,48.77106],[-122.46354,48.77141],[-122.46378,48.77184],[-122.46405,48.77221],[-122.46431,48.77253],[-122.4646,48.77284],[-122.46495,48.77318],[-122.46564,48.77376],[-122.46654,48.77454],[-122.4683,48.77607],[-122.47005,48.77758],[-122.47079,48.77823],[-122.47162,48.77894],[-122.47204,48.77926],[-122.47245,48.77957],[-122.47292,48.77989],[-122.47344,48.78018],[-122.47386,48.7804],[-122.47434,48.78062],[-122.4748,48.78082],[-122.47528,48.78101],[-122.47571,48.78116],[-122.47614,48.78129],[-122.47657,48.78141],[-122.47714,48.78155],[-122.47776,48.78168],[-122.4784,48.7818],[-122.47901,48.78189],[-122.47962,48.78197],[-122.4833,48.78248],[-122.48583,48.78283],[-122.48659,48.78293],[-122.48723,48.78302],[-122.48787,48.78309],[-122.48856,48.78315],[-122.48935,48.7832],[-122.49239,48.78333],[-122.49589,48.7835],[-122.49782,48.78359],[-122.49947,48.78366],[-122.50021,48.78369],[-122.50093,48.78375],[-122.50152,48.78381],[-122.50202,48.7839],[-122.50245,48.784],[-122.50267,48.78406],[-122.50328,48.78423],[-122.50506,48.78481]]}},{"type":"Feature","properties":{"Route":"090","RouteIdentifier":"090i","Direction":"Eastbound","BeginMile":6.9,"EndMile":10.06},"geometry":{"type":"LineString","coordinates":[[-122.19738,47.57942],[-122.19719,47.57947],[-122.197,47.57952],[-122.1966,47.5796],[-122.19612,47.57969],[-122.1957,47.57974],[-122.19513,47.57976],[-122.19462,47.57976],[-122.19434,47.57973],[-122.19413,47.57972],[-122.19396,47.5797],[-122.19366,47.57966],[-122.19351,47.57963],[-122.19078,47.57912],[-122.19034,47.57907],[-122.18978,47.57906],[-122.18968,47.57906],[-122.18954,47.57906],[-122.18895,47.57909],[-122.18865,47.57911],[-122.18156,47.57972],[-122.17904,47.57994],[-122.17819,47.58001],[-122.17756,47.58006],[-122.17646,47.58016],[-122.17575,47.5802],[-122.17514,47.58023],[-122.17492,47.58023],[-122.17462,47.58024],[-122.17433,47.58025],[-122.1742,47.58025],[-122.17371,47.58025],[-122.17333,47.58024],[-122.17205,47.58021],[-122.16984,47.58013],[-122.16928,47.5801],[-122.16896,47.58008],[-122.16841,47.58006],[-122.16151,47.57978],[-122.15485,47.57948],[-122.15108,47.57931],[-122.15003,47.57926],[-122.14868,47.5792],[-122.14558,47.57904],[-122.14024,47.57876],[-122.13998,47.57874],[-122.13808,47.57866],[-122.13648,47.57858],[-122.13589,47.57854],[-122.13538,47.5785],[-122.13483,47.57844],[-122.13435,47.57838],[-122.1338,47.57828],[-122.13331,47.57819],[-122.1328,47.57808],[-122.13226,47.57794],[-122.13183,47.57782],[-122.13176,47.5778],[-122.13176,47.5778],[-122.13135,47.57768],[-122.13093,47.57754],[-122.13061,47.57743]]}},{"type":"Feature","properties":{"Route":"007","RouteIdentifier":"007d","Direction":"Southbound","BeginMile":57.01,"EndMile":58.26},"geometry":{"type":"MultiLineString","coordinates":[[[-122.43405,47.22309],[-122.43138,47.22311],[-122.43041,47.22311],[-122.42998,47.22311],[-122.42987,47.22315],[-122.42721,47.22316],[-122.42513,47.22316]],[[-122.42676,47.22312],[-122.42702,47.2235],[-122.42733,47.22392],[-122.42751,47.2242],[-122.42764,47.22444],[-122.4277,47.22473],[-122.4277,47.22497],[-122.42767,47.22522],[-122.42759,47.22545],[-122.42747,47.2257],[-122.42737,47.22589],[-122.42729,47.2261],[-122.42723,47.22633],[-122.42722,47.22652],[-122.42724,47.22675],[-122.4273,47.22695],[-122.42737,47.22714],[-122.42748,47.22735],[-122.42767,47.22758],[-122.4279,47.2278],[-122.42816,47.22803],[-122.42836,47.22821],[-122.42854,47.22841],[-122.42872,47.22866],[-122.42883,47.22892],[-122.42889,47.22929],[-122.42891,47.22958],[-122.42892,47.22999],[-122.42894,47.23019],[-122.42895,47.23041],[-122.42896,47.23057],[-122.42897,47.23072],[-122.429,47.23083],[-122.42903,47.23092],[-122.42909,47.23101],[-122.42921,47.23115],[-122.42961,47.23153],[-122.42997,47.23184],[-122.43034,47.23218],[-122.4305,47.23233],[-122.43064,47.23243],[-122.4308,47.23252],[-122.43096,47.23258],[-122.43113,47.23263],[-122.43143,47.2327],[-122.43171,47.23277],[-122.43189,47.23281],[-122.43217,47.23289],[-122.43233,47.23297],[-122.43244,47.23303],[-122.43258,47.2331],[-122.43268,47.23316],[-122.43279,47.23325]]]}},{"type":"Feature","properties":{"Route":"005","RouteIdentifier":"005i","Direction":"Northbound","BeginMile":124.7,"EndMile":179.27},"geometry":{"type":"LineString","coordinates":[[-122.52543,47.13686],[-122.52258,47.13834],[-122.5218,47.13875],[-122.52142,47.13895],[-122.52109,47.1391],[-122.52071,47.13927],[-122.52033,47.1394],[-122.51947,47.13965],[-122.51834,47.13996],[-122.51776,47.14012],[-122.51734,47.14026],[-122.51693,47.14041],[-122.51657,47.14057],[-122.51612,47.1408],[-122.51561,47.14107],[-122.51491,47.14147],[-122.51418,47.14185],[-122.51126,47.14342],[-122.50872,47.14477],[-122.5081,47.14511],[-122.50788,47.14523],[-122.50443,47.14706],[-122.50267,47.14802],[-122.50131,47.1488],[-122.49916,47.15004],[-122.49892,47.15018],[-122.49555,47.15214],[-122.48967,47.15558],[-122.485,47.1583],[-122.48439,47.15868],[-122.48398,47.15895],[-122.48357,47.15925],[-122.48324,47.15955],[-122.48292,47.15984],[-122.48181,47.16093],[-122.4796,47.16312],[-122.47349,47.16915],[-122.47253,47.17011],[-122.47233,47.17031],[-122.46953,47.1731],[-122.46773,47.17487],[-122.46736,47.17527],[-122.46706,47.1756],[-122.46679,47.17593],[-122.4665,47.17632],[-122.46626,47.1767],[-122.466,47.17717],[-122.46581,47.17762],[-122.46565,47.17804],[-122.46482,47.18107],[-122.46306,47.18747],[-122.46262,47.18908],[-122.46253,47.18945],[-122.46244,47.18986],[-122.46236,47.19031],[-122.4623,47.19078],[-122.46226,47.19155],[-122.46223,47.19301],[-122.46221,47.19322],[-122.46219,47.19551],[-122.46209,47.19705],[-122.46205,47.19764],[-122.46199,47.1981],[-122.46166,47.20019],[-122.46162,47.20047],[-122.46152,47.20104],[-122.4614,47.20168],[-122.46123,47.20293],[-122.4612,47.20387],[-122.46129,47.20491],[-122.46147,47.20658],[-122.46245,47.21389],[-122.46247,47.21407],[-122.4625,47.21429],[-122.46265,47.21524],[-122.46293,47.21735],[-122.46304,47.21829],[-122.46333,47.22085],[-122.46332,47.22142],[-122.46329,47.22301],[-122.46326,47.22436],[-122.4631,47.22591],[-122.46307,47.22621],[-122.463,47.22655],[-122.46288,47.22687],[-122.46269,47.22731],[-122.46243,47.22773],[-122.46213,47.22815],[-122.46195,47.22835],[-122.46176,47.22855],[-122.46155,47.22874],[-122.46133,47.22892],[-122.4611,47.22909],[-122.46085,47.22926],[-122.4607,47.22935],[-122.46059,47.22942],[-122.46004,47.22972],[-122.45976,47.22984],[-122.45947,47.22997],[-122.45917,47.23008],[-122.45887,47.23018],[-122.45856,47.23028],[-122.45824,47.23036],[-122.45791,47.23044],[-122.45758,47.2305],[-122.45724,47.23056],[-122.4569,47.2306],[-122.45657,47.23064],[-122.45623,47.23066],[-122.4559,47.23067],[-122.45525,47.23066],[-122.45461,47.23062],[-122.45364,47.23051],[-122.45266,47.23039],[-122.45233,47.23035],[-122.45222,47.23034],[-122.45135,47.23026],[-122.45042,47.23017],[-122.44984,47.23013],[-122.44934,47.23011],[-122.44881,47.2301],[-122.44804,47.23009],[-122.44745,47.2301],[-122.44717,47.23012],[-122.44663,47.23016],[-122.4458,47.23024],[-122.44527,47.23032],[-122.44477,47.2304],[-122.44414,47.23052],[-122.4435,47.23065],[-122.44316,47.23073],[-122.44249,47.23093],[-122.44197,47.23108],[-122.44095,47.23143],[-122.43993,47.23173],[-122.43978,47.23177],[-122.43891,47.23203],[-122.43786,47.23228],[-122.4374,47.23239],[-122.43679,47.23251],[-122.43638,47.23259],[-122.43619,47.23262],[-122.43565,47.2327],[-122.43473,47.23281],[-122.43378,47.23291],[-122.43153,47.23317],[-122.43085,47.23329],[-122.43047,47.23337],[-122.42968,47.23355],[-122.4291,47.23371],[-122.42797,47.23406],[-122.42628,47.2348],[-122.42628,47.23481],[-122.42503,47.23535],[-122.42232,47.2366],[-122.42124,47.23709],[-122.42053,47.23739],[-122.41992,47.23761],[-122.41917,47.23785],[-122.41848,47.23803],[-122.41785,47.23818],[-122.41688,47.23835],[-122.4166,47.23839],[-122.41159,47.23891],[-122.41159,47.23891],[-122.41097,47.23898],[-122.41011,47.23906],[-122.40936,47.23911],[-122.40861,47.23916],[-122.40747,47.23923],[-122.40698,47.23926],[-122.40469,47.23937],[-122.40433,47.2394],[-122.40389,47.23945],[-122.40343,47.23952],[-122.40193,47.23979],[-122.40103,47.24001],[-122.40006,47.24026],[-122.39879,47.24061],[-122.39751,47.24093],[-122.39688,47.24108],[-122.39607,47.24123],[-122.39599,47.24124],[-122.39517,47.24135],[-122.39446,47.24141],[-122.39313,47.24149],[-122.39199,47.24152],[-122.3912,47.24151],[-122.39088,47.2415],[-122.39058,47.24148],[-122.38977,47.24144],[-122.38607,47.24115],[-122.38571,47.24112],[-122.38372,47.24099],[-122.38077,47.24079],[-122.37813,47.2406],[-122.37699,47.24053],[-122.37595,47.24048],[-122.37488,47.24045],[-122.3744,47.24044],[-122.37416,47.24044],[-122.3711,47.24042],[-122.36954,47.24043],[-122.36782,47.24047],[-122.3658,47.24052],[-122.36321,47.24059],[-122.35705,47.24074],[-122.35139,47.24089],[-122.34725,47.241],[-122.34449,47.24106],[-122.34243,47.24111],[-122.34187,47.24113],[-122.34128,47.24118],[-122.34076,47.24124],[-122.34015,47.24133],[-122.33962,47.24146],[-122.33903,47.24161],[-122.33839,47.24182],[-122.33797,47.24199],[-122.33796,47.24199],[-122.33783,47.24205],[-122.3374,47.24225],[-122.33696,47.24249],[-122.33665,47.24268],[-122.33626,47.24295],[-122.33587,47.24324],[-122.33543,47.24365],[-122.33505,47.24406],[-122.33478,47.24442],[-122.33452,47.24483],[-122.33435,47.24517],[-122.33418,47.2456],[-122.33405,47.24599],[-122.3339,47.24646],[-122.33378,47.24691],[-122.33373,47.24713],[-122.33261,47.25127],[-122.33244,47.25184],[-122.33212,47.25292],[-122.33195,47.25344],[-122.33124,47.25511],[-122.3307,47.25603],[-122.32996,47.25717],[-122.32983,47.25737],[-122.32944,47.25791],[-122.32897,47.2585],[-122.32852,47.25902],[-122.32808,47.2595],[-122.32759,47.26],[-122.32702,47.26055],[-122.32646,47.26107],[-122.32582,47.26165],[-122.32202,47.26512],[-122.32189,47.26525],[-122.31916,47.26776],[-122.31829,47.26856],[-122.31782,47.26901],[-122.31723,47.26961],[-122.31674,47.27013],[-122.3163,47.27061],[-122.31562,47.27141],[-122.31515,47.27199],[-122.31451,47.27283],[-122.314,47.27354],[-122.31347,47.27435],[-122.31296,47.27515],[-122.31253,47.27586],[-122.31069,47.2788],[-122.3106,47.27894],[-122.30986,47.2802],[-122.30957,47.28073],[-122.30928,47.28133],[-122.30905,47.28185],[-122.30883,47.28241],[-122.30819,47.28425],[-122.30787,47.28522],[-122.30739,47.28658],[-122.3071,47.28746],[-122.30687,47.28811],[-122.3068,47.28836],[-122.30646,47.28933],[-122.30628,47.28988],[-122.30617,47.29018],[-122.30551,47.29219],[-122.30417,47.29615],[-122.30379,47.29723],[-122.30338,47.29852],[-122.30288,47.30005],[-122.30278,47.30033],[-122.3026,47.30087],[-122.30072,47.30642],[-122.30036,47.30747],[-122.30017,47.30798],[-122.29992,47.30859],[-122.29971,47.30911],[-122.29868,47.31161],[-122.29816,47.3129],[-122.29722,47.31512],[-122.29718,47.31523],[-122.29614,47.31781],[-122.29557,47.31918],[-122.29539,47.31968],[-122.2952,47.3202],[-122.29503,47.32074],[-122.29487,47.32127],[-122.29471,47.32185],[-122.29458,47.32234],[-122.29444,47.32296],[-122.29434,47.32351],[-122.29425,47.32402],[-122.29418,47.32458],[-122.29411,47.32516],[-122.29406,47.32553],[-122.29399,47.32624],[-122.29395,47.32675],[-122.29391,47.32728],[-122.29365,47.33035],[-122.29327,47.33481],[-122.29266,47.34184],[-122.29262,47.34237],[-122.29259,47.34287],[-122.29257,47.34313],[-122.29257,47.34355],[-122.29257,47.34391],[-122.29261,47.34455],[-122.29268,47.34516],[-122.29276,47.34568],[-122.29288,47.34619],[-122.29302,47.34674],[-122.29321,47.34729],[-122.29341,47.3478],[-122.29362,47.3483],[-122.29392,47.34891],[-122.29416,47.34938],[-122.29504,47.35116],[-122.29526,47.35162],[-122.29553,47.35224],[-122.29578,47.35292],[-122.29582,47.35303],[-122.29596,47.35354],[-122.29609,47.35408],[-122.29618,47.35458],[-122.29626,47.3551],[-122.29632,47.35567],[-122.29635,47.3562],[-122.29634,47.35675],[-122.29631,47.35727],[-122.29627,47.35765],[-122.29621,47.35806],[-122.29616,47.35833],[-122.29605,47.35889],[-122.29503,47.36281],[-122.29463,47.36436],[-122.29332,47.36948],[-122.29321,47.36992],[-122.29249,47.37264],[-122.29195,47.37469],[-122.29049,47.38055],[-122.29035,47.38133],[-122.29021,47.38216],[-122.29011,47.38294],[-122.29004,47.38376],[-122.29,47.38451],[-122.28997,47.3854],[-122.28999,47.38594],[-122.29006,47.38687],[-122.29014,47.38782],[-122.29023,47.38845],[-122.29034,47.3892],[-122.29059,47.39077],[-122.29068,47.39132],[-122.29078,47.39202],[-122.29102,47.39352],[-122.29171,47.39841],[-122.2921,47.40096],[-122.29215,47.40136],[-122.29219,47.40177],[-122.29223,47.40218],[-122.29225,47.40258],[-122.29228,47.40346],[-122.29227,47.4042],[-122.29225,47.4046],[-122.29223,47.40497],[-122.29216,47.40586],[-122.29207,47.40665],[-122.29193,47.40747],[-122.29178,47.40821],[-122.29168,47.40861],[-122.29139,47.40968],[-122.29056,47.41286],[-122.29012,47.41452],[-122.28989,47.4154],[-122.28962,47.41627],[-122.28938,47.41689],[-122.28911,47.41745],[-122.28891,47.4178],[-122.28866,47.41822],[-122.28832,47.41871],[-122.288,47.41916],[-122.28766,47.41958],[-122.2873,47.42],[-122.28646,47.42082],[-122.28579,47.42137],[-122.28514,47.42186],[-122.28453,47.42228],[-122.2828,47.42342],[-122.28245,47.42365],[-122.27987,47.42533],[-122.27923,47.42575],[-122.27716,47.42711],[-122.27579,47.42801],[-122.27471,47.42871],[-122.27384,47.42927],[-122.27323,47.42968],[-122.27255,47.43017],[-122.27193,47.43068],[-122.27156,47.43105],[-122.27143,47.4312],[-122.27104,47.43166],[-122.2709,47.43181],[-122.27062,47.43224],[-122.27038,47.43264],[-122.27018,47.43305],[-122.27002,47.43343],[-122.2699,47.43381],[-122.26978,47.43427],[-122.26969,47.43469],[-122.26938,47.43612],[-122.26769,47.44376],[-122.26734,47.44534],[-122.26708,47.44618],[-122.26682,47.447],[-122.26652,47.44777],[-122.26619,47.44861],[-122.26529,47.45071],[-122.26481,47.45188],[-122.26475,47.45201],[-122.26451,47.45257],[-122.26428,47.45313],[-122.26407,47.45369],[-122.2639,47.45422],[-122.26372,47.45491],[-122.26362,47.45539],[-122.26354,47.45597],[-122.26351,47.45643],[-122.26349,47.45671],[-122.26345,47.4573],[-122.26344,47.45763],[-122.2634,47.4587],[-122.26337,47.45926],[-122.26335,47.45985],[-122.26336,47.46028],[-122.2634,47.46071],[-122.26351,47.46124],[-122.26358,47.46148],[-122.26377,47.46205],[-122.26388,47.46228],[-122.264,47.46253],[-122.26421,47.46292],[-122.26436,47.46313],[-122.2649,47.46383],[-122.26511,47.46408],[-122.2653,47.46432],[-122.26565,47.46478],[-122.26596,47.4652],[-122.26653,47.46599],[-122.26691,47.46663],[-122.26724,47.46722],[-122.2674,47.46761],[-122.26747,47.46778],[-122.26758,47.46806],[-122.26776,47.46862],[-122.26791,47.4692],[-122.26822,47.47025],[-122.2686,47.47162],[-122.26875,47.47218],[-122.26888,47.4727],[-122.26906,47.47328],[-122.26926,47.47382],[-122.26935,47.47405],[-122.26957,47.47457],[-122.26973,47.47493],[-122.26996,47.47539],[-122.27102,47.47758],[-122.27133,47.47817],[-122.27147,47.47857],[-122.27162,47.47913],[-122.27166,47.47948],[-122.2717,47.47984],[-122.2717,47.48027],[-122.27167,47.48066],[-122.27158,47.48113],[-122.27147,47.48152],[-122.27133,47.4819],[-122.27114,47.48232],[-122.27095,47.48266],[-122.27073,47.483],[-122.27049,47.48332],[-122.27005,47.48386],[-122.26988,47.48401],[-122.26939,47.48446],[-122.26754,47.48595],[-122.26633,47.48692],[-122.26573,47.48737],[-122.26546,47.4876],[-122.2652,47.48785],[-122.26494,47.48816],[-122.26476,47.48841],[-122.26462,47.48866],[-122.26449,47.48894],[-122.2644,47.48921],[-122.26435,47.48945],[-122.26431,47.48979],[-122.2643,47.49011],[-122.26432,47.49034],[-122.26437,47.49062],[-122.26444,47.49087],[-122.26455,47.49115],[-122.2647,47.49144],[-122.26487,47.4917],[-122.26507,47.49198],[-122.26531,47.49223],[-122.26558,47.49248],[-122.26586,47.49272],[-122.26619,47.493],[-122.26916,47.49543],[-122.27109,47.49702],[-122.27192,47.49775],[-122.2728,47.49855],[-122.2736,47.49933],[-122.27379,47.49953],[-122.27736,47.50299],[-122.27774,47.50339],[-122.27813,47.50381],[-122.27906,47.50483],[-122.2794,47.50524],[-122.27964,47.50553],[-122.27984,47.50577],[-122.28107,47.50738],[-122.28141,47.50782],[-122.28441,47.5118],[-122.2857,47.51349],[-122.28587,47.51371],[-122.28726,47.51555],[-122.28762,47.51605],[-122.288,47.51663],[-122.28828,47.51711],[-122.29011,47.52081],[-122.29031,47.52123],[-122.29057,47.52184],[-122.29076,47.52241],[-122.29161,47.52512],[-122.29189,47.52591],[-122.29216,47.52669],[-122.29245,47.52745],[-122.2928,47.52832],[-122.29314,47.52914],[-122.29348,47.5299],[-122.29365,47.53029],[-122.29388,47.53078],[-122.29451,47.53204],[-122.29511,47.5333],[-122.29555,47.53416],[-122.29599,47.53486],[-122.29638,47.53538],[-122.29681,47.5359],[-122.29722,47.53635],[-122.29768,47.53683],[-122.29823,47.53733],[-122.2988,47.53781],[-122.29918,47.53812],[-122.29989,47.53876],[-122.3008,47.53953],[-122.30171,47.5403],[-122.30221,47.54073],[-122.30291,47.54133],[-122.30377,47.54209],[-122.30389,47.54219],[-122.30511,47.54333],[-122.30709,47.54521],[-122.30747,47.54557],[-122.30808,47.54608],[-122.30857,47.54647],[-122.30945,47.54711],[-122.31016,47.54758],[-122.31175,47.54857],[-122.31207,47.54878],[-122.31345,47.5496],[-122.31454,47.55026],[-122.31492,47.55048],[-122.31532,47.55071],[-122.31574,47.55098],[-122.31607,47.55123],[-122.31639,47.55152],[-122.31664,47.55176],[-122.31691,47.55207],[-122.31713,47.55239],[-122.31733,47.55271],[-122.31766,47.55329],[-122.3179,47.5537],[-122.31871,47.55505],[-122.31922,47.55579],[-122.3198,47.55662],[-122.32026,47.55728],[-122.32054,47.55772],[-122.32077,47.55814],[-122.32101,47.55865],[-122.32118,47.55914],[-122.32134,47.55968],[-122.32144,47.5602],[-122.32148,47.56057],[-122.3215,47.56078],[-122.32149,47.56143],[-122.32145,47.56185],[-122.32139,47.56221],[-122.3213,47.56262],[-122.32122,47.56302],[-122.32063,47.56604],[-122.32019,47.56866],[-122.32009,47.56934],[-122.32006,47.56965],[-122.31998,47.57042],[-122.31994,47.57169],[-122.31993,47.57184],[-122.31993,47.57204],[-122.3199,47.57243],[-122.3199,47.57254],[-122.31987,47.5728],[-122.31986,47.57294],[-122.31971,47.57522],[-122.31966,47.57583],[-122.31963,47.57605],[-122.31958,47.5764],[-122.31956,47.57651],[-122.3195,47.57686],[-122.3194,47.57726],[-122.31927,47.57772],[-122.3191,47.5784],[-122.31904,47.57874],[-122.31899,47.57921],[-122.31898,47.57969],[-122.31901,47.5801],[-122.31908,47.58051],[-122.31917,47.58095],[-122.31927,47.58135],[-122.31967,47.5829],[-122.31977,47.58326],[-122.31982,47.5836],[-122.31989,47.58405],[-122.31994,47.5844],[-122.31999,47.58486],[-122.32009,47.58613],[-122.32012,47.58653],[-122.32014,47.58695],[-122.32018,47.5873],[-122.32024,47.58777],[-122.32027,47.58804],[-122.32036,47.58844],[-122.32045,47.58886],[-122.32058,47.58932],[-122.3207,47.58974],[-122.32076,47.58995],[-122.32092,47.59061],[-122.32097,47.59095],[-122.321,47.59129],[-122.321,47.59166],[-122.32098,47.59186],[-122.32095,47.59209],[-122.32092,47.59232],[-122.32064,47.59359],[-122.3206,47.59374],[-122.32056,47.59394],[-122.32051,47.59419],[-122.32041,47.59473],[-122.32037,47.59495],[-122.3203,47.59531],[-122.32028,47.59548],[-122.32027,47.59558],[-122.32025,47.59613],[-122.32026,47.59622],[-122.32028,47.59663],[-122.32037,47.59706],[-122.32051,47.59751],[-122.32063,47.5978],[-122.32077,47.59809],[-122.3209,47.59832],[-122.32106,47.59858],[-122.32126,47.59887],[-122.32143,47.59909],[-122.3216,47.59928],[-122.32189,47.59959],[-122.32221,47.59989],[-122.32252,47.60015],[-122.32289,47.60043],[-122.32449,47.60171],[-122.3254,47.6024],[-122.32573,47.60267],[-122.32603,47.60294],[-122.32627,47.60319],[-122.32653,47.60344],[-122.32682,47.60375],[-122.32709,47.60406],[-122.32807,47.6052],[-122.32878,47.60604],[-122.32991,47.60734],[-122.33014,47.60764],[-122.3304,47.60801],[-122.33053,47.60826],[-122.33069,47.60855],[-122.3308,47.60882],[-122.33085,47.609],[-122.33089,47.60911],[-122.33098,47.60948],[-122.33101,47.60975],[-122.33102,47.60986],[-122.33103,47.61027],[-122.33099,47.61059],[-122.33096,47.61074],[-122.3309,47.61099],[-122.33076,47.61143],[-122.33059,47.61188],[-122.33029,47.61265],[-122.33013,47.61302],[-122.33008,47.61316],[-122.3296,47.61442],[-122.32928,47.61521],[-122.32888,47.61625],[-122.32884,47.61639],[-122.32863,47.61708],[-122.32851,47.61755],[-122.32839,47.61809],[-122.32834,47.61848],[-122.32827,47.61896],[-122.32825,47.6194],[-122.32822,47.61972],[-122.32822,47.6202],[-122.32816,47.62227],[-122.32813,47.62341],[-122.32815,47.62484],[-122.32818,47.62584],[-122.32818,47.62643],[-122.32817,47.62675],[-122.32813,47.62709],[-122.32802,47.6275],[-122.32798,47.62763],[-122.32788,47.62787],[-122.32772,47.62814],[-122.32765,47.62828],[-122.32756,47.62846],[-122.32739,47.62871],[-122.3271,47.6291],[-122.32674,47.62948],[-122.3257,47.63042],[-122.32545,47.63067],[-122.32531,47.63081],[-122.32504,47.6311],[-122.32464,47.63149],[-122.3244,47.63178],[-122.32429,47.63194],[-122.32418,47.6321],[-122.32401,47.63243],[-122.32384,47.6328],[-122.32335,47.634],[-122.32302,47.63493],[-122.32288,47.63544],[-122.32278,47.63593],[-122.32272,47.6363],[-122.3227,47.63659],[-122.32267,47.6368],[-122.32266,47.63735],[-122.32263,47.63862],[-122.3226,47.63973],[-122.32257,47.64212],[-122.32256,47.64321],[-122.32248,47.64431],[-122.32245,47.64665],[-122.32246,47.64962],[-122.32234,47.65601],[-122.32233,47.65638],[-122.3223,47.65676],[-122.3222,47.65803],[-122.32217,47.65843],[-122.32195,47.66134],[-122.32189,47.66227],[-122.32177,47.66432],[-122.32177,47.6648],[-122.32177,47.66497],[-122.32175,47.6661],[-122.32174,47.66747],[-122.32174,47.66773],[-122.32174,47.66785],[-122.32174,47.66884],[-122.32172,47.67004],[-122.3217,47.67062],[-122.32164,47.67102],[-122.32143,47.67202],[-122.32128,47.67257],[-122.3212,47.67282],[-122.3211,47.67319],[-122.32089,47.67389],[-122.32076,47.67439],[-122.32064,47.67491],[-122.32058,47.67528],[-122.32046,47.67601],[-122.32042,47.67691],[-122.32043,47.67715],[-122.32046,47.67797],[-122.32047,47.67822],[-122.32053,47.67943],[-122.32054,47.67957],[-122.32056,47.67991],[-122.32056,47.68034],[-122.32065,47.68099],[-122.3207,47.68119],[-122.32071,47.68126],[-122.32082,47.6816],[-122.32091,47.68186],[-122.32094,47.68194],[-122.32103,47.68212],[-122.32119,47.68241],[-122.3213,47.68261],[-122.32142,47.68279],[-122.32155,47.68297],[-122.32166,47.68312],[-122.32176,47.68325],[-122.32188,47.6834],[-122.32208,47.6836],[-122.32222,47.68375],[-122.32238,47.6839],[-122.32291,47.68435],[-122.32447,47.68558],[-122.32529,47.68621],[-122.3258,47.6866],[-122.32605,47.68679],[-122.32641,47.68708],[-122.3272,47.68772],[-122.32767,47.68817],[-122.32801,47.68855],[-122.32821,47.68881],[-122.32842,47.68913],[-122.32855,47.68937],[-122.32866,47.68958],[-122.32893,47.69028],[-122.32905,47.69074],[-122.32911,47.69125],[-122.32911,47.69211],[-122.3291,47.693],[-122.32909,47.69333],[-122.32909,47.69346],[-122.32907,47.69441],[-122.32906,47.69547],[-122.32906,47.69592],[-122.32906,47.6962],[-122.32908,47.69722],[-122.32914,47.69825],[-122.32921,47.69967],[-122.32928,47.70039],[-122.32934,47.70149],[-122.32935,47.70178],[-122.32939,47.70252],[-122.32952,47.70433],[-122.32979,47.70842],[-122.32979,47.70885],[-122.32978,47.70909],[-122.32973,47.70938],[-122.32969,47.70961],[-122.3296,47.70991],[-122.32948,47.7103],[-122.32933,47.71065],[-122.32919,47.71094],[-122.32887,47.71144],[-122.32868,47.71172],[-122.32849,47.71197],[-122.32818,47.71234],[-122.32716,47.71363],[-122.32622,47.71482],[-122.3256,47.71558],[-122.32507,47.71637],[-122.32492,47.71664],[-122.32468,47.71716],[-122.3245,47.71766],[-122.32433,47.71828],[-122.32429,47.71852],[-122.32425,47.71879],[-122.32421,47.71986],[-122.32423,47.72314],[-122.32417,47.72962],[-122.32416,47.73094],[-122.32416,47.73131],[-122.3242,47.7318],[-122.32424,47.73219],[-122.32431,47.73257],[-122.3244,47.73296],[-122.32449,47.73328],[-122.32463,47.73371],[-122.32477,47.73408],[-122.3249,47.73441],[-122.32508,47.73483],[-122.32526,47.73519],[-122.32548,47.73559],[-122.32574,47.736],[-122.32702,47.73812],[-122.32808,47.7399],[-122.32886,47.74114],[-122.32892,47.74124],[-122.32918,47.74171],[-122.32941,47.74214],[-122.32956,47.74253],[-122.32967,47.74294],[-122.32974,47.74338],[-122.32977,47.7437],[-122.32978,47.74404],[-122.32975,47.74441],[-122.32968,47.74478],[-122.32959,47.74515],[-122.3295,47.7455],[-122.3291,47.74691],[-122.32906,47.74708],[-122.32901,47.74725],[-122.32893,47.74764],[-122.32888,47.748],[-122.32888,47.74841],[-122.32889,47.74874],[-122.32895,47.74915],[-122.32909,47.74966],[-122.32924,47.75006],[-122.32965,47.75102],[-122.3298,47.75142],[-122.32992,47.75186],[-122.33002,47.75228],[-122.33009,47.75273],[-122.33011,47.75306],[-122.33012,47.75339],[-122.33009,47.75385],[-122.33003,47.75427],[-122.32993,47.75467],[-122.32981,47.75507],[-122.3296,47.75554],[-122.32951,47.75574],[-122.32927,47.75621],[-122.32904,47.75656],[-122.32885,47.75684],[-122.32851,47.75724],[-122.32755,47.75819],[-122.32688,47.75887],[-122.32597,47.75981],[-122.3255,47.7603],[-122.32495,47.76098],[-122.3245,47.76158],[-122.3241,47.76221],[-122.32389,47.76262],[-122.32371,47.76298],[-122.32359,47.76325],[-122.32344,47.7636],[-122.32325,47.76412],[-122.32304,47.76494],[-122.32275,47.76626],[-122.32253,47.76723],[-122.32236,47.76809],[-122.32224,47.76854],[-122.3221,47.76903],[-122.32202,47.76923],[-122.32196,47.76938],[-122.32182,47.76966],[-122.32158,47.7701],[-122.32148,47.77026],[-122.32078,47.77127],[-122.32014,47.77211],[-122.31952,47.77295],[-122.31919,47.7734],[-122.31876,47.77407],[-122.31843,47.77476],[-122.31829,47.77514],[-122.3182,47.77547],[-122.31806,47.77601],[-122.318,47.77625],[-122.31774,47.77738],[-122.31761,47.77791],[-122.31705,47.78027],[-122.31669,47.78192],[-122.3164,47.78319],[-122.31627,47.78386],[-122.31614,47.78487],[-122.3161,47.78566],[-122.31609,47.78706],[-122.31612,47.78976],[-122.31611,47.79169],[-122.3161,47.79197],[-122.31608,47.79225],[-122.31604,47.7926],[-122.31598,47.793],[-122.31587,47.79358],[-122.31548,47.79509],[-122.31479,47.79779],[-122.31434,47.79949]]}},{"type":"Feature","properties":{"Route":"395","RouteIdentifier":"395d","Direction":"Southbound","BeginMile":25.01,"EndMile":26.8},"geometry":{"type":"LineString","coordinates":[[-119.13816,46.21686],[-119.1381,46.21705],[-119.13807,46.21714],[-119.13804,46.21723],[-119.13803,46.21734],[-119.13802,46.21744],[-119.13803,46.21756],[-119.13804,46.21766],[-119.13806,46.21779],[-119.13812,46.21811],[-119.13822,46.2187],[-119.13832,46.2192],[-119.13834,46.21938],[-119.13834,46.21954],[-119.13831,46.21971],[-119.13826,46.21986],[-119.13818,46.22002],[-119.13805,46.22023],[-119.13789,46.22046],[-119.13775,46.22068],[-119.13761,46.22089],[-119.13751,46.22108],[-119.1374,46.22129],[-119.13723,46.22164],[-119.13545,46.22585],[-119.13444,46.22828],[-119.13438,46.2284],[-119.13319,46.23135],[-119.13198,46.2342],[-119.13027,46.23823],[-119.12955,46.23991],[-119.12885,46.24153]]}},{"type":"Feature","properties":{"Route":"705","RouteIdentifier":"705i","Direction":"Northbound","BeginMile":0.0,"EndMile":1.5},"geometry":{"type":"LineString","coordinates":[[-122.43211,47.23332],[-122.43216,47.23346],[-122.43202,47.23412],[-122.43197,47.23435],[-122.43181,47.2349],[-122.43168,47.23535],[-122.43155,47.23579],[-122.43151,47.23604],[-122.43148,47.23631],[-122.43149,47.23665],[-122.43154,47.23703],[-122.43163,47.23738],[-122.43176,47.23773],[-122.43189,47.23802],[-122.43222,47.23864],[-122.43301,47.24017],[-122.43337,47.24089],[-122.43367,47.24152],[-122.43398,47.24215],[-122.43434,47.24286],[-122.43452,47.24332],[-122.43455,47.24358],[-122.43461,47.24374],[-122.4347,47.24409],[-122.43497,47.24562],[-122.43525,47.24705],[-122.43549,47.24815],[-122.43553,47.24836],[-122.43562,47.2489],[-122.43565,47.24921],[-122.43563,47.24994],[-122.43559,47.25039],[-122.43557,47.25075],[-122.43556,47.25108],[-122.43561,47.25144],[-122.43565,47.25179],[-122.43573,47.25221],[-122.43588,47.25274],[-122.43607,47.25333],[-122.43616,47.25365],[-122.43637,47.25444]]}},{"type":"Feature","properties":{"Route":"705","RouteIdentifier":"705d","Direction":"Southbound","BeginMile":0.0,"EndMile":1.5},"geometry":{"type":"LineString","coordinates":[[-122.43279,47.23325],[-122.43292,47.23338],[-122.43304,47.23351],[-122.43318,47.23373],[-122.43323,47.23387],[-122.43326,47.23395],[-122.43328,47.2341],[-122.43328,47.23424],[-122.43327,47.23438],[-122.43323,47.23451],[-122.43319,47.23461],[-122.43314,47.23472],[-122.43302,47.23488],[-122.43278,47.2352],[-122.43239,47.23571],[-122.43229,47.23584],[-122.43219,47.23603],[-122.43213,47.23619],[-122.43207,47.23645],[-122.43203,47.23671],[-122.43202,47.23689],[-122.43206,47.23727],[-122.43216,47.23767],[-122.4323,47.23807],[-122.43248,47.23846],[-122.43263,47.23878],[-122.4333,47.24026],[-122.43412,47.24195],[-122.43472,47.24325],[-122.43502,47.24401],[-122.43519,47.24465],[-122.43541,47.24583],[-122.43561,47.24693],[-122.43566,47.24723],[-122.43572,47.2475],[-122.43582,47.24819],[-122.43583,47.24841],[-122.43586,47.24904],[-122.43584,47.24938],[-122.43581,47.24981],[-122.43576,47.25038],[-122.43574,47.25068],[-122.43576,47.25104],[-122.43578,47.25143],[-122.43584,47.25176],[-122.43588,47.25195],[-122.43632,47.2535],[-122.43636,47.25363],[-122.43653,47.25443]]}},{"type":"Feature","properties":{"Route":"099","RouteIdentifier":"099i","Direction":"Northbound","Comment":"Note Equation 32.71=32.87","BeginMile":24.15,"EndMile":26.48},"geometry":{"type":"LineString","coordinates":[[-122.33572,47.59314],[-122.33561,47.59349],[-122.33553,47.59401],[-122.33552,47.59478],[-122.33554,47.59534],[-122.33559,47.5958],[-122.33572,47.59661],[-122.33573,47.5967],[-122.33579,47.5971],[-122.33581,47.59745],[-122.33584,47.59807],[-122.33583,47.59916],[-122.33584,47.60001],[-122.33588,47.60075],[-122.33614,47.60196],[-122.33637,47.60285],[-122.33664,47.60367],[-122.33694,47.60446],[-122.33782,47.6061],[-122.33825,47.60677],[-122.33912,47.60781],[-122.34129,47.61021],[-122.34187,47.61087],[-122.34228,47.61138],[-122.34266,47.61191],[-122.34305,47.61249],[-122.34352,47.6133],[-122.34401,47.61429],[-122.34434,47.61511],[-122.34455,47.61575],[-122.34477,47.61655],[-122.34489,47.61708],[-122.34496,47.61751],[-122.345,47.61795],[-122.345,47.61856],[-122.34501,47.61974],[-122.34498,47.62033],[-122.34493,47.62091],[-122.34491,47.621],[-122.34488,47.6211],[-122.34479,47.62144],[-122.34465,47.62178],[-122.34439,47.62221],[-122.34402,47.62275],[-122.34387,47.62304],[-122.34378,47.62322],[-122.34369,47.62342],[-122.34361,47.62366],[-122.34356,47.62387],[-122.34354,47.62414],[-122.34354,47.62429],[-122.3436,47.62465]]}},{"type":"Feature","properties":{"Route":"002","RouteIdentifier":"002d","Direction":"Southbound","BeginMile":281.09,"EndMile":284.76},"geometry":{"type":"LineString","coordinates":[[-117.41128,47.68624],[-117.41129,47.68777],[-117.41129,47.68825],[-117.41129,47.68852],[-117.41129,47.68916],[-117.4113,47.68983],[-117.4113,47.69079],[-117.4113,47.69154],[-117.41131,47.69232],[-117.41131,47.69325],[-117.41132,47.69535],[-117.41132,47.69547],[-117.41133,47.69646],[-117.41133,47.69746],[-117.41133,47.70067],[-117.41133,47.70071],[-117.41133,47.70077],[-117.41133,47.70161],[-117.41134,47.7025],[-117.41134,47.70431],[-117.41134,47.70702],[-117.41135,47.7079],[-117.41135,47.70879],[-117.41135,47.70958],[-117.41135,47.71073],[-117.41135,47.71151],[-117.41133,47.71331],[-117.41131,47.7151],[-117.41132,47.71625],[-117.41122,47.71629],[-117.41122,47.71646],[-117.41121,47.71684],[-117.41132,47.71691],[-117.41133,47.71728],[-117.41124,47.71735],[-117.41124,47.71804],[-117.41124,47.7181],[-117.41134,47.71818],[-117.41135,47.71871],[-117.41135,47.71942],[-117.41125,47.71947],[-117.41126,47.72026],[-117.41126,47.72051],[-117.41126,47.7207],[-117.41136,47.72078],[-117.41137,47.72113],[-117.41127,47.72118],[-117.41129,47.7222],[-117.41139,47.72227],[-117.41143,47.72493],[-117.41144,47.72598],[-117.41133,47.72604],[-117.41135,47.72766],[-117.41136,47.72868],[-117.41147,47.72876],[-117.41148,47.72945],[-117.41149,47.73031],[-117.41137,47.73037],[-117.41139,47.73204],[-117.4114,47.73333],[-117.41141,47.73465],[-117.41142,47.73505],[-117.41152,47.73514],[-117.41154,47.73663],[-117.41154,47.73734],[-117.41143,47.7374],[-117.41143,47.73806],[-117.41154,47.73813],[-117.41155,47.73928],[-117.41153,47.73957],[-117.41149,47.73965]]}},{"type":"Feature","properties":{"Route":"002","RouteIdentifier":"002i","Direction":"Northbound","BeginMile":280.83,"EndMile":284.76},"geometry":{"type":"LineString","coordinates":[[-117.40992,47.68267],[-117.40991,47.68289],[-117.40993,47.68304],[-117.40997,47.68323],[-117.41003,47.6834],[-117.41012,47.68355],[-117.41025,47.68372],[-117.41038,47.68386],[-117.41054,47.684],[-117.41074,47.68419],[-117.41088,47.68437],[-117.41098,47.68453],[-117.41105,47.68471],[-117.41108,47.6849],[-117.4111,47.68512],[-117.4111,47.68566],[-117.4111,47.68624],[-117.4111,47.68776],[-117.41111,47.68814],[-117.41111,47.68825],[-117.41111,47.68852],[-117.41111,47.68928],[-117.41111,47.68965],[-117.41112,47.69004],[-117.41113,47.69079],[-117.41113,47.69155],[-117.41113,47.69232],[-117.41113,47.6932],[-117.41114,47.69384],[-117.41114,47.6946],[-117.41114,47.69498],[-117.41114,47.69536],[-117.41114,47.69547],[-117.41114,47.69611],[-117.41114,47.69647],[-117.41114,47.69651],[-117.41114,47.6969],[-117.41114,47.69727],[-117.41114,47.69764],[-117.41114,47.69803],[-117.41114,47.69841],[-117.41115,47.69918],[-117.41115,47.69953],[-117.41115,47.69992],[-117.41115,47.70028],[-117.41115,47.70067],[-117.41115,47.70071],[-117.41115,47.70077],[-117.41115,47.70158],[-117.41116,47.70334],[-117.41117,47.70431],[-117.41117,47.70475],[-117.41117,47.70519],[-117.41116,47.70566],[-117.41116,47.7061],[-117.41116,47.70655],[-117.41116,47.70703],[-117.41116,47.70746],[-117.41115,47.7079],[-117.41116,47.7088],[-117.41116,47.70933],[-117.41116,47.70959],[-117.41117,47.71073],[-117.41117,47.71151],[-117.41115,47.7134],[-117.41113,47.71432],[-117.41113,47.71501],[-117.41113,47.7151],[-117.41113,47.71513],[-117.41113,47.71624],[-117.41122,47.71629],[-117.41122,47.71646],[-117.41121,47.71684],[-117.41114,47.7169],[-117.41114,47.71728],[-117.41124,47.71735],[-117.41124,47.71804],[-117.41124,47.7181],[-117.41115,47.71817],[-117.41115,47.71865],[-117.41117,47.71942],[-117.41125,47.71947],[-117.41126,47.72026],[-117.41126,47.72051],[-117.41126,47.7207],[-117.41119,47.72077],[-117.41119,47.72112],[-117.41127,47.72118],[-117.41129,47.7222],[-117.4112,47.72227],[-117.4112,47.72241],[-117.41122,47.72493],[-117.41124,47.72598],[-117.41133,47.72604],[-117.41135,47.72766],[-117.41136,47.72868],[-117.41127,47.72876],[-117.41128,47.72945],[-117.41129,47.73031],[-117.41137,47.73037],[-117.41139,47.73204],[-117.4114,47.73333],[-117.41141,47.73465],[-117.41142,47.73505],[-117.41133,47.73513],[-117.41134,47.73663],[-117.41134,47.73733],[-117.41143,47.7374],[-117.41143,47.73806],[-117.41134,47.73813],[-117.41133,47.73875],[-117.41134,47.73933],[-117.41133,47.73944],[-117.41132,47.73955],[-117.4113,47.73963]]}},{"type":"Feature","properties":{"Route":"016","RouteIdentifier":"016d","Direction":"Eastbound","BeginMile":0.15,"EndMile":1.56},"geometry":{"type":"LineString","coordinates":[[-122.46072,47.23029],[-122.46086,47.23038],[-122.46116,47.23061],[-122.46172,47.2311],[-122.46183,47.2312],[-122.46234,47.23166],[-122.46339,47.23263],[-122.46389,47.23311],[-122.46455,47.23364],[-122.46485,47.23383],[-122.46523,47.23404],[-122.46572,47.23425],[-122.46607,47.23439],[-122.46632,47.23448],[-122.46658,47.23455],[-122.46713,47.23468],[-122.4675,47.23475],[-122.46808,47.23481],[-122.46856,47.23483],[-122.46876,47.23483],[-122.46907,47.23484],[-122.471,47.23485],[-122.47181,47.23485],[-122.47463,47.23485],[-122.47543,47.23484],[-122.47607,47.23484],[-122.4819,47.23477],[-122.48283,47.23476],[-122.48767,47.23472]]}},{"type":"Feature","properties":{"Route":"522","RouteIdentifier":"522d","Direction":"Westbound","BeginMile":10.52,"EndMile":12.26},"geometry":{"type":"LineString","coordinates":[[-122.19426,47.75536],[-122.19408,47.75535],[-122.19356,47.75535],[-122.19337,47.75536],[-122.19266,47.75543],[-122.19257,47.75545],[-122.19247,47.75554],[-122.19237,47.75556],[-122.19212,47.75561],[-122.19187,47.75567],[-122.19159,47.75575],[-122.19117,47.75589],[-122.19091,47.756],[-122.19069,47.75609],[-122.19045,47.75622],[-122.19023,47.75634],[-122.1899,47.75654],[-122.18964,47.7567],[-122.18927,47.75691],[-122.18901,47.75706],[-122.18858,47.75732],[-122.18839,47.75743],[-122.18804,47.75763],[-122.1877,47.75781],[-122.18738,47.75797],[-122.18703,47.75813],[-122.18651,47.75833],[-122.18607,47.75848],[-122.18564,47.7586],[-122.18529,47.75869],[-122.18495,47.75876],[-122.18456,47.75883],[-122.18423,47.75888],[-122.18391,47.75891],[-122.18344,47.75895],[-122.18303,47.75896],[-122.1826,47.75896],[-122.18218,47.75894],[-122.1818,47.75892],[-122.1813,47.75887],[-122.18038,47.75876],[-122.17872,47.75857],[-122.17226,47.75783],[-122.17084,47.75767],[-122.17025,47.75761],[-122.16958,47.75757],[-122.16894,47.75756],[-122.1685,47.75757],[-122.16814,47.75759],[-122.1676,47.75762],[-122.16711,47.75766],[-122.1665,47.75774],[-122.16586,47.75784],[-122.16513,47.75799],[-122.16459,47.75813],[-122.16401,47.75828],[-122.16359,47.75843],[-122.16349,47.75847],[-122.16332,47.75853],[-122.16319,47.75858],[-122.16315,47.75859],[-122.16312,47.75861],[-122.16277,47.75875],[-122.16243,47.7589],[-122.16205,47.75908],[-122.16167,47.75928],[-122.16135,47.75945],[-122.16103,47.75965],[-122.16068,47.75988],[-122.16033,47.76014],[-122.16016,47.76027]]}},{"type":"Feature","properties":{"Route":"522","RouteIdentifier":"522i","Direction":"Eastbound","BeginMile":10.52,"EndMile":12.26},"geometry":{"type":"LineString","coordinates":[[-122.19426,47.75536],[-122.19408,47.75535],[-122.19359,47.75535],[-122.19337,47.75536],[-122.19266,47.75543],[-122.19257,47.75545],[-122.19245,47.75543],[-122.19226,47.75547],[-122.19199,47.75553],[-122.19177,47.75559],[-122.19156,47.75565],[-122.19133,47.75572],[-122.19102,47.75583],[-122.19058,47.75602],[-122.19018,47.75621],[-122.18973,47.75645],[-122.18937,47.75663],[-122.18895,47.75686],[-122.18851,47.75711],[-122.1879,47.75746],[-122.18736,47.75774],[-122.18699,47.75792],[-122.18651,47.75813],[-122.18605,47.75828],[-122.1855,47.75844],[-122.18511,47.75853],[-122.18471,47.75861],[-122.18447,47.75865],[-122.18422,47.75868],[-122.18394,47.75871],[-122.1836,47.75874],[-122.18327,47.75876],[-122.18301,47.75876],[-122.1826,47.75876],[-122.1822,47.75876],[-122.18166,47.75872],[-122.18111,47.75866],[-122.17846,47.75836],[-122.17713,47.75821],[-122.1756,47.75803],[-122.17365,47.75781],[-122.17088,47.7575],[-122.17022,47.75743],[-122.16959,47.7574],[-122.16891,47.75738],[-122.16827,47.75739],[-122.16769,47.75743],[-122.16713,47.75747],[-122.16644,47.75755],[-122.16581,47.75766],[-122.16514,47.7578],[-122.16454,47.75794],[-122.16407,47.75808],[-122.16364,47.75821],[-122.16351,47.75826],[-122.16332,47.75832],[-122.16314,47.75838],[-122.16314,47.75839],[-122.16293,47.75847],[-122.16286,47.7585],[-122.1627,47.75856],[-122.16226,47.75875],[-122.16191,47.75893],[-122.16151,47.75913],[-122.16116,47.75933],[-122.1608,47.75954],[-122.16044,47.75978],[-122.16011,47.76003],[-122.15996,47.76014]]}},{"type":"Feature","properties":{"Route":"016","RouteIdentifier":"016i","Direction":"Westbound","BeginMile":0.15,"EndMile":0.82},"geometry":{"type":"LineString","coordinates":[[-122.4607,47.23062],[-122.4608,47.23089],[-122.46099,47.23126],[-122.46116,47.2315],[-122.46134,47.23171],[-122.46155,47.23191],[-122.46183,47.23215],[-122.46304,47.2332],[-122.46356,47.23364],[-122.46387,47.23393],[-122.46426,47.2342],[-122.46459,47.23441],[-122.46487,47.23455],[-122.46515,47.23468],[-122.46541,47.23478],[-122.46569,47.23488],[-122.46598,47.23497],[-122.46617,47.23501],[-122.46638,47.23506],[-122.46663,47.23511],[-122.46693,47.23515],[-122.46722,47.23518],[-122.46747,47.2352],[-122.46779,47.23521],[-122.46812,47.2352],[-122.46907,47.23518],[-122.47022,47.23515],[-122.47103,47.23514],[-122.47183,47.23512]]}},{"type":"Feature","properties":{"Route":"099","RouteIdentifier":"099d","Direction":"Southbound","Comment":"Note Equation 32.71=32.87","BeginMile":24.15,"EndMile":26.48},"geometry":{"type":"LineString","coordinates":[[-122.3438,47.62464],[-122.34381,47.62458],[-122.34383,47.62433],[-122.34384,47.62432],[-122.34387,47.62414],[-122.344,47.62364],[-122.3446,47.62226],[-122.34479,47.62166],[-122.3449,47.62131],[-122.34498,47.62101],[-122.34499,47.62092],[-122.345,47.62088],[-122.34501,47.62083],[-122.34507,47.61991],[-122.34504,47.61837],[-122.34504,47.61795],[-122.345,47.61751],[-122.34493,47.61707],[-122.34481,47.61655],[-122.34459,47.61575],[-122.34438,47.61511],[-122.34405,47.61429],[-122.34356,47.61329],[-122.34309,47.61248],[-122.3427,47.6119],[-122.34231,47.61136],[-122.34191,47.61086],[-122.34133,47.6102],[-122.33916,47.60779],[-122.33828,47.60676],[-122.33786,47.60609],[-122.33698,47.60445],[-122.33668,47.60366],[-122.33641,47.60285],[-122.33618,47.60195],[-122.33592,47.60074],[-122.33588,47.60001],[-122.33587,47.59916],[-122.33588,47.59821],[-122.33586,47.59765],[-122.33586,47.59757],[-122.33584,47.59692],[-122.33582,47.5968],[-122.33578,47.59655],[-122.33578,47.59649],[-122.33576,47.59637],[-122.33576,47.59636],[-122.33573,47.5962],[-122.33573,47.59615],[-122.33572,47.59609],[-122.33572,47.59608],[-122.33571,47.59602],[-122.33564,47.59462],[-122.33562,47.59409],[-122.33564,47.59393],[-122.33571,47.59373],[-122.33583,47.59326],[-122.33585,47.59322]]}},{"type":"Feature","properties":{"Route":"090","RouteIdentifier":"090d","Direction":"Westbound","Comment":"nan","BeginMile":0.1,"EndMile":3.72},"geometry":{"type":"LineString","coordinates":[[-122.25768,47.58972],[-122.25879,47.58974],[-122.28199,47.59027],[-122.28752,47.59041],[-122.28827,47.59043],[-122.28858,47.59043],[-122.29405,47.59049],[-122.30248,47.59052],[-122.30354,47.59053],[-122.30622,47.59056],[-122.30678,47.59057],[-122.30735,47.59057],[-122.30779,47.59058],[-122.30812,47.59061],[-122.30835,47.59063],[-122.30861,47.59068],[-122.30897,47.59076],[-122.30935,47.59088],[-122.30968,47.59102],[-122.30999,47.59117],[-122.31028,47.59134],[-122.3105,47.5915],[-122.3107,47.59167],[-122.31088,47.59186],[-122.3111,47.59214],[-122.31201,47.5934],[-122.31227,47.59376],[-122.31252,47.59407],[-122.31279,47.59432],[-122.31306,47.59451],[-122.31335,47.59467],[-122.31349,47.59474],[-122.31373,47.59483],[-122.31415,47.59494],[-122.3144,47.59499],[-122.31462,47.59503],[-122.3148,47.59506],[-122.31501,47.59507],[-122.31522,47.59508],[-122.31548,47.59507],[-122.31571,47.59505],[-122.31601,47.59501],[-122.31628,47.59497],[-122.31654,47.59492],[-122.31676,47.59487],[-122.31711,47.59476],[-122.31754,47.59463],[-122.31804,47.59448],[-122.31836,47.59439],[-122.31889,47.59424],[-122.31971,47.59401],[-122.3206,47.59377],[-122.32092,47.59368],[-122.32196,47.59339],[-122.32273,47.59319],[-122.32329,47.59304],[-122.32376,47.5929],[-122.32431,47.59275],[-122.32457,47.59268],[-122.32497,47.59258],[-122.32532,47.5925],[-122.32565,47.59243],[-122.32605,47.59237],[-122.32643,47.59232],[-122.32684,47.59229],[-122.32714,47.59226],[-122.32741,47.59224],[-122.32763,47.59223],[-122.32788,47.59222],[-122.32809,47.59222],[-122.32831,47.59223],[-122.32852,47.59227],[-122.32872,47.59231],[-122.32891,47.59237],[-122.32914,47.59248],[-122.32931,47.59259],[-122.32943,47.59268],[-122.32956,47.59281],[-122.32965,47.59296],[-122.32973,47.59313],[-122.32975,47.59327]]}},{"type":"Feature","properties":{"Route":"090","RouteIdentifier":"090d","Direction":"Westbound","Comment":"nan","BeginMile":0.0,"EndMile":0.1},"geometry":{"type":"LineString","coordinates":[[-122.32975,47.59327],[-122.32975,47.59327],[-122.32976,47.59342],[-122.32974,47.59366],[-122.3297,47.59389],[-122.32965,47.59405],[-122.32958,47.59415],[-122.32947,47.5942],[-122.32937,47.59423],[-122.32922,47.59424],[-122.32908,47.59425]]}},{"type":"Feature","properties":{"Route":"090","RouteIdentifier":"090d","Direction":"Westbound","Comment":"nan","BeginMile":6.64,"EndMile":6.9},"geometry":{"type":"LineString","coordinates":[[-122.19708,47.57988],[-122.19709,47.57987],[-122.19807,47.57962],[-122.20253,47.57849]]}},{"type":"Feature","properties":{"Route":"090","RouteIdentifier":"090d","Direction":"Westbound","Comment":"nan","BeginMile":10.06,"EndMile":15.19},"geometry":{"type":"LineString","coordinates":[[-122.03637,47.54079],[-122.03652,47.54088],[-122.03728,47.5413],[-122.0379,47.5416],[-122.03957,47.54238],[-122.04099,47.54307],[-122.04289,47.54398],[-122.04328,47.54415],[-122.04372,47.54433],[-122.04431,47.54454],[-122.04494,47.54473],[-122.04559,47.5449],[-122.04613,47.54501],[-122.04686,47.54514],[-122.0473,47.54521],[-122.04778,47.54525],[-122.04832,47.5453],[-122.05041,47.54549],[-122.05186,47.54563],[-122.05274,47.54576],[-122.05345,47.5459],[-122.05413,47.54607],[-122.05447,47.54618],[-122.05577,47.5466],[-122.06107,47.54868],[-122.06945,47.55195],[-122.07272,47.55323],[-122.07515,47.55417],[-122.07827,47.55537],[-122.07931,47.55579],[-122.08077,47.55635],[-122.08287,47.55714],[-122.0842,47.55767],[-122.08481,47.5579],[-122.08538,47.55813],[-122.08598,47.55835],[-122.08675,47.55868],[-122.08706,47.55881],[-122.08753,47.55903],[-122.08846,47.5595],[-122.08869,47.55963],[-122.08885,47.55972],[-122.08908,47.55984],[-122.08971,47.56019],[-122.09088,47.56085],[-122.09428,47.56273],[-122.09869,47.56516],[-122.09913,47.56541],[-122.09931,47.5655],[-122.09977,47.56575],[-122.1013,47.56663],[-122.10243,47.56724],[-122.10374,47.56795],[-122.10474,47.56846],[-122.10576,47.56892],[-122.10766,47.56966],[-122.10767,47.56966],[-122.10778,47.5697],[-122.10879,47.57006],[-122.1102,47.57055],[-122.11048,47.57065],[-122.11073,47.57074],[-122.11097,47.57083],[-122.11603,47.57264],[-122.11936,47.57382],[-122.12301,47.57512],[-122.12301,47.57512],[-122.12414,47.57552],[-122.12478,47.57575],[-122.12807,47.57692],[-122.13061,47.57783]]}},{"type":"Feature","properties":{"Route":"005","RouteIdentifier":"005d","Direction":"Southbound","Comment":"nan","BeginMile":183.88,"EndMile":188.82},"geometry":{"type":"LineString","coordinates":[[-122.20993,47.91182],[-122.21023,47.91111],[-122.21073,47.90984],[-122.2117,47.90746],[-122.21295,47.90461],[-122.21324,47.90395],[-122.21421,47.90175],[-122.21481,47.90041],[-122.21553,47.89874],[-122.2157,47.89835],[-122.21588,47.89795],[-122.2161,47.89746],[-122.21638,47.89687],[-122.21662,47.89642],[-122.21682,47.89606],[-122.21706,47.89573],[-122.21736,47.89535],[-122.21775,47.8949],[-122.21821,47.89445],[-122.21869,47.89404],[-122.22033,47.89275],[-122.22185,47.89155],[-122.22296,47.89067],[-122.22912,47.88581],[-122.23046,47.88475],[-122.23353,47.88234],[-122.23405,47.88193],[-122.24156,47.876],[-122.242,47.87564],[-122.24248,47.87523],[-122.24284,47.87484],[-122.2432,47.87441],[-122.24348,47.87405],[-122.24379,47.8736],[-122.24398,47.87322],[-122.24416,47.87284],[-122.24431,47.87244],[-122.24444,47.87198],[-122.24453,47.87161],[-122.24463,47.87121],[-122.24579,47.86645],[-122.24589,47.86607],[-122.246,47.86568],[-122.24614,47.86528],[-122.2463,47.8649],[-122.2465,47.8645],[-122.24673,47.8641],[-122.247,47.86371],[-122.24728,47.86333],[-122.24886,47.86151],[-122.2525,47.85729],[-122.25558,47.85374],[-122.25603,47.85322],[-122.25642,47.85274],[-122.25675,47.85232],[-122.25701,47.85193],[-122.25723,47.85155],[-122.25738,47.85122],[-122.25753,47.85079],[-122.25769,47.85028],[-122.2578,47.84983]]}},{"type":"Feature","properties":{"Route":"005","RouteIdentifier":"005d","Direction":"Southbound","Comment":"nan","BeginMile":179.27,"EndMile":180.59},"geometry":{"type":"LineString","coordinates":[[-122.29449,47.81299],[-122.30294,47.80849],[-122.30305,47.80843],[-122.30351,47.80819],[-122.3061,47.8068],[-122.30696,47.80634],[-122.31018,47.80463],[-122.31078,47.8043],[-122.3113,47.80399],[-122.31207,47.80347],[-122.31242,47.80318],[-122.31291,47.80278],[-122.31313,47.80256],[-122.31336,47.80233],[-122.31359,47.80205],[-122.31378,47.80181],[-122.31393,47.80159],[-122.31417,47.80121],[-122.31437,47.80089],[-122.31454,47.80055],[-122.31468,47.80019],[-122.31479,47.79987],[-122.3149,47.79951]]}},{"type":"Feature","properties":{"Route":"005","RouteIdentifier":"005i","Direction":"Northbound","Comment":"nan","BeginMile":179.27,"EndMile":180.59},"geometry":{"type":"LineString","coordinates":[[-122.29429,47.81264],[-122.2984,47.81045],[-122.30059,47.80929],[-122.30293,47.80806],[-122.30349,47.80776],[-122.30529,47.8068],[-122.30616,47.80633],[-122.31004,47.80424],[-122.3106,47.80391],[-122.31096,47.80368],[-122.3113,47.80346],[-122.31185,47.80306],[-122.31229,47.80268],[-122.3127,47.80227],[-122.31307,47.80186],[-122.31329,47.80158],[-122.31355,47.80123],[-122.31378,47.80085],[-122.31399,47.80045],[-122.31412,47.80015],[-122.31424,47.79984],[-122.31434,47.79949]]}},{"type":"Feature","properties":{"Route":"005","RouteIdentifier":"005i","Direction":"Northbound","Comment":"nan","BeginMile":183.88,"EndMile":188.82},"geometry":{"type":"LineString","coordinates":[[-122.20951,47.91176],[-122.20972,47.91123],[-122.21017,47.9098],[-122.21032,47.90927],[-122.21063,47.90821],[-122.21082,47.90756],[-122.21204,47.90326],[-122.21227,47.90238],[-122.2125,47.90158],[-122.21275,47.90068],[-122.21287,47.90028],[-122.21302,47.89983],[-122.21319,47.89938],[-122.21337,47.899],[-122.21358,47.89857],[-122.21382,47.89813],[-122.21407,47.8977],[-122.21433,47.89731],[-122.21461,47.8969],[-122.21495,47.89645],[-122.21533,47.89598],[-122.21572,47.89554],[-122.21611,47.89513],[-122.21663,47.89462],[-122.21717,47.89414],[-122.2177,47.89368],[-122.21843,47.89312],[-122.2269,47.88679],[-122.22859,47.88552],[-122.23309,47.8821],[-122.23332,47.88193],[-122.23696,47.87907],[-122.24114,47.87578],[-122.24162,47.87538],[-122.24203,47.87501],[-122.24236,47.87465],[-122.24267,47.8743],[-122.24298,47.87389],[-122.24323,47.87351],[-122.24343,47.87316],[-122.2436,47.87278],[-122.24376,47.87242],[-122.2439,47.87198],[-122.24401,47.87154],[-122.24411,47.87116],[-122.24527,47.86641],[-122.24537,47.86599],[-122.24548,47.8656],[-122.2456,47.86521],[-122.24576,47.86481],[-122.24595,47.86444],[-122.2462,47.86399],[-122.24648,47.86358],[-122.24679,47.86321],[-122.24839,47.86134],[-122.25201,47.85714],[-122.25383,47.85503],[-122.25553,47.85306],[-122.25584,47.85269],[-122.25618,47.85225],[-122.25642,47.85191],[-122.25663,47.85155],[-122.2568,47.85123],[-122.25696,47.85084],[-122.2571,47.8504],[-122.25725,47.84983]]}},{"type":"Feature","properties":{"Route":"090","RouteIdentifier":"090i","Direction":"Eastbound","Comment":"nan","BeginMile":0.1,"EndMile":3.72},"geometry":{"type":"LineString","coordinates":[[-122.25771,47.58931],[-122.28297,47.58988],[-122.28617,47.58996],[-122.28704,47.58999],[-122.28727,47.59],[-122.28787,47.59003],[-122.28852,47.59005],[-122.29403,47.59008],[-122.29509,47.59011],[-122.29642,47.59012],[-122.30251,47.59004],[-122.30271,47.59004],[-122.30415,47.59002],[-122.30643,47.58998],[-122.30763,47.58997],[-122.308,47.58999],[-122.30838,47.59003],[-122.30876,47.5901],[-122.30916,47.5902],[-122.30959,47.59035],[-122.31,47.59053],[-122.31036,47.59075],[-122.31064,47.59096],[-122.31091,47.59122],[-122.31116,47.59149],[-122.31141,47.59181],[-122.31213,47.59272],[-122.3123,47.59293],[-122.31255,47.59328],[-122.31277,47.59356],[-122.31297,47.59378],[-122.31323,47.59402],[-122.31345,47.59418],[-122.31373,47.59434],[-122.31404,47.59447],[-122.31437,47.5946],[-122.31461,47.59468],[-122.31482,47.59473],[-122.31504,47.59477],[-122.31534,47.59482],[-122.31566,47.59485],[-122.31598,47.59486],[-122.31622,47.59485],[-122.31646,47.59482],[-122.31668,47.59478],[-122.3168,47.59475],[-122.31707,47.59468],[-122.31758,47.59455],[-122.31892,47.59419],[-122.31956,47.59401],[-122.32061,47.59372],[-122.32093,47.59363],[-122.32179,47.59339],[-122.3232,47.59299],[-122.32406,47.59275],[-122.32439,47.59266],[-122.32483,47.59256],[-122.32529,47.59246],[-122.32557,47.59241],[-122.32592,47.59234],[-122.32619,47.59228],[-122.32651,47.59221],[-122.32676,47.59216],[-122.32689,47.59213],[-122.32699,47.5921],[-122.32711,47.59204],[-122.32721,47.59199],[-122.32733,47.59191],[-122.32741,47.59182],[-122.3275,47.59171],[-122.32755,47.59163],[-122.32758,47.59155],[-122.32759,47.59148],[-122.3276,47.59141],[-122.32756,47.59083],[-122.32757,47.59076],[-122.32757,47.59071],[-122.3276,47.59065],[-122.32763,47.59059],[-122.3277,47.59052],[-122.32777,47.59046],[-122.32785,47.59042],[-122.32794,47.59038],[-122.32803,47.59034],[-122.32814,47.59032],[-122.32827,47.59031],[-122.32889,47.59031]]}},{"type":"Feature","properties":{"Route":"090","RouteIdentifier":"090i","Direction":"Eastbound","Comment":"nan","BeginMile":6.64,"EndMile":6.9},"geometry":{"type":"LineString","coordinates":[[-122.2025,47.57808],[-122.20216,47.57817],[-122.20005,47.57872],[-122.19814,47.57922],[-122.19738,47.57942]]}},{"type":"Feature","properties":{"Route":"090","RouteIdentifier":"090i","Direction":"Eastbound","Comment":"nan","BeginMile":10.06,"EndMile":15.19},"geometry":{"type":"LineString","coordinates":[[-122.13061,47.57743],[-122.13051,47.57739],[-122.12824,47.5766],[-122.12491,47.5754],[-122.12278,47.57464],[-122.11955,47.57349],[-122.11623,47.57231],[-122.11136,47.57056],[-122.11102,47.57043],[-122.11058,47.57027],[-122.10912,47.56975],[-122.10736,47.56912],[-122.10684,47.56894],[-122.10651,47.56882],[-122.10605,47.56864],[-122.10553,47.56842],[-122.105,47.56816],[-122.10357,47.5674],[-122.10311,47.56713],[-122.1016,47.56627],[-122.09974,47.56525],[-122.09923,47.56497],[-122.09904,47.56487],[-122.0986,47.56463],[-122.09452,47.56239],[-122.09303,47.56155],[-122.09039,47.56008],[-122.08903,47.55934],[-122.08886,47.55925],[-122.08865,47.55914],[-122.0882,47.55889],[-122.0877,47.55864],[-122.08724,47.55842],[-122.08689,47.55826],[-122.08589,47.55786],[-122.08497,47.55751],[-122.08413,47.55718],[-122.08255,47.55656],[-122.07532,47.55376],[-122.07296,47.55291],[-122.07105,47.55222],[-122.06755,47.55084],[-122.06128,47.54843],[-122.05596,47.54637],[-122.05517,47.54609],[-122.05463,47.54592],[-122.0541,47.54578],[-122.05348,47.54564],[-122.05287,47.54554],[-122.05229,47.54544],[-122.05188,47.54539],[-122.05052,47.54526],[-122.04842,47.54509],[-122.0478,47.54504],[-122.0473,47.54498],[-122.04674,47.5449],[-122.04626,47.54482],[-122.0457,47.5447],[-122.0451,47.54454],[-122.04458,47.54438],[-122.04401,47.54419],[-122.04347,47.54397],[-122.04288,47.5437],[-122.04114,47.54287],[-122.04073,47.54265],[-122.03926,47.54195],[-122.03804,47.54138],[-122.03739,47.54104],[-122.03681,47.54072],[-122.03659,47.54058]]}},{"type":"Feature","properties":{"Route":"167","RouteIdentifier":"167i","Direction":"Northbound","Comment":"nan","BeginMile":8.23,"EndMile":15.77},"geometry":{"type":"LineString","coordinates":[[-122.25793,47.20192],[-122.25677,47.20225],[-122.25591,47.2025],[-122.25361,47.20315],[-122.25271,47.20341],[-122.25225,47.20354],[-122.2517,47.20372],[-122.2512,47.20391],[-122.2507,47.20414],[-122.25036,47.20431],[-122.25006,47.20447],[-122.24978,47.20464],[-122.24952,47.20481],[-122.24926,47.205],[-122.2488,47.20536],[-122.24851,47.20562],[-122.24824,47.20588],[-122.24804,47.20611],[-122.24753,47.20682],[-122.24726,47.20731],[-122.24709,47.20771],[-122.24696,47.20811],[-122.24688,47.20848],[-122.24684,47.20887],[-122.24682,47.20926],[-122.24683,47.20967],[-122.24686,47.21953],[-122.24687,47.22184],[-122.24687,47.22223],[-122.2469,47.22268],[-122.24692,47.22309],[-122.24698,47.22348],[-122.24704,47.22391],[-122.2471,47.2243],[-122.24718,47.22474],[-122.24725,47.22507],[-122.24736,47.22551],[-122.24748,47.22592],[-122.2476,47.22634],[-122.24772,47.22669],[-122.24788,47.22714],[-122.24812,47.2277],[-122.24835,47.22825],[-122.2497,47.2313],[-122.25163,47.23564],[-122.25467,47.2425],[-122.25498,47.24322],[-122.25525,47.24392],[-122.25554,47.2448],[-122.25577,47.24558],[-122.2559,47.24601],[-122.25719,47.25015],[-122.25734,47.25064],[-122.2586,47.25472],[-122.2593,47.25702],[-122.25938,47.25728],[-122.26045,47.26055],[-122.26125,47.26297],[-122.26152,47.26379],[-122.26163,47.2642],[-122.2617,47.26454],[-122.26175,47.26491],[-122.26177,47.26536],[-122.26177,47.26554],[-122.26174,47.26594],[-122.26168,47.26636],[-122.26157,47.26682],[-122.26141,47.26732],[-122.26116,47.2679],[-122.26092,47.26847],[-122.26074,47.2689],[-122.25911,47.27279],[-122.25894,47.27322],[-122.25889,47.27334],[-122.25877,47.27372],[-122.25865,47.27416],[-122.25856,47.27453],[-122.2585,47.27493],[-122.25845,47.27531],[-122.25843,47.27576],[-122.25843,47.27615],[-122.25837,47.27895],[-122.25836,47.27935],[-122.25833,47.28057],[-122.25825,47.28393],[-122.25818,47.28474],[-122.2581,47.28559],[-122.25804,47.28729],[-122.25794,47.29134],[-122.2579,47.29181],[-122.25784,47.29227],[-122.25778,47.2927],[-122.25764,47.2933],[-122.25742,47.29403],[-122.25702,47.29514],[-122.25685,47.2955],[-122.25675,47.2957],[-122.25655,47.29607],[-122.25635,47.29644],[-122.2561,47.29684],[-122.25581,47.29729],[-122.25276,47.3019],[-122.25257,47.30219],[-122.2522,47.30276],[-122.25094,47.30467]]}},{"type":"Feature","properties":{"Route":"014","RouteIdentifier":"014d","Direction":"Westbound","Comment":"nan","BeginMile":6.32,"EndMile":8.21},"geometry":{"type":"LineString","coordinates":[[-122.51036,45.59357],[-122.51558,45.59498],[-122.51976,45.59612],[-122.5228,45.59695],[-122.52437,45.59737],[-122.5276,45.59815],[-122.5305,45.59885],[-122.53341,45.59954],[-122.53612,45.60018],[-122.54121,45.60139],[-122.54498,45.60229],[-122.54696,45.60277]]}},{"type":"Feature","properties":{"Route":"002","RouteIdentifier":"002CODIVISN","Direction":"Southbound","Comment":"nan","BeginMile":0.0,"EndMile":0.24},"geometry":{"type":"LineString","coordinates":[[-117.41128,47.68624],[-117.41126,47.68484],[-117.41121,47.68445],[-117.4112,47.6837],[-117.41119,47.68273]]}}]}