{"type":"FeatureCollection","routeCount":12,"features":[{"type":"Feature","properties":{"t":"ncn","r":"50","n":"U.S. Bicycle Route 50"},"geometry":{"type":"MultiLineString","coordinates":[[[-119.118096,39.437406],[-119.11531,39.437711],[-119.113443,39.437902],[-119.102235,39.439047],[-119.101302,39.439207],[-119.100164,39.439489],[-119.098771,39.439912],[-119.097291,39.440527],[-119.096088,39.441182],[-119.095849,39.441329],[-119.095567,39.441507],[-119.095251,39.441717],[-119.094767,39.44207],[-119.094454,39.442315],[-119.094217,39.442511],[-119.093921,39.442781],[-119.093639,39.443049],[-119.093381,39.443302],[-119.093006,39.443694],[-119.092787,39.443954],[-119.092423,39.444375],[-119.091925,39.444959],[-119.091453,39.445511],[-119.090819,39.446258],[-119.086777,39.450998],[-119.085956,39.451994],[-119.085621,39.452457],[-119.085319,39.45291],[-119.084795,39.45371],[-119.084542,39.454176],[-119.084147,39.454901],[-119.082636,39.458056],[-119.082509,39.458317],[-119.081939,39.459459],[-119.081643,39.459947],[-119.081045,39.460855],[-119.080737,39.461228],[-119.080468,39.461537],[-119.08018,39.461846],[-119.07966,39.462363],[-119.079085,39.462842],[-119.07854,39.463263],[-119.077974,39.463673],[-119.077309,39.464073],[-119.076596,39.464452],[-119.076134,39.464651],[-119.074638,39.465299],[-119.069939,39.467402],[-119.067401,39.468546],[-119.066379,39.469001]],[[-119.948485,39.046746],[-119.948548,39.046589],[-119.948549,39.046581],[-119.948575,39.046399],[-119.948566,39.046287]],[[-119.947627,39.040896],[-119.947657,39.040761],[-119.947694,39.040622],[-119.947734,39.040494],[-119.947793,39.040369],[-119.947863,39.040244],[-119.94796,39.04009],[-119.948056,39.039944],[-119.948281,39.039605],[-119.94838,39.039457],[-119.948454,39.039341],[-119.948472,39.039313],[-119.948545,39.039172],[-119.948596,39.039029],[-119.948639,39.038875],[-119.948671,39.038699],[-119.948733,39.038164],[-119.948757,39.038018],[-119.948799,39.037861],[-119.948849,39.037717],[-119.948908,39.037591],[-119.94899,39.037462],[-119.949223,39.037137],[-119.949304,39.037001],[-119.949367,39.03687],[-119.949415,39.036718],[-119.949435,39.036571],[-119.949434,39.036433],[-119.949404,39.036292],[-119.949345,39.03614],[-119.949264,39.036006],[-119.949153,39.03588],[-119.949032,39.03577],[-119.948894,39.035671],[-119.948661,39.035517],[-119.948572,39.03546],[-119.947829,39.034977],[-119.947674,39.034861],[-119.947529,39.034735],[-119.947394,39.034597],[-119.94728,39.034455],[-119.947174,39.034298],[-119.947089,39.034146],[-119.947049,39.034057],[-119.947016,39.033986],[-119.946974,39.033871],[-119.94696,39.033831],[-119.946916,39.033669],[-119.946888,39.033503],[-119.946881,39.033333],[-119.946886,39.033211],[-119.946888,39.033164],[-119.946905,39.032989],[-119.946918,39.032878],[-119.946957,39.03255],[-119.946975,39.032409],[-119.946992,39.032247],[-119.947003,39.032075],[-119.947003,39.031915],[-119.946995,39.03175],[-119.94697,39.031597],[-119.94692,39.031429],[-119.946842,39.031234],[-119.946814,39.031164],[-119.946736,39.030969],[-119.946647,39.030747],[-119.946576,39.030556],[-119.946517,39.030381],[-119.946479,39.030256],[-119.946469,39.030226],[-119.946428,39.030052],[-119.946397,39.029885],[-119.946388,39.029807],[-119.946365,39.029632],[-119.946339,39.029446],[-119.946311,39.02923],[-119.946276,39.029004],[-119.946232,39.028785],[-119.946185,39.02857],[-119.946131,39.028349],[-119.946005,39.02786],[-119.945762,39.026918],[-119.945636,39.026445],[-119.945528,39.026027],[-119.945475,39.025802],[-119.945424,39.025571],[-119.945376,39.025339],[-119.945335,39.025105],[-119.945324,39.025037],[-119.945301,39.024886],[-119.945273,39.024657],[-119.945259,39.024448],[-119.945251,39.02422],[-119.945254,39.024006],[-119.945263,39.023797],[-119.94528,39.023596],[-119.94531,39.023369],[-119.945502,39.022224],[-119.94565,39.021375],[-119.945746,39.020849],[-119.945816,39.020469],[-119.945877,39.020146],[-119.945921,39.019938],[-119.945975,39.019724],[-119.946044,39.019515],[-119.946133,39.019294],[-119.946221,39.019089],[-119.946312,39.018887],[-119.946408,39.018685],[-119.947121,39.017273],[-119.947217,39.017078],[-119.947302,39.016893],[-119.94738,39.0167],[-119.947445,39.016523],[-119.947502,39.016325],[-119.947545,39.016161],[-119.947584,39.015981],[-119.947615,39.015814],[-119.947638,39.015637],[-119.947647,39.015427],[-119.947646,39.01521],[-119.947636,39.014987],[-119.947565,39.013857],[-119.94748,39.012792],[-119.947463,39.012562],[-119.947396,39.011594],[-119.947172,39.008245],[-119.947133,39.007658],[-119.947019,39.006215]],[[-119.947053,39.047886],[-119.945469,39.048603],[-119.94517,39.048744],[-119.944965,39.048858],[-119.944784,39.048979],[-119.944611,39.049125],[-119.944477,39.049262],[-119.944355,39.049419],[-119.944245,39.049618],[-119.944181,39.049793],[-119.944135,39.049959],[-119.944108,39.050121],[-119.944107,39.050309],[-119.944135,39.050682],[-119.944176,39.051534],[-119.944183,39.051723],[-119.944178,39.052011],[-119.944155,39.052298],[-119.944148,39.05235],[-119.944087,39.052807],[-119.943985,39.053486],[-119.943905,39.053815],[-119.943803,39.05411],[-119.943636,39.054423],[-119.94344,39.054781],[-119.943275,39.055066],[-119.943193,39.055251],[-119.943127,39.055439],[-119.943078,39.055637],[-119.943043,39.055842],[-119.943025,39.056083],[-119.943019,39.056307],[-119.943012,39.056635],[-119.942996,39.056941],[-119.94296,39.05717],[-119.94292,39.057385],[-119.942883,39.057559],[-119.942839,39.057741],[-119.94278,39.057964],[-119.942587,39.058638],[-119.942526,39.058904],[-119.942506,39.059074],[-119.9425,39.059266],[-119.942515,39.059474],[-119.942544,39.059683],[-119.942576,39.059843],[-119.942628,39.060117],[-119.942653,39.060304],[-119.942657,39.060471],[-119.942646,39.060646],[-119.942618,39.060817],[-119.942572,39.060979],[-119.942494,39.061173],[-119.942415,39.061364],[-119.942278,39.06165],[-119.942191,39.061864],[-119.942131,39.062042],[-119.9421,39.0622],[-119.94207,39.062388],[-119.942061,39.062556],[-119.942077,39.062774],[-119.942116,39.062989],[-119.942158,39.063161],[-119.942214,39.063334],[-119.942295,39.063512],[-119.942404,39.063711],[-119.942537,39.063907],[-119.942691,39.064124],[-119.942787,39.064276],[-119.942865,39.064415],[-119.942925,39.064556],[-119.942972,39.064697],[-119.943,39.064842],[-119.943014,39.064972],[-119.943014,39.065107],[-119.942995,39.065255],[-119.942964,39.065397],[-119.942914,39.065539],[-119.942849,39.065688],[-119.942765,39.065827],[-119.942662,39.065953],[-119.942523,39.066101],[-119.942357,39.066244],[-119.9422,39.066372],[-119.94199,39.066535],[-119.941858,39.066643],[-119.941751,39.066747],[-119.941659,39.06685],[-119.941591,39.06693],[-119.941522,39.067026],[-119.941451,39.06715],[-119.941394,39.067268],[-119.941347,39.067382],[-119.941306,39.067517],[-119.941279,39.067681],[-119.941267,39.067833],[-119.941264,39.067996],[-119.941273,39.068165],[-119.94129,39.068371],[-119.941294,39.068499],[-119.941282,39.068658],[-119.941257,39.068825],[-119.941222,39.068965],[-119.941179,39.0691],[-119.941119,39.069247],[-119.941036,39.069397],[-119.940923,39.069577],[-119.940709,39.069914],[-119.940637,39.070042],[-119.940578,39.070169],[-119.940533,39.070293],[-119.940494,39.070418],[-119.94046,39.070576],[-119.940448,39.070704],[-119.940442,39.070805],[-119.940446,39.070927],[-119.940455,39.071066],[-119.940479,39.07123],[-119.940512,39.071449],[-119.940669,39.072531],[-119.940683,39.072653],[-119.940713,39.072891],[-119.940753,39.073224],[-119.940799,39.073532],[-119.940819,39.073677],[-119.940905,39.074076],[-119.940984,39.074308],[-119.941022,39.074419],[-119.941269,39.074886],[-119.941558,39.075356],[-119.942015,39.076134],[-119.94224,39.076521],[-119.942406,39.07693],[-119.942482,39.077144],[-119.942548,39.077381],[-119.942591,39.077609],[-119.942622,39.07786],[-119.942634,39.078112],[-119.942665,39.078557],[-119.942765,39.080041],[-119.942765,39.080453],[-119.942695,39.080828],[-119.942588,39.081111],[-119.942412,39.081379]],[[-119.935727,39.082727],[-119.935159,39.082868],[-119.93485,39.08297],[-119.934584,39.083064],[-119.933952,39.08333],[-119.933233,39.083701],[-119.93282,39.083913],[-119.93246,39.084034],[-119.932085,39.084113],[-119.931629,39.084163],[-119.931259,39.084201],[-119.930878,39.084263],[-119.930513,39.084371],[-119.930041,39.084592],[-119.929719,39.0848],[-119.929177,39.085163],[-119.92878,39.08535],[-119.928335,39.085496],[-119.927831,39.085596],[-119.927364,39.085629],[-119.926956,39.0856],[-119.926608,39.085537],[-119.925127,39.085208],[-119.924714,39.085121],[-119.924115,39.085033],[-119.922587,39.084993],[-119.921291,39.085093],[-119.920296,39.08506],[-119.919386,39.08496],[-119.918504,39.084952],[-119.917918,39.085093],[-119.917532,39.085207],[-119.916831,39.085523],[-119.915455,39.086286],[-119.914056,39.087079],[-119.913,39.087831],[-119.912095,39.088746],[-119.911906,39.088955],[-119.911829,39.089059],[-119.911799,39.089098],[-119.911723,39.089214],[-119.911667,39.089321],[-119.911598,39.089493],[-119.91156,39.089658],[-119.911538,39.089846],[-119.911517,39.090356],[-119.91149,39.090543],[-119.91145,39.090717],[-119.911396,39.090873],[-119.911339,39.09101],[-119.911263,39.091153]],[[-117.854326,39.273609],[-117.853906,39.273308],[-117.853495,39.273066],[-117.852988,39.272801],[-117.851846,39.27224],[-117.85074,39.271708],[-117.850459,39.271571],[-117.850089,39.27139],[-117.849222,39.270963],[-117.845051,39.26888],[-117.84202,39.267378],[-117.841457,39.267089],[-117.840961,39.266804],[-117.840368,39.266405],[-117.839695,39.265876],[-117.838108,39.264561],[-117.834622,39.26169],[-117.833251,39.260537],[-117.831222,39.258632],[-117.829174,39.256706],[-117.82711,39.25477],[-117.825961,39.253679],[-117.825107,39.252887],[-117.824381,39.252293],[-117.821247,39.249904],[-117.820425,39.249297],[-117.820068,39.249067],[-117.819695,39.248862],[-117.818995,39.248538],[-117.818399,39.248324],[-117.817839,39.248172],[-117.816772,39.247916],[-117.81454,39.247398],[-117.812403,39.246899],[-117.811129,39.246603],[-117.810854,39.246545],[-117.80977,39.246283],[-117.808902,39.246056],[-117.808333,39.245857],[-117.807809,39.245632],[-117.807285,39.245369],[-117.80548,39.24445],[-117.804861,39.244153],[-117.804272,39.243936],[-117.803676,39.243764],[-117.803036,39.243627],[-117.802493,39.24355],[-117.799746,39.243344],[-117.797556,39.243188],[-117.797212,39.243144],[-117.796796,39.24308],[-117.796282,39.242981],[-117.794104,39.242452],[-117.790435,39.241569],[-117.786239,39.240552],[-117.786059,39.240509],[-117.784525,39.240143],[-117.784045,39.240033],[-117.783625,39.239968],[-117.783263,39.23993],[-117.7815,39.239815],[-117.780905,39.239781],[-117.78068,39.239778],[-117.780444,39.239793],[-117.780206,39.239838],[-117.77976,39.239976],[-117.779488,39.240034],[-117.779208,39.240073],[-117.77892,39.240071],[-117.778673,39.240043],[-117.778452,39.239983],[-117.778364,39.239952],[-117.776759,39.239385],[-117.774102,39.238392],[-117.77351,39.238191],[-117.773228,39.238129],[-117.772963,39.238098],[-117.772716,39.238101],[-117.772512,39.238121],[-117.772321,39.238164],[-117.772132,39.238224],[-117.771419,39.238555],[-117.770493,39.239003],[-117.770077,39.23913],[-117.769571,39.239279],[-117.769303,39.239385],[-117.768304,39.23995],[-117.767198,39.240574],[-117.766899,39.240755],[-117.766702,39.24091],[-117.766453,39.241149],[-117.765514,39.242134],[-117.764841,39.242825],[-117.76447,39.243228],[-117.764151,39.243514],[-117.76391,39.243694],[-117.763693,39.243825],[-117.76346,39.243944],[-117.763213,39.244039],[-117.762962,39.24411],[-117.762672,39.24416],[-117.762377,39.244184],[-117.762068,39.24419],[-117.761065,39.244164],[-117.760752,39.244169],[-117.760483,39.2442],[-117.760217,39.244246],[-117.759981,39.244332],[-117.759746,39.244417],[-117.757525,39.245435],[-117.756832,39.245735],[-117.755887,39.246025],[-117.753281,39.246841],[-117.752779,39.24702],[-117.752258,39.247253],[-117.751056,39.248067],[-117.750645,39.248348],[-117.75027,39.248651],[-117.749648,39.249129],[-117.749155,39.249553],[-117.748592,39.250113],[-117.747239,39.251575],[-117.745637,39.253399],[-117.745534,39.253636],[-117.745289,39.254409],[-117.745106,39.254817],[-117.744976,39.254995],[-117.743794,39.255832],[-117.743595,39.256028],[-117.743253,39.256478],[-117.742897,39.256841],[-117.742677,39.257135],[-117.742381,39.257467],[-117.741944,39.257755],[-117.741502,39.258013],[-117.741069,39.258248],[-117.740641,39.258445],[-117.74051,39.258524],[-117.740437,39.258614],[-117.740378,39.258723],[-117.740203,39.259278],[-117.740141,39.259426],[-117.740046,39.259555],[-117.739897,39.259666],[-117.739717,39.259761],[-117.739436,39.259885],[-117.739294,39.259997],[-117.739215,39.260113],[-117.73919,39.26025],[-117.73922,39.260407],[-117.739275,39.260521],[-117.739363,39.260639],[-117.73948,39.260724],[-117.740059,39.261052],[-117.74018,39.261151],[-117.740286,39.261267],[-117.740335,39.261381],[-117.740349,39.261482],[-117.74034,39.261569],[-117.740311,39.261648],[-117.740251,39.261745],[-117.74016,39.261822],[-117.740018,39.261899],[-117.739827,39.262001],[-117.739785,39.262037],[-117.739685,39.262124],[-117.73958,39.262259],[-117.739531,39.262412],[-117.739515,39.262552],[-117.739525,39.262658],[-117.73958,39.262757],[-117.739689,39.26286],[-117.739946,39.26308],[-117.740028,39.263182],[-117.740072,39.263299],[-117.740068,39.263392],[-117.740016,39.26347],[-117.739885,39.263553],[-117.739729,39.26359],[-117.739616,39.263583],[-117.739492,39.263551],[-117.739405,39.263508],[-117.739293,39.263402],[-117.738931,39.262955],[-117.738673,39.262627],[-117.738596,39.262478],[-117.73855,39.262352],[-117.738543,39.262211],[-117.738565,39.261904],[-117.738544,39.261704],[-117.738469,39.261559],[-117.738369,39.261421],[-117.738225,39.261325],[-117.738048,39.261264],[-117.737859,39.261244],[-117.737675,39.261274],[-117.737526,39.261316],[-117.737416,39.261376],[-117.737291,39.261454],[-117.737199,39.261533],[-117.737139,39.261615],[-117.73706,39.26178],[-117.736957,39.262083],[-117.736818,39.262336],[-117.736708,39.262504],[-117.73658,39.262627],[-117.736514,39.262675],[-117.736478,39.2627],[-117.736346,39.262765],[-117.736168,39.262817],[-117.735951,39.262858],[-117.735729,39.262853],[-117.735579,39.262826],[-117.735379,39.26277],[-117.735218,39.262705],[-117.735035,39.262594],[-117.734669,39.262336],[-117.734491,39.262258],[-117.734313,39.262221],[-117.734132,39.26222],[-117.733952,39.262252],[-117.733804,39.262311],[-117.733662,39.2624],[-117.733304,39.262861],[-117.733171,39.262987],[-117.733043,39.263062],[-117.732909,39.263104],[-117.732777,39.263115],[-117.73263,39.263109],[-117.732444,39.26307],[-117.732268,39.262989],[-117.732144,39.262903],[-117.731825,39.262621],[-117.731676,39.26253],[-117.731495,39.262484],[-117.731345,39.262488],[-117.731193,39.262516],[-117.730447,39.262769],[-117.730265,39.262811],[-117.730071,39.262834],[-117.729855,39.262843],[-117.729407,39.262831],[-117.729233,39.26284],[-117.729046,39.262855],[-117.728831,39.262903],[-117.728638,39.262971],[-117.727986,39.263277],[-117.727473,39.263542],[-117.727241,39.263657],[-117.727109,39.263724],[-117.726373,39.264106],[-117.726205,39.264188],[-117.726016,39.264272],[-117.725876,39.264304],[-117.725736,39.264319],[-117.725492,39.264322],[-117.725237,39.264267],[-117.725039,39.2642],[-117.72478,39.26405],[-117.72448,39.26385],[-117.724269,39.263706],[-117.723782,39.263341],[-117.723524,39.263194],[-117.723273,39.263085],[-117.722961,39.262987],[-117.722596,39.262906],[-117.720871,39.262542],[-117.720383,39.262451],[-117.719166,39.262212],[-117.718848,39.26217],[-117.718504,39.262148],[-117.717929,39.262169],[-117.717511,39.262207],[-117.717421,39.262216],[-117.715055,39.262519],[-117.713015,39.262803],[-117.712725,39.26288],[-117.71247,39.262998],[-117.712258,39.263132],[-117.712056,39.263303],[-117.71192,39.263481],[-117.711824,39.263659],[-117.711768,39.263824],[-117.71175,39.263998],[-117.711761,39.264172],[-117.711814,39.264355],[-117.711992,39.264698],[-117.712075,39.264871],[-117.712107,39.265003],[-117.712111,39.265136],[-117.712067,39.26531],[-117.712007,39.265411],[-117.711931,39.265508],[-117.711814,39.265592],[-117.711671,39.265655],[-117.711509,39.265722],[-117.71132,39.265751],[-117.711148,39.265759],[-117.710994,39.265735],[-117.710841,39.265695],[-117.710586,39.265545],[-117.710477,39.265463],[-117.710276,39.26529],[-117.709335,39.264536],[-117.709051,39.264324],[-117.708824,39.264211],[-117.708612,39.264138],[-117.708398,39.264086],[-117.708179,39.264055],[-117.707971,39.264056],[-117.707756,39.264079],[-117.70755,39.264115],[-117.707275,39.264195],[-117.706837,39.264373],[-117.704902,39.265225],[-117.703073,39.266037],[-117.702897,39.266115],[-117.702017,39.26628],[-117.701349,39.266318],[-117.700296,39.266225],[-117.699694,39.26609],[-117.699028,39.26585],[-117.698481,39.265498],[-117.696721,39.264085],[-117.695831,39.263516],[-117.694769,39.263096],[-117.694382,39.262847],[-117.693669,39.262155],[-117.692927,39.261365],[-117.692622,39.261075],[-117.692156,39.260844],[-117.691652,39.260736],[-117.690872,39.260684],[-117.690185,39.260671],[-117.689088,39.260623],[-117.688531,39.260711],[-117.687691,39.261017],[-117.686892,39.261588],[-117.686473,39.262095],[-117.686262,39.262431],[-117.685673,39.26321],[-117.685382,39.263517],[-117.685031,39.263651],[-117.684627,39.263661],[-117.68423,39.263537],[-117.68396,39.263353],[-117.683703,39.263097],[-117.682616,39.261858],[-117.681415,39.260669],[-117.681135,39.260334],[-117.681064,39.260211],[-117.680936,39.259942],[-117.680834,39.259624],[-117.680768,39.259227],[-117.680782,39.258727],[-117.680782,39.253877],[-117.680878,39.25344],[-117.680994,39.253092],[-117.681083,39.252702],[-117.681099,39.252295],[-117.680896,39.250983],[-117.680819,39.250434],[-117.680752,39.250148],[-117.680639,39.249902],[-117.680412,39.249643],[-117.680178,39.249463],[-117.679079,39.248901],[-117.678808,39.248707],[-117.678613,39.248501],[-117.67851,39.248317],[-117.678408,39.248095],[-117.678137,39.247282],[-117.677871,39.246893],[-117.677658,39.246693],[-117.677279,39.246403],[-117.676669,39.246001],[-117.67641,39.245831],[-117.675495,39.24523],[-117.675014,39.244897],[-117.674554,39.24456],[-117.673544,39.243771],[-117.673061,39.243435],[-117.672382,39.243021],[-117.670517,39.241927],[-117.669923,39.241615],[-117.669418,39.241399],[-117.668884,39.241208],[-117.668391,39.241068],[-117.668069,39.240979],[-117.667662,39.240904],[-117.667274,39.240838],[-117.666844,39.240792],[-117.666398,39.240757],[-117.665897,39.240749],[-117.665384,39.240753],[-117.664902,39.240793],[-117.664489,39.24084],[-117.663323,39.241062],[-117.66199,39.241321],[-117.661658,39.24138],[-117.66134,39.241411],[-117.661137,39.241414],[-117.66094,39.241407],[-117.660825,39.241394],[-117.660755,39.241387],[-117.660578,39.241345],[-117.660375,39.24128],[-117.659787,39.241019],[-117.659599,39.24096],[-117.659433,39.240927],[-117.659277,39.240904],[-117.659111,39.240903],[-117.65895,39.240909],[-117.658317,39.240984],[-117.657974,39.241016],[-117.65763,39.241023],[-117.657338,39.241016],[-117.656198,39.240954],[-117.656061,39.240945],[-117.65574,39.240924],[-117.655133,39.240884],[-117.654661,39.240873],[-117.648913,39.240866],[-117.648202,39.240857],[-117.646645,39.240864],[-117.644921,39.240872],[-117.643395,39.240871],[-117.640887,39.240868],[-117.638701,39.240873],[-117.625965,39.240831],[-117.622041,39.240824],[-117.589508,39.240818],[-117.585472,39.240799],[-117.581413,39.240812],[-117.578673,39.24082],[-117.573053,39.240801],[-117.561561,39.240792],[-117.553518,39.240773],[-117.54322,39.240755],[-117.536976,39.240741],[-117.534706,39.240755],[-117.533294,39.240799],[-117.53207,39.240891],[-117.531905,39.240906],[-117.530512,39.241033],[-117.529131,39.241229],[-117.528303,39.241343],[-117.526234,39.241741],[-117.524767,39.242072],[-117.523282,39.242486],[-117.521402,39.243069],[-117.519542,39.243779],[-117.518167,39.244357],[-117.516495,39.245138],[-117.514605,39.246143],[-117.512248,39.247627],[-117.509126,39.249926],[-117.506401,39.251996],[-117.505221,39.252862],[-117.501648,39.255455],[-117.500934,39.255986],[-117.474586,39.275722],[-117.469375,39.279625],[-117.469294,39.279686],[-117.468853,39.280076],[-117.465997,39.282159],[-117.457982,39.288149],[-117.455421,39.290226],[-117.450567,39.293903],[-117.44996,39.294356],[-117.449801,39.294471],[-117.449429,39.294741],[-117.446284,39.29707],[-117.446267,39.297084],[-117.443204,39.300197],[-117.441466,39.302486],[-117.440347,39.304454],[-117.439516,39.306361],[-117.438402,39.308917],[-117.438285,39.309306],[-117.433953,39.319697],[-117.433275,39.321345],[-117.43323,39.321449],[-117.432318,39.323567],[-117.430637,39.327708],[-117.4306,39.327798],[-117.430505,39.328028],[-117.42968,39.330042],[-117.429591,39.330247],[-117.428117,39.333704],[-117.426466,39.337572],[-117.426437,39.33787],[-117.424359,39.342796],[-117.421659,39.349629],[-117.421011,39.350732],[-117.420721,39.351159],[-117.419684,39.352288],[-117.418387,39.35343],[-117.416961,39.354396],[-117.411592,39.357065],[-117.409249,39.35824],[-117.40849,39.358564],[-117.407218,39.358909],[-117.405532,39.35935],[-117.399261,39.360955],[-117.398143,39.361164],[-117.396829,39.36128],[-117.394614,39.361367],[-117.393913,39.361399],[-117.393304,39.361425],[-117.392163,39.361473],[-117.391754,39.361509],[-117.391241,39.361616],[-117.390591,39.361814],[-117.389465,39.362255],[-117.388555,39.362576],[-117.38782,39.362744],[-117.387122,39.362838],[-117.385582,39.362918],[-117.382697,39.362995],[-117.377477,39.36265],[-117.375829,39.362539],[-117.37294,39.362342],[-117.372326,39.362324],[-117.37191,39.362353],[-117.371541,39.362416],[-117.371279,39.362481],[-117.371017,39.362558],[-117.363455,39.36591],[-117.360668,39.367134],[-117.358874,39.368117],[-117.350684,39.3726],[-117.346487,39.374904],[-117.345658,39.375359],[-117.328794,39.384597],[-117.321342,39.388663],[-117.317737,39.390647],[-117.308195,39.395871],[-117.304166,39.398097],[-117.300166,39.40024],[-117.295598,39.402797],[-117.286889,39.407547],[-117.286318,39.407857],[-117.283003,39.409678],[-117.277066,39.412919],[-117.276966,39.412973],[-117.272727,39.415273],[-117.268809,39.417407],[-117.259754,39.422353],[-117.259015,39.422762],[-117.258331,39.423134],[-117.249441,39.427994],[-117.230252,39.438424],[-117.226897,39.440268],[-117.220512,39.443777],[-117.217741,39.445295],[-117.208736,39.450257],[-117.192927,39.458842],[-117.18799,39.461545],[-117.179826,39.465931],[-117.175719,39.468137],[-117.15975,39.476942],[-117.14102,39.487213],[-117.140813,39.487235],[-117.140636,39.487464],[-117.13902,39.488345],[-117.136824,39.489545],[-117.129748,39.493247],[-117.128211,39.494082],[-117.127248,39.494607],[-117.125832,39.495375],[-117.124347,39.496186],[-117.12367,39.496555]],[[-118.77762,39.47489],[-118.777741,39.474889],[-118.778155,39.474888],[-118.77825,39.474888],[-118.778805,39.474886],[-118.779077,39.474885],[-118.77918,39.474885]],[[-115.907158,39.379327],[-115.908766,39.379875],[-115.910111,39.380339],[-115.911076,39.380658],[-115.911368,39.38077],[-115.912124,39.381034],[-115.913251,39.381401]],[[-116.591956,39.482351],[-116.592475,39.482259],[-116.602887,39.480415],[-116.629906,39.475609],[-116.633949,39.4749],[-116.642106,39.473442],[-116.645943,39.47276],[-116.652674,39.471563],[-116.663537,39.469611],[-116.663608,39.469598],[-116.668154,39.468804],[-116.673396,39.467872],[-116.706096,39.462047],[-116.717813,39.459958],[-116.719305,39.459676],[-116.720054,39.459508],[-116.720771,39.459274],[-116.721917,39.458884],[-116.722943,39.45844],[-116.72568,39.457097],[-116.728387,39.455754],[-116.733852,39.453085],[-116.734427,39.452759],[-116.734877,39.452471],[-116.735193,39.452226],[-116.735597,39.451867],[-116.736026,39.451403],[-116.736226,39.451145],[-116.736436,39.45082],[-116.737705,39.448627],[-116.737997,39.448107],[-116.738264,39.44771],[-116.73857,39.4473],[-116.738898,39.446903],[-116.739309,39.446497],[-116.739987,39.445976],[-116.740766,39.445516],[-116.741399,39.445178],[-116.741957,39.444943],[-116.7423,39.444809],[-116.742927,39.444616],[-116.743757,39.444354],[-116.744209,39.444165],[-116.744681,39.443948],[-116.745198,39.443683],[-116.745427,39.443536],[-116.745763,39.443324],[-116.74593,39.443203],[-116.746284,39.442874],[-116.746697,39.442425],[-116.747017,39.442042],[-116.747483,39.441244],[-116.748429,39.439227],[-116.749135,39.437636],[-116.749295,39.437119],[-116.749368,39.436591],[-116.749404,39.43604],[-116.749302,39.43509],[-116.74928,39.433224],[-116.74939,39.43251],[-116.749557,39.431886],[-116.749797,39.431302],[-116.750103,39.430762],[-116.750408,39.430239],[-116.751056,39.429171],[-116.751937,39.427693],[-116.752752,39.426383],[-116.753559,39.424995],[-116.754433,39.4236],[-116.755241,39.422229],[-116.755685,39.421549],[-116.756172,39.42088],[-116.75738,39.41953],[-116.757771,39.419184],[-116.758756,39.41831],[-116.759731,39.417484],[-116.762081,39.415471],[-116.762936,39.414802],[-116.763493,39.414392],[-116.764404,39.413872],[-116.765083,39.413519],[-116.765689,39.413235],[-116.766018,39.413099],[-116.767445,39.412587],[-116.772221,39.410868],[-116.773929,39.41028],[-116.774562,39.41006],[-116.775166,39.40988],[-116.77587,39.409701],[-116.776607,39.409537],[-116.777291,39.409425],[-116.777982,39.409341],[-116.778761,39.409279],[-116.781359,39.409211],[-116.782487,39.409172],[-116.784619,39.408953],[-116.785718,39.408722],[-116.786461,39.408542],[-116.787181,39.408323],[-116.787851,39.408092],[-116.788588,39.407808],[-116.78951,39.407395],[-116.794923,39.404847],[-116.796409,39.404162],[-116.798592,39.403318],[-116.804508,39.401435],[-116.809566,39.399854],[-116.821546,39.396068],[-116.829823,39.393457],[-116.842021,39.389604],[-116.843935,39.388991],[-116.844844,39.388715],[-116.84579,39.388454],[-116.846434,39.388288],[-116.84709,39.388132],[-116.847966,39.387979],[-116.849068,39.387817],[-116.850087,39.387734],[-116.850938,39.387688],[-116.852005,39.387697],[-116.853053,39.387734],[-116.854174,39.387855],[-116.855253,39.387998]],[[-119.570417,39.270716],[-119.565148,39.273796],[-119.564313,39.274284],[-119.562486,39.275363],[-119.558881,39.27749],[-119.551022,39.282094],[-119.55079,39.28223],[-119.549933,39.282722],[-119.548301,39.28368],[-119.546689,39.284622],[-119.545853,39.285122],[-119.545499,39.285326],[-119.543819,39.286309],[-119.542047,39.287346],[-119.541902,39.287431],[-119.538929,39.289183],[-119.537927,39.28977],[-119.533868,39.292167],[-119.533363,39.292468],[-119.531506,39.293554],[-119.531386,39.293629],[-119.529735,39.294597],[-119.529028,39.295004],[-119.527585,39.295851]],[[-119.682104,39.209274],[-119.681373,39.209754],[-119.681025,39.209945],[-119.680119,39.210438],[-119.679409,39.210774],[-119.678706,39.211072],[-119.678353,39.211211],[-119.677912,39.211375],[-119.677501,39.211519],[-119.677171,39.211623],[-119.676605,39.211807],[-119.675734,39.212057],[-119.675472,39.21214],[-119.675095,39.212258],[-119.673027,39.212909],[-119.672399,39.213107],[-119.670179,39.213821],[-119.669789,39.213945],[-119.668218,39.214439]],[[-119.126002,39.436571],[-119.121534,39.437039],[-119.11967,39.437238],[-119.118096,39.437406]],[[-114.87383,39.252626],[-114.87381,39.25259],[-114.873661,39.252307],[-114.873629,39.252246],[-114.873429,39.251866],[-114.873219,39.251466],[-114.873045,39.251132],[-114.872988,39.251014],[-114.872969,39.250984],[-114.872838,39.250736],[-114.872776,39.250612],[-114.872639,39.250361],[-114.872539,39.250164],[-114.872479,39.250049],[-114.872418,39.249932],[-114.872238,39.249578],[-114.872188,39.249475],[-114.872054,39.249215],[-114.871836,39.248818],[-114.871446,39.248051],[-114.871056,39.247301],[-114.870942,39.247081],[-114.870773,39.246734],[-114.870687,39.246582],[-114.870444,39.246139],[-114.870372,39.246005],[-114.870208,39.245716],[-114.869986,39.245328],[-114.869681,39.24475],[-114.869532,39.244459],[-114.869312,39.244016],[-114.869272,39.243937]],[[-119.767002,39.163239],[-119.767003,39.163327],[-119.767003,39.163401],[-119.767002,39.163838],[-119.767002,39.163911]],[[-114.874233,39.253361],[-114.87436,39.253327],[-114.874804,39.253211],[-114.874955,39.25318],[-114.87508,39.253159],[-114.875466,39.25311],[-114.875755,39.253098],[-114.876323,39.253095],[-114.876783,39.25305],[-114.877285,39.252961],[-114.877657,39.25286],[-114.878134,39.252694],[-114.878912,39.252331],[-114.879081,39.252253]],[[-114.916523,39.254444],[-114.917223,39.254601],[-114.917665,39.254672],[-114.91841,39.254744],[-114.919103,39.254833],[-114.91964,39.25494],[-114.920087,39.25506],[-114.920448,39.255175],[-114.923995,39.256587],[-114.924356,39.256722],[-114.927683,39.257884],[-114.929193,39.258412],[-114.92992,39.258672],[-114.930631,39.258937],[-114.931337,39.259229],[-114.932825,39.259875],[-114.935205,39.260957],[-114.93579,39.261212],[-114.936525,39.261518],[-114.937272,39.261814],[-114.938786,39.262377],[-114.940071,39.262805],[-114.940131,39.262823],[-114.940723,39.263002],[-114.941007,39.263081],[-114.941815,39.263308],[-114.942975,39.263649],[-114.94381,39.263857],[-114.947927,39.264784],[-114.948424,39.264929],[-114.948708,39.265024],[-114.949104,39.26518],[-114.949476,39.265344],[-114.949905,39.265546],[-114.950371,39.265818],[-114.95143,39.266557],[-114.958736,39.271936],[-114.959114,39.272262],[-114.959411,39.27252],[-114.959682,39.272832],[-114.960051,39.273339],[-114.960571,39.274209],[-114.960918,39.27477],[-114.962761,39.277283],[-114.963078,39.277788],[-114.963327,39.278209],[-114.963449,39.278517],[-114.963603,39.278956],[-114.963699,39.279318],[-114.963776,39.279756],[-114.963954,39.282986]],[[-114.61756,39.047217],[-114.617839,39.047249],[-114.618091,39.047274],[-114.618377,39.047281],[-114.61854,39.047277],[-114.618924,39.047231],[-114.619116,39.047197],[-114.619293,39.047147],[-114.619477,39.047096],[-114.619687,39.047004],[-114.619883,39.046894],[-114.620147,39.046698],[-114.620394,39.046489],[-114.620633,39.046287],[-114.620894,39.046094],[-114.621157,39.045967],[-114.621454,39.04584],[-114.621792,39.045742],[-114.622014,39.045696],[-114.622396,39.045664],[-114.622742,39.045655],[-114.623375,39.04565],[-114.623685,39.045641],[-114.6239,39.045619],[-114.624134,39.045575],[-114.624401,39.045502],[-114.624659,39.045419],[-114.624923,39.045274],[-114.625097,39.045145],[-114.625355,39.044933],[-114.626786,39.043751],[-114.627169,39.043391],[-114.627414,39.043188],[-114.627672,39.043022],[-114.628002,39.042857],[-114.628357,39.042745],[-114.628674,39.042665],[-114.629013,39.042611],[-114.629382,39.042594],[-114.629676,39.042614],[-114.629976,39.042661],[-114.630223,39.042728],[-114.630742,39.042891],[-114.631372,39.043051],[-114.631783,39.04313],[-114.632107,39.043174],[-114.632396,39.043198],[-114.632686,39.043213],[-114.633017,39.043209],[-114.633314,39.043186],[-114.633666,39.043143],[-114.634231,39.043045],[-114.634699,39.042909],[-114.63514,39.042752],[-114.635451,39.042603],[-114.635868,39.042384],[-114.636067,39.042257],[-114.636818,39.041736],[-114.637086,39.041587],[-114.63732,39.041482],[-114.637562,39.041408],[-114.638105,39.041304],[-114.638812,39.041211],[-114.639133,39.041148],[-114.639342,39.041092],[-114.639609,39.040988],[-114.639831,39.040886],[-114.64017,39.040663],[-114.640374,39.040518],[-114.640925,39.040083],[-114.641327,39.039825],[-114.641726,39.039621],[-114.641961,39.039508],[-114.642292,39.039385],[-114.642556,39.039297],[-114.642855,39.03922],[-114.643169,39.039153],[-114.643472,39.039108],[-114.643788,39.039079],[-114.644248,39.039054],[-114.645001,39.03905],[-114.645504,39.039041],[-114.645993,39.03901],[-114.646367,39.038964],[-114.646782,39.038898],[-114.647529,39.038734],[-114.648262,39.038538],[-114.648733,39.038412],[-114.649913,39.038097],[-114.65041,39.037959],[-114.651105,39.037738],[-114.651559,39.037558],[-114.651852,39.03742],[-114.652202,39.037242],[-114.652659,39.036971],[-114.653099,39.036653],[-114.653367,39.036442],[-114.654202,39.035639],[-114.655032,39.034808],[-114.655101,39.03474],[-114.655671,39.034185],[-114.65592,39.033945],[-114.656176,39.033732],[-114.656353,39.033612],[-114.656588,39.033479],[-114.656876,39.033362],[-114.657207,39.033261],[-114.657543,39.033207],[-114.657892,39.033183],[-114.65824,39.033192],[-114.658954,39.033243],[-114.659144,39.033243],[-114.659483,39.033219],[-114.659843,39.033156],[-114.660023,39.033103],[-114.660216,39.03303],[-114.660501,39.032905],[-114.661001,39.032581],[-114.661266,39.032402],[-114.661697,39.032105],[-114.662274,39.031762],[-114.662825,39.031486],[-114.663347,39.031275],[-114.663888,39.031093],[-114.664382,39.030963],[-114.664928,39.030837],[-114.665291,39.030743],[-114.665575,39.030654],[-114.665993,39.030491],[-114.666257,39.030357],[-114.666614,39.030134],[-114.666752,39.030041],[-114.666945,39.029885],[-114.667092,39.029747],[-114.667293,39.029532],[-114.667521,39.02922],[-114.667631,39.029023],[-114.667736,39.028787],[-114.66806,39.027904],[-114.668154,39.027675],[-114.668428,39.027204],[-114.668628,39.026916],[-114.668929,39.026568],[-114.669143,39.026357],[-114.669407,39.026137],[-114.669733,39.025899],[-114.670136,39.025641]],[[-119.948084,39.045835],[-119.948085,39.04616],[-119.948082,39.046462],[-119.948063,39.046741],[-119.948009,39.046951]],[[-114.867774,39.241078],[-114.867881,39.241414],[-114.868162,39.241944],[-114.868249,39.242107],[-114.868291,39.242187],[-114.868424,39.242437],[-114.868619,39.242806],[-114.868779,39.243134]],[[-119.766956,39.170437],[-119.766821,39.170434],[-119.766358,39.170428],[-119.766103,39.170424],[-119.765273,39.170414],[-119.765136,39.170411],[-119.764893,39.170407],[-119.764574,39.170402],[-119.76444,39.1704],[-119.7643,39.170399],[-119.763598,39.170393],[-119.762774,39.170397],[-119.76194,39.170392],[-119.76125,39.17039]],[[-119.947627,39.040896],[-119.947588,39.041018],[-119.947567,39.041146],[-119.947562,39.041268],[-119.94758,39.041508],[-119.947597,39.041685],[-119.947624,39.041847],[-119.947747,39.042417],[-119.947904,39.043138],[-119.947947,39.043357],[-119.947981,39.04359],[-119.948001,39.043802],[-119.948013,39.044022],[-119.948084,39.045835]],[[-119.948497,39.045983],[-119.948462,39.045904],[-119.948354,39.045651],[-119.948296,39.0455],[-119.948253,39.045353],[-119.948223,39.04519],[-119.948205,39.044999],[-119.948155,39.043801],[-119.948147,39.043584],[-119.948128,39.043371],[-119.948105,39.043168],[-119.948063,39.042945],[-119.94793,39.042394],[-119.947694,39.04145],[-119.947658,39.041264],[-119.94764,39.041135],[-119.947631,39.041024],[-119.947627,39.040896]],[[-119.947053,39.047886],[-119.947375,39.047774],[-119.947649,39.047641],[-119.947885,39.047474],[-119.948066,39.047322],[-119.948232,39.047139],[-119.948355,39.046968],[-119.948384,39.046917]],[[-119.948009,39.046951],[-119.947937,39.047141],[-119.947813,39.047343],[-119.947599,39.047534],[-119.947327,39.047707],[-119.947053,39.047886]],[[-114.692372,39.028406],[-114.692466,39.02855],[-114.692555,39.028692],[-114.692857,39.029105],[-114.693005,39.029288],[-114.693211,39.029523],[-114.693503,39.029839],[-114.693753,39.030083],[-114.694021,39.030323],[-114.694263,39.030542],[-114.694614,39.030805],[-114.695254,39.03124],[-114.695597,39.03144],[-114.696097,39.031721],[-114.696602,39.031963],[-114.697158,39.032188],[-114.697397,39.032284],[-114.698035,39.032497],[-114.699053,39.032769],[-114.703254,39.033801],[-114.703663,39.033905],[-114.703932,39.033996],[-114.70454,39.034202],[-114.704874,39.034343],[-114.705523,39.034648],[-114.706065,39.034952],[-114.706519,39.035218],[-114.709149,39.036761],[-114.710847,39.037759],[-114.711684,39.038254],[-114.713038,39.03905],[-114.713441,39.039284],[-114.71443,39.039877],[-114.71547,39.040564],[-114.715987,39.04092],[-114.71672,39.041458],[-114.717302,39.04191],[-114.717829,39.042331],[-114.718463,39.04287],[-114.719602,39.04392],[-114.720189,39.044485],[-114.720945,39.045288],[-114.721699,39.046164],[-114.722174,39.04672],[-114.722934,39.047732],[-114.723413,39.048394],[-114.723893,39.049079],[-114.726027,39.052075],[-114.728189,39.055147],[-114.728832,39.056042],[-114.729482,39.05699],[-114.733677,39.062894],[-114.736028,39.066213],[-114.736567,39.067013],[-114.736844,39.067422],[-114.73872,39.070014],[-114.739023,39.070466],[-114.73949,39.071115],[-114.739705,39.071434],[-114.740124,39.071999],[-114.741106,39.073384],[-114.742423,39.075228],[-114.742738,39.075689],[-114.743484,39.076718],[-114.746596,39.081069],[-114.747219,39.08194],[-114.74795,39.082989],[-114.748876,39.08426],[-114.749129,39.08464],[-114.751953,39.088593]],[[-114.490312,39.056184],[-114.457287,39.067395],[-114.454697,39.068326],[-114.454016,39.068613],[-114.453924,39.06866],[-114.452839,39.069217],[-114.451818,39.06983],[-114.451401,39.070123],[-114.45073,39.070606]],[[-119.733222,39.176602],[-119.733064,39.176651],[-119.732797,39.176734]],[[-114.867774,39.241078],[-114.866803,39.23924],[-114.866646,39.238931]],[[-114.897794,39.247312],[-114.898224,39.247261],[-114.89849,39.247257]],[[-118.762262,39.474894],[-118.763045,39.4749]],[[-118.814887,39.47992],[-118.815634,39.480112]],[[-118.815634,39.480112],[-118.816647,39.480363]],[[-119.066379,39.469001],[-119.066002,39.469163]],[[-119.066002,39.469163],[-119.06444,39.469897],[-119.063613,39.470286],[-119.06147,39.47123],[-119.060314,39.471735],[-119.052177,39.475403],[-119.049685,39.476519],[-119.047371,39.477555],[-119.046386,39.477993],[-119.04553,39.478373],[-119.044483,39.478838],[-119.044067,39.479023],[-119.042883,39.479549],[-119.039328,39.481096],[-119.024642,39.487746],[-119.023845,39.488107],[-119.022521,39.488698],[-119.010542,39.494067],[-119.008753,39.494863],[-119.005833,39.496155],[-119.003912,39.497033],[-119.003017,39.497433],[-119.002082,39.497817],[-119.000309,39.498573],[-118.999089,39.499075],[-118.998241,39.49939],[-118.99747,39.49965],[-118.996541,39.499914],[-118.993252,39.500666],[-118.990709,39.501229],[-118.98783,39.501912],[-118.987442,39.502004],[-118.975774,39.504633],[-118.973056,39.505269],[-118.970307,39.505899],[-118.962782,39.507623],[-118.961429,39.507933],[-118.952192,39.510047],[-118.946611,39.511302],[-118.944832,39.511715],[-118.944429,39.51182],[-118.944183,39.511891],[-118.943979,39.511959],[-118.943628,39.512071],[-118.94323,39.51222],[-118.942939,39.512326]],[[-114.237483,39.095683],[-114.237285,39.095553]],[[-114.237285,39.095553],[-114.236158,39.094797]],[[-117.075151,39.495789],[-117.075478,39.495957],[-117.076452,39.496421],[-117.076643,39.496527],[-117.076809,39.496651],[-117.077125,39.49694],[-117.07727,39.497069],[-117.077356,39.497127],[-117.07744,39.497167],[-117.077634,39.49725],[-117.077856,39.497322],[-117.078318,39.497446],[-117.07847,39.497502],[-117.078576,39.497561],[-117.078684,39.497644],[-117.078845,39.497801],[-117.079043,39.498044],[-117.079153,39.498164],[-117.079244,39.498242],[-117.079435,39.498372],[-117.079659,39.498502],[-117.079899,39.498649],[-117.080017,39.498735],[-117.080115,39.498835],[-117.080253,39.498998],[-117.080319,39.499103],[-117.080609,39.499553],[-117.080719,39.499692],[-117.08076,39.499743],[-117.080947,39.499937],[-117.081139,39.500079],[-117.081243,39.500147],[-117.081454,39.500233],[-117.081662,39.500285],[-117.0819,39.500327],[-117.082815,39.500442],[-117.083438,39.500526],[-117.083606,39.500552],[-117.083845,39.500589]],[[-119.265731,39.401235],[-119.264369,39.401736],[-119.260411,39.403189],[-119.259313,39.403592],[-119.259085,39.403675],[-119.258481,39.403896],[-119.255239,39.405082],[-119.250893,39.406672],[-119.248025,39.407721],[-119.244632,39.408958],[-119.242768,39.409639],[-119.23881,39.411086],[-119.237566,39.411529],[-119.234023,39.412815],[-119.233151,39.413152],[-119.231459,39.413758]],[[-118.879011,39.487722],[-118.879594,39.48782],[-118.880316,39.487941],[-118.880935,39.488045],[-118.880982,39.488053],[-118.881739,39.488186],[-118.882405,39.488318],[-118.882981,39.488447],[-118.883692,39.488625],[-118.884381,39.488826],[-118.884889,39.488986],[-118.884988,39.489018],[-118.885739,39.489279],[-118.886465,39.489565],[-118.88719,39.489881],[-118.887766,39.490148],[-118.888313,39.490426],[-118.888796,39.490689],[-118.889362,39.491018],[-118.889904,39.491359],[-118.890459,39.491715],[-118.890648,39.491835],[-118.890841,39.491959],[-118.89106,39.492099],[-118.892623,39.493107],[-118.893932,39.493952]],[[-118.790935,39.474848],[-118.791744,39.474845],[-118.791827,39.474845],[-118.792123,39.474845],[-118.792517,39.474851],[-118.792677,39.474854],[-118.792783,39.474857],[-118.792939,39.474864],[-118.79305,39.474869],[-118.793402,39.47489],[-118.793629,39.474907],[-118.793939,39.474931],[-118.793983,39.474935],[-118.794245,39.474961],[-118.794532,39.474991],[-118.79484,39.475027],[-118.795126,39.475067],[-118.795386,39.475106],[-118.795764,39.475167],[-118.795941,39.475199],[-118.796032,39.475215],[-118.796291,39.475264],[-118.796659,39.47534],[-118.796815,39.475374],[-118.796931,39.4754],[-118.79716,39.475453],[-118.79723,39.475469],[-118.797523,39.475543],[-118.79761,39.475565],[-118.797796,39.475613],[-118.798073,39.475683],[-118.798467,39.475783],[-118.798743,39.475853],[-118.799175,39.475963],[-118.799543,39.476056],[-118.799591,39.476068],[-118.799775,39.476115]],[[-118.808365,39.478258],[-118.808478,39.478287],[-118.808813,39.478372]],[[-114.863881,39.233649],[-114.864307,39.234465],[-114.864835,39.235473],[-114.864884,39.235567],[-114.864974,39.235736],[-114.865759,39.237234],[-114.865885,39.237458]],[[-119.772503,39.120787],[-119.772733,39.120753],[-119.772866,39.120727],[-119.772961,39.120705],[-119.773032,39.120688],[-119.773106,39.120667],[-119.773205,39.120637],[-119.773293,39.120607],[-119.773384,39.120573],[-119.773464,39.120542],[-119.773586,39.120488],[-119.773704,39.12043],[-119.773835,39.120358],[-119.773991,39.120263],[-119.774319,39.12006],[-119.774675,39.119845],[-119.775,39.119649]],[[-116.939667,39.404435],[-116.940675,39.404627],[-116.944042,39.405286],[-116.94738,39.405928],[-116.948007,39.406071],[-116.948246,39.406141],[-116.949187,39.406454],[-116.949865,39.406794],[-116.950198,39.406999],[-116.950573,39.407243],[-116.950954,39.407531],[-116.951252,39.407795],[-116.951539,39.408079],[-116.951871,39.408435],[-116.952118,39.408758],[-116.952418,39.409231],[-116.952623,39.409642],[-116.953771,39.412288],[-116.954618,39.414146],[-116.955004,39.414685],[-116.955337,39.415075],[-116.955895,39.415622],[-116.956453,39.416053],[-116.956839,39.416326],[-116.957246,39.416567],[-116.958545,39.417147],[-116.959285,39.41737],[-116.96098,39.417884],[-116.961538,39.418083],[-116.962128,39.418357],[-116.964517,39.419678],[-116.965043,39.420043],[-116.965515,39.420457],[-116.967242,39.422479],[-116.967447,39.422783],[-116.96766,39.423097],[-116.967918,39.423557],[-116.96809,39.423971],[-116.968219,39.424402],[-116.968265,39.424618],[-116.968294,39.424791],[-116.968325,39.425315],[-116.968464,39.427528],[-116.968502,39.427956],[-116.968552,39.428283],[-116.968634,39.428677],[-116.968722,39.428935],[-116.968841,39.429217],[-116.969045,39.429714],[-116.969426,39.430582],[-116.969587,39.430944],[-116.9701,39.432171],[-116.970332,39.432689],[-116.970525,39.433037],[-116.97077,39.433357],[-116.971169,39.433791],[-116.971566,39.434181],[-116.971709,39.434308],[-116.973326,39.435747],[-116.975746,39.437828],[-116.976652,39.438606],[-116.977209,39.439028],[-116.977628,39.439301],[-116.97825,39.439641],[-116.978394,39.439711],[-116.981136,39.441042],[-116.983507,39.442193],[-116.983765,39.442326],[-116.984033,39.442533],[-116.984312,39.442815],[-116.985524,39.44424],[-116.985804,39.444691],[-116.986554,39.446104],[-116.986694,39.446493],[-116.987273,39.4482],[-116.987434,39.448585],[-116.987767,39.449045],[-116.988067,39.449405],[-116.989012,39.450449],[-116.989666,39.451303],[-116.991211,39.452694],[-116.991662,39.453407],[-116.992166,39.454724],[-116.992552,39.455221],[-116.994724,39.456349],[-116.994848,39.456414],[-116.995219,39.456596],[-116.995774,39.456861],[-116.997202,39.457543],[-116.997353,39.457615],[-116.997819,39.45785],[-116.998027,39.457986],[-116.998227,39.458168],[-116.998456,39.458467],[-116.998539,39.458698],[-116.99859,39.458934],[-116.998679,39.459903],[-116.998728,39.460461],[-116.999007,39.462901],[-116.999323,39.463971],[-116.999568,39.464405],[-116.99988,39.464827],[-117.000663,39.465649],[-117.001586,39.466582],[-117.002206,39.467189],[-117.002563,39.467682],[-117.002696,39.468072],[-117.002747,39.468298],[-117.002763,39.468491],[-117.002725,39.469011],[-117.002438,39.470729],[-117.002142,39.472497],[-117.00197,39.473684],[-117.002006,39.474056],[-117.002059,39.474292],[-117.00218,39.474648]],[[-116.277323,39.541176],[-116.277831,39.541046],[-116.279139,39.540712],[-116.27989,39.540511],[-116.281229,39.540157],[-116.282126,39.539929],[-116.28365,39.539527],[-116.285148,39.539131],[-116.287083,39.538627],[-116.288735,39.538188],[-116.290445,39.537731],[-116.292442,39.53721],[-116.293533,39.536937],[-116.295287,39.536457],[-116.297032,39.536017],[-116.297624,39.535864],[-116.298384,39.535659],[-116.299392,39.53538],[-116.301693,39.53479],[-116.303514,39.534307],[-116.304486,39.534058],[-116.30643,39.533533],[-116.309708,39.532681],[-116.312385,39.531976],[-116.314325,39.531468],[-116.315226,39.531223],[-116.315655,39.531107],[-116.31607,39.531005],[-116.316905,39.530811],[-116.317382,39.530712],[-116.318062,39.530579],[-116.319096,39.530391],[-116.320082,39.530224],[-116.322786,39.529735],[-116.324393,39.529461],[-116.326002,39.529182],[-116.327791,39.528875],[-116.32863,39.528728],[-116.328825,39.528694],[-116.329952,39.528497],[-116.331374,39.528248],[-116.332364,39.528074],[-116.334732,39.527665],[-116.335942,39.52744],[-116.339468,39.526837],[-116.340683,39.526623],[-116.341797,39.526416],[-116.344257,39.525992],[-116.345379,39.525791],[-116.349281,39.525109],[-116.350641,39.524864],[-116.355029,39.524101],[-116.357825,39.523606],[-116.35878,39.523443],[-116.359098,39.523388],[-116.361673,39.522942],[-116.364519,39.522441],[-116.3658,39.522216],[-116.368336,39.521776]],[[-116.197342,39.567551],[-116.198536,39.567081],[-116.198803,39.566973],[-116.200171,39.566421],[-116.201094,39.566058],[-116.201815,39.565787],[-116.202298,39.565596],[-116.202813,39.565387],[-116.203391,39.565151],[-116.204448,39.56473],[-116.207623,39.563454],[-116.213033,39.561274],[-116.213215,39.5612],[-116.214242,39.560782],[-116.215121,39.560432],[-116.21708,39.559639],[-116.218025,39.559272],[-116.218087,39.559249],[-116.218213,39.559201],[-116.219413,39.558727],[-116.220178,39.558417],[-116.220308,39.558366],[-116.221105,39.558049],[-116.224376,39.556717],[-116.22465,39.556606],[-116.225249,39.55636],[-116.226367,39.555921],[-116.227384,39.555509],[-116.230444,39.554282],[-116.231476,39.553874],[-116.232762,39.553355],[-116.233543,39.553045],[-116.234317,39.552726],[-116.234985,39.552478],[-116.235911,39.55216],[-116.237211,39.55174],[-116.2383,39.551428],[-116.239455,39.55112],[-116.240649,39.550817],[-116.243908,39.549959],[-116.244875,39.5497],[-116.246861,39.549186],[-116.2488,39.548676],[-116.249893,39.548372],[-116.250782,39.548139],[-116.251103,39.548051],[-116.252488,39.54769],[-116.253268,39.547479],[-116.254177,39.547242],[-116.255051,39.547008],[-116.256882,39.546529],[-116.258606,39.546072],[-116.259646,39.545803],[-116.260412,39.545606],[-116.262117,39.545152],[-116.263884,39.544692],[-116.264009,39.54466],[-116.264712,39.54447],[-116.265667,39.544224],[-116.2666,39.543973],[-116.267634,39.54371],[-116.268594,39.54345],[-116.269557,39.543204],[-116.270501,39.542953],[-116.271489,39.542698],[-116.272456,39.542438],[-116.273638,39.542134],[-116.274219,39.541976],[-116.274765,39.541835],[-116.277323,39.541176]],[[-116.368336,39.521776],[-116.368982,39.521649],[-116.370205,39.521439],[-116.371406,39.521234],[-116.372736,39.520989],[-116.375197,39.520563],[-116.378091,39.520055],[-116.381126,39.519527],[-116.383242,39.519166],[-116.386082,39.518635],[-116.388862,39.518167],[-116.390369,39.517888],[-116.391495,39.517697],[-116.393652,39.517325],[-116.395962,39.516916],[-116.39915,39.516363],[-116.400438,39.516139],[-116.40239,39.515795],[-116.404113,39.515492],[-116.405982,39.515158],[-116.408063,39.5148],[-116.409336,39.514578],[-116.410904,39.514302],[-116.412511,39.51402],[-116.415676,39.51346],[-116.41691,39.513244],[-116.41786,39.513079],[-116.421657,39.512404],[-116.422763,39.512206],[-116.426652,39.511527],[-116.427384,39.511399],[-116.42891,39.511134],[-116.43052,39.510856],[-116.433218,39.510372],[-116.435605,39.509966],[-116.436758,39.509747],[-116.438657,39.509416],[-116.440251,39.509151],[-116.441726,39.508882],[-116.442997,39.508667],[-116.445315,39.508261],[-116.449552,39.50752],[-116.452723,39.506966],[-116.454675,39.506614],[-116.457696,39.50608],[-116.461258,39.505447],[-116.464462,39.50488],[-116.464766,39.504826],[-116.467952,39.504275],[-116.470093,39.503895],[-116.472544,39.503452],[-116.473682,39.503261],[-116.473993,39.503203],[-116.476675,39.502723],[-116.479153,39.502293],[-116.481449,39.501896],[-116.482024,39.501768],[-116.483115,39.501578],[-116.484439,39.501341],[-116.485756,39.501111],[-116.487175,39.500869],[-116.488754,39.500591],[-116.489854,39.500398],[-116.490417,39.500302],[-116.490918,39.500208],[-116.491649,39.500078],[-116.492612,39.499906],[-116.494057,39.499652],[-116.496043,39.499298],[-116.497323,39.499076],[-116.497895,39.49897],[-116.498917,39.49879],[-116.499959,39.498608],[-116.500316,39.498545],[-116.500947,39.498435],[-116.501942,39.498261],[-116.502826,39.498102],[-116.503629,39.49796],[-116.504504,39.497805],[-116.506183,39.49751],[-116.507723,39.497237],[-116.508251,39.497145],[-116.50964,39.4969],[-116.51105,39.496649],[-116.512001,39.496482],[-116.512841,39.496334],[-116.513487,39.496218],[-116.514075,39.496115],[-116.514739,39.495996],[-116.516329,39.495719],[-116.518211,39.495382],[-116.519693,39.495123],[-116.520883,39.494911],[-116.522048,39.494706],[-116.523377,39.494473],[-116.525494,39.494099],[-116.526656,39.493895],[-116.527692,39.493711],[-116.529477,39.493395],[-116.53058,39.493197],[-116.531868,39.492968],[-116.534154,39.49257],[-116.535723,39.49229],[-116.537274,39.492015],[-116.538705,39.49176],[-116.540118,39.491514],[-116.541498,39.491269],[-116.542265,39.491138],[-116.543409,39.490933],[-116.544732,39.490699],[-116.546397,39.490403],[-116.547869,39.490145],[-116.549725,39.489819],[-116.551738,39.489464],[-116.555537,39.48879],[-116.557384,39.488464],[-116.559134,39.488152],[-116.560462,39.487919],[-116.562072,39.487632],[-116.563649,39.487358],[-116.568504,39.486502],[-116.56947,39.486332],[-116.57043,39.486162],[-116.572093,39.485868],[-116.574807,39.48538],[-116.57757,39.484903],[-116.579292,39.48458],[-116.581363,39.48422],[-116.587843,39.483082],[-116.59157,39.482419],[-116.591956,39.482351]],[[-114.963954,39.282986],[-114.963958,39.283097],[-114.964022,39.28445],[-114.96407,39.28488],[-114.964162,39.285404],[-114.964397,39.286277],[-114.964507,39.286573],[-114.964802,39.287301],[-114.965235,39.288172],[-114.965823,39.289056],[-114.966012,39.289303],[-114.966317,39.289697],[-114.96687,39.290294],[-114.967392,39.290783],[-114.968439,39.29164],[-114.976025,39.297216],[-114.976079,39.297257],[-114.97855,39.299072],[-114.981635,39.301421],[-114.983451,39.302676],[-114.984197,39.303099],[-114.985511,39.303877],[-114.986871,39.30481],[-114.987694,39.305478],[-114.988651,39.306368],[-114.989069,39.306795],[-114.989888,39.307765],[-114.991088,39.309158],[-114.991951,39.309987],[-114.993187,39.310989],[-114.994206,39.311765],[-114.997758,39.314633],[-115.00739,39.322255],[-115.012487,39.326272],[-115.013125,39.326779],[-115.015138,39.328553],[-115.017828,39.331024],[-115.020486,39.333434],[-115.024315,39.336963],[-115.03392,39.345751],[-115.035065,39.346789],[-115.036026,39.347655],[-115.036937,39.348551],[-115.037194,39.34883],[-115.045393,39.357841],[-115.049166,39.361968],[-115.052952,39.366106],[-115.054777,39.36811],[-115.056613,39.370115],[-115.06027,39.374125],[-115.061182,39.375121],[-115.061964,39.375973],[-115.063526,39.37768],[-115.064936,39.379235],[-115.066223,39.380594],[-115.067524,39.38181],[-115.068543,39.382678],[-115.069369,39.383338],[-115.070632,39.384234],[-115.073423,39.386204],[-115.076118,39.388109],[-115.079819,39.390693],[-115.080696,39.391344],[-115.081081,39.39163],[-115.081362,39.391866],[-115.081498,39.392004],[-115.081779,39.392283],[-115.082014,39.392556],[-115.082278,39.39288],[-115.082581,39.393312],[-115.082763,39.393636],[-115.082934,39.393973],[-115.083055,39.39425],[-115.083153,39.394509],[-115.083261,39.394864],[-115.083347,39.395186],[-115.083359,39.395252],[-115.083405,39.395517],[-115.083446,39.395845],[-115.083468,39.396159],[-115.083466,39.396425],[-115.083447,39.396785],[-115.083414,39.397102],[-115.083363,39.397386],[-115.083308,39.397698],[-115.082902,39.400313],[-115.082876,39.400532],[-115.082752,39.401213],[-115.082611,39.401937],[-115.082548,39.402154],[-115.082498,39.402341],[-115.082431,39.402547],[-115.082281,39.402915],[-115.082187,39.403113],[-115.081953,39.403532],[-115.081048,39.404914],[-115.080151,39.406273],[-115.079535,39.407193],[-115.078939,39.408117],[-115.078341,39.409031],[-115.078244,39.409217],[-115.078158,39.409406],[-115.078083,39.409598],[-115.078019,39.409792],[-115.077966,39.409986],[-115.077924,39.410182],[-115.077892,39.410379],[-115.077872,39.410576],[-115.077863,39.410775],[-115.077865,39.410945],[-115.077875,39.411116],[-115.077894,39.411287],[-115.077923,39.411456],[-115.07796,39.411625],[-115.078005,39.411792],[-115.078069,39.411985],[-115.078145,39.412174],[-115.078232,39.412362],[-115.078331,39.412545],[-115.07844,39.412725],[-115.07856,39.412901],[-115.078697,39.413082],[-115.078844,39.413258],[-115.079001,39.413429],[-115.079166,39.413595],[-115.079341,39.413755],[-115.079527,39.413908],[-115.079714,39.414045],[-115.079909,39.414175],[-115.080111,39.414299],[-115.08032,39.414415],[-115.080536,39.414525],[-115.080757,39.414627],[-115.080975,39.414717],[-115.081198,39.414801],[-115.081425,39.414877],[-115.081656,39.414945],[-115.081905,39.415007],[-115.082157,39.415059],[-115.082412,39.415102],[-115.08267,39.415137],[-115.082912,39.41516],[-115.083156,39.415176],[-115.083401,39.415183],[-115.083646,39.415182],[-115.083916,39.415172],[-115.084041,39.415162],[-115.084184,39.415152],[-115.084451,39.415122],[-115.084716,39.415083],[-115.085803,39.414886],[-115.085952,39.414859],[-115.086465,39.41477],[-115.086724,39.414741],[-115.087045,39.414721],[-115.087485,39.414718],[-115.087785,39.414729],[-115.088121,39.41476],[-115.088464,39.41481],[-115.088836,39.414876],[-115.089191,39.414966],[-115.089552,39.415083],[-115.089856,39.415191],[-115.090267,39.415383],[-115.09058,39.415543],[-115.090814,39.415683],[-115.091099,39.415898],[-115.091344,39.416079],[-115.091604,39.416336],[-115.091855,39.41663],[-115.093176,39.418355],[-115.094499,39.420068],[-115.094685,39.420288],[-115.094927,39.420532],[-115.09522,39.420797],[-115.095455,39.420983],[-115.095669,39.421147],[-115.095891,39.421309],[-115.096166,39.421498],[-115.096255,39.421553],[-115.09651,39.421711],[-115.096794,39.421857],[-115.097066,39.421982],[-115.098468,39.42258],[-115.099062,39.42285],[-115.099599,39.423105],[-115.099811,39.423224],[-115.100079,39.423388],[-115.100376,39.423614],[-115.100698,39.423844],[-115.100992,39.424085],[-115.101597,39.424622],[-115.102311,39.425241],[-115.102601,39.425462],[-115.102836,39.425613],[-115.103213,39.425838],[-115.103517,39.426001],[-115.103851,39.42616],[-115.104203,39.426325],[-115.104574,39.426469],[-115.104948,39.426603],[-115.106463,39.427104],[-115.106766,39.427224],[-115.107085,39.427362],[-115.10759,39.427617],[-115.108309,39.428078],[-115.1097,39.428935],[-115.109962,39.429077],[-115.110232,39.429207],[-115.110586,39.429362],[-115.110939,39.429495],[-115.111292,39.429627],[-115.111644,39.429731],[-115.112076,39.429842],[-115.112515,39.429927],[-115.112859,39.429993],[-115.113341,39.430049],[-115.113835,39.430088],[-115.114522,39.43011],[-115.118105,39.430051],[-115.121684,39.429984],[-115.123453,39.429965],[-115.124054,39.429984],[-115.124621,39.430013],[-115.126302,39.430182]],[[-114.879657,39.251936],[-114.879785,39.251865],[-114.88003,39.251726],[-114.88094,39.251198],[-114.881578,39.25086],[-114.881789,39.250737],[-114.882062,39.250577],[-114.882647,39.250235],[-114.882791,39.250154],[-114.88283,39.250132],[-114.882959,39.250059],[-114.88329,39.249873],[-114.883471,39.249767],[-114.883944,39.249507],[-114.884249,39.249383],[-114.884337,39.249347],[-114.8845,39.249302],[-114.884641,39.249269],[-114.884989,39.249212],[-114.885617,39.249119],[-114.886578,39.248977],[-114.886659,39.248965],[-114.886722,39.248955],[-114.887617,39.248823],[-114.88769,39.248813],[-114.887768,39.248801],[-114.888718,39.24866],[-114.888809,39.248646],[-114.889685,39.248517],[-114.889769,39.248504],[-114.889926,39.248481],[-114.890462,39.248402],[-114.890476,39.2484],[-114.890755,39.248358],[-114.890818,39.248349],[-114.890899,39.248337],[-114.891174,39.248296],[-114.891796,39.248204],[-114.89186,39.248195],[-114.891944,39.248182],[-114.892309,39.248128],[-114.89284,39.24805],[-114.892924,39.248037],[-114.892983,39.248029],[-114.893744,39.247916],[-114.893891,39.247894],[-114.893952,39.247886],[-114.894036,39.247873],[-114.894914,39.247743],[-114.89499,39.247732],[-114.89506,39.247721],[-114.895295,39.247686],[-114.895395,39.247672],[-114.895952,39.247589],[-114.896041,39.247576],[-114.896113,39.247565],[-114.896991,39.247436],[-114.897065,39.247425],[-114.897139,39.247413],[-114.897794,39.247312]],[[-115.989822,39.553693],[-115.990001,39.553781],[-115.990424,39.553984],[-115.990652,39.55409]],[[-114.802893,39.159733],[-114.803324,39.160115],[-114.80356,39.160318],[-114.804365,39.160941],[-114.804615,39.161117],[-114.805385,39.161631],[-114.805827,39.161901],[-114.806521,39.162288],[-114.807967,39.163077],[-114.809344,39.163826],[-114.810625,39.164505],[-114.81243,39.165503],[-114.814497,39.166625],[-114.814797,39.166787]],[[-118.691908,39.475064],[-118.69238,39.475101],[-118.692565,39.475105],[-118.692906,39.475113],[-118.695983,39.475117],[-118.699081,39.475122],[-118.699579,39.475122],[-118.701686,39.475124],[-118.706574,39.47511],[-118.708659,39.47509],[-118.71411,39.475023],[-118.715982,39.474999],[-118.718163,39.475005],[-118.720541,39.475017],[-118.720597,39.475017],[-118.722829,39.475007],[-118.728015,39.474998],[-118.731016,39.474985],[-118.734451,39.474964]],[[-118.028209,39.29028],[-118.029314,39.290189],[-118.030543,39.290126],[-118.03103,39.290105],[-118.031586,39.29009],[-118.032149,39.290087],[-118.033875,39.290102],[-118.045096,39.290453],[-118.053106,39.290704],[-118.067639,39.291154],[-118.068875,39.291159],[-118.071135,39.29108],[-118.084656,39.290111],[-118.096331,39.28926],[-118.127407,39.287003],[-118.130136,39.286808],[-118.132422,39.286639],[-118.134389,39.286548],[-118.137543,39.286575],[-118.152889,39.287075],[-118.155101,39.287043],[-118.15853,39.286837],[-118.158665,39.286829],[-118.162385,39.286612]],[[-119.761071,39.170391],[-119.760871,39.170392],[-119.760701,39.170398],[-119.760666,39.170399],[-119.760048,39.170425],[-119.759727,39.170444],[-119.759464,39.170459],[-119.75945,39.170459],[-119.759297,39.170471],[-119.759108,39.170486],[-119.75888,39.170506],[-119.75859,39.170534],[-119.758389,39.170552],[-119.758042,39.170584],[-119.757779,39.170608],[-119.757235,39.170674],[-119.756712,39.170736],[-119.75585,39.170866],[-119.755649,39.170901],[-119.75528,39.170965],[-119.754845,39.171053],[-119.754557,39.17111],[-119.754343,39.171157],[-119.753989,39.171233]],[[-114.582468,39.024973],[-114.582433,39.024978],[-114.582207,39.025014],[-114.581793,39.0251],[-114.581364,39.025211],[-114.580914,39.025351],[-114.580203,39.025582],[-114.577299,39.026583]],[[-114.57274,39.028117],[-114.571907,39.028399],[-114.571355,39.028588],[-114.570236,39.028971],[-114.568684,39.029502],[-114.568492,39.029568],[-114.566721,39.030189],[-114.5662,39.030358],[-114.56517,39.030716],[-114.564495,39.030941],[-114.563976,39.031124],[-114.560189,39.032402],[-114.559328,39.032699],[-114.559223,39.032741],[-114.549789,39.035936]],[[-114.179762,39.073866],[-114.179413,39.073664]],[[-115.913251,39.381401],[-115.914144,39.381717],[-115.914891,39.382014],[-115.915488,39.382281],[-115.916035,39.382547],[-115.916685,39.382909],[-115.917036,39.38312],[-115.917426,39.383376],[-115.917775,39.383613],[-115.917996,39.383777],[-115.918076,39.383837],[-115.918407,39.384105],[-115.918848,39.384479],[-115.919126,39.384738],[-115.919416,39.385034]],[[-115.921102,39.387216],[-115.921269,39.387538],[-115.921475,39.387959],[-115.921668,39.388398],[-115.921772,39.388653],[-115.921933,39.38913],[-115.922072,39.389637],[-115.922138,39.38994],[-115.922191,39.390199],[-115.922255,39.390637],[-115.922279,39.39087],[-115.922319,39.391512],[-115.922344,39.392395]],[[-115.919416,39.385034],[-115.919887,39.385561],[-115.920093,39.385788],[-115.920402,39.386183],[-115.920543,39.38637]],[[-115.920543,39.38637],[-115.920622,39.386473],[-115.920677,39.386553],[-115.920944,39.386945],[-115.921076,39.387167],[-115.921102,39.387216]],[[-115.922344,39.392395],[-115.922348,39.392566],[-115.922385,39.393689],[-115.922391,39.394239],[-115.922401,39.394671],[-115.922389,39.395027],[-115.922369,39.395297],[-115.922314,39.395698],[-115.922286,39.395878],[-115.922167,39.396444]],[[-115.922167,39.396444],[-115.922126,39.396601],[-115.922049,39.396844],[-115.921983,39.397037],[-115.921907,39.397239],[-115.921644,39.397809],[-115.921562,39.39797],[-115.92138,39.398284],[-115.920909,39.398995],[-115.920392,39.399618],[-115.919414,39.400747],[-115.918873,39.401385],[-115.918409,39.401926],[-115.918169,39.402226],[-115.917993,39.402502],[-115.917824,39.402787],[-115.917715,39.403018],[-115.917611,39.403246],[-115.917511,39.403503],[-115.917435,39.403761],[-115.917367,39.404087],[-115.917312,39.404459],[-115.917286,39.404711],[-115.917275,39.405121],[-115.917299,39.4054],[-115.917336,39.405639],[-115.917376,39.405816],[-115.917479,39.406186],[-115.917536,39.406349],[-115.917637,39.406584],[-115.917843,39.407027],[-115.918078,39.407471],[-115.918447,39.408132],[-115.918776,39.408712],[-115.918811,39.408776]],[[-115.918811,39.408776],[-115.918935,39.409006],[-115.919246,39.409559],[-115.919833,39.410627],[-115.919994,39.410971],[-115.92018,39.411346],[-115.920391,39.411856],[-115.920494,39.412178],[-115.9206,39.412531],[-115.9207,39.412902],[-115.920754,39.41318],[-115.920797,39.413411],[-115.920832,39.413645],[-115.920875,39.414017],[-115.920903,39.414406],[-115.920907,39.415309],[-115.920889,39.416012],[-115.920876,39.41639],[-115.920876,39.416415],[-115.920865,39.41712],[-115.92087,39.417728],[-115.920856,39.418578],[-115.920839,39.419455],[-115.920839,39.419554],[-115.920832,39.420066],[-115.920805,39.420818],[-115.920807,39.421131],[-115.920807,39.421156],[-115.9208,39.421614],[-115.920797,39.422106],[-115.92079,39.422766],[-115.920783,39.423303],[-115.920767,39.424243],[-115.920744,39.425199],[-115.92069,39.425798]],[[-115.92069,39.425798],[-115.920648,39.426231],[-115.920551,39.427033],[-115.920514,39.427299],[-115.92044,39.427829],[-115.920396,39.428205],[-115.920275,39.429168],[-115.920241,39.42957]],[[-115.927086,39.438676],[-115.927536,39.439084],[-115.92799,39.43952],[-115.928358,39.439887],[-115.928607,39.440143],[-115.928764,39.440318],[-115.928843,39.440397],[-115.929153,39.440743]],[[-115.923209,39.435654],[-115.924163,39.436401],[-115.925913,39.437733],[-115.926434,39.438133],[-115.926526,39.438209],[-115.927086,39.438676]],[[-115.920241,39.42957],[-115.920226,39.429878],[-115.920225,39.430189],[-115.920227,39.430485],[-115.920308,39.430939],[-115.920323,39.431059],[-115.920362,39.431266],[-115.920426,39.431528],[-115.920479,39.431695],[-115.920542,39.431908],[-115.920617,39.432156],[-115.92082,39.43269],[-115.920994,39.433029],[-115.921079,39.433192],[-115.921317,39.43357],[-115.921415,39.433724],[-115.921574,39.433939],[-115.921948,39.434421],[-115.922102,39.434594],[-115.92241,39.434916],[-115.922811,39.435307],[-115.923003,39.43548],[-115.923209,39.435654]],[[-115.937117,39.455158],[-115.937273,39.455404],[-115.937503,39.455755],[-115.937721,39.456106],[-115.938035,39.456604],[-115.938743,39.457716],[-115.939052,39.458216],[-115.939956,39.45962],[-115.940163,39.459955],[-115.940537,39.460547],[-115.940941,39.461163],[-115.941481,39.461943],[-115.941706,39.462249],[-115.942295,39.463007],[-115.942645,39.463458],[-115.943762,39.46484],[-115.943869,39.464965],[-115.944031,39.465168],[-115.944536,39.465834],[-115.944735,39.466102],[-115.944864,39.466309],[-115.945004,39.46658],[-115.945126,39.466856],[-115.945216,39.467086],[-115.945375,39.467595],[-115.945426,39.467887],[-115.945469,39.468184],[-115.945491,39.468663],[-115.945498,39.469461],[-115.945507,39.470674],[-115.94555,39.472357],[-115.945549,39.472668],[-115.945533,39.472874],[-115.945503,39.473076],[-115.945461,39.473274],[-115.945402,39.473471],[-115.945327,39.473677],[-115.945225,39.473936],[-115.945004,39.474527],[-115.943942,39.477002],[-115.943792,39.477324],[-115.943715,39.477556],[-115.943604,39.477894],[-115.943527,39.478232],[-115.943472,39.478529],[-115.943435,39.478863],[-115.943425,39.479142],[-115.943438,39.479361],[-115.943476,39.479659],[-115.94355,39.480013],[-115.943611,39.480244],[-115.943689,39.480512],[-115.943837,39.48087],[-115.943885,39.480982],[-115.943931,39.481069],[-115.944005,39.481209],[-115.944102,39.48137],[-115.944259,39.481605],[-115.94448,39.481911],[-115.945092,39.482648],[-115.945661,39.483349],[-115.946847,39.484749],[-115.947204,39.485164],[-115.947521,39.485547],[-115.947812,39.485935],[-115.947977,39.48619],[-115.948078,39.486361],[-115.948153,39.486503],[-115.948224,39.48666],[-115.9483,39.486857],[-115.948396,39.487138],[-115.94881,39.488429],[-115.948942,39.488799],[-115.949035,39.489031],[-115.949088,39.489143],[-115.949253,39.48945],[-115.949391,39.489674],[-115.949586,39.489965],[-115.949818,39.490248],[-115.949919,39.490365],[-115.950143,39.4906],[-115.950347,39.49079]],[[-115.929153,39.440743],[-115.929663,39.441341],[-115.930091,39.441882],[-115.930252,39.442146],[-115.930659,39.442725],[-115.930893,39.443116],[-115.931161,39.443562],[-115.93118,39.443597],[-115.931549,39.44425],[-115.931719,39.444589],[-115.932043,39.445287],[-115.932331,39.445995],[-115.932562,39.446588],[-115.932878,39.447378],[-115.933218,39.448205],[-115.933444,39.448775],[-115.933706,39.449359],[-115.933892,39.449749],[-115.934113,39.450203],[-115.93438,39.450746],[-115.934555,39.451067],[-115.934936,39.451701],[-115.935338,39.452348],[-115.936027,39.453424],[-115.936599,39.454305],[-115.937117,39.455158]],[[-116.0648,39.573864],[-116.065153,39.573829],[-116.065704,39.573759],[-116.066411,39.57364],[-116.067053,39.573521],[-116.070636,39.572716],[-116.071062,39.572637],[-116.071573,39.572554],[-116.071861,39.572517],[-116.072515,39.572454],[-116.072893,39.572433],[-116.073075,39.572427],[-116.073732,39.572429],[-116.073941,39.572437],[-116.074277,39.572449],[-116.074472,39.572461],[-116.074834,39.57249],[-116.075254,39.572538],[-116.075621,39.572594],[-116.07608,39.572681],[-116.076426,39.572757],[-116.076531,39.572779],[-116.076818,39.572852],[-116.077166,39.572953],[-116.077494,39.573056],[-116.078164,39.573288],[-116.078312,39.573344],[-116.079055,39.573649],[-116.08098,39.574453],[-116.085341,39.576276],[-116.097885,39.581466],[-116.099123,39.581967],[-116.099804,39.58225],[-116.100117,39.582372],[-116.100777,39.582617],[-116.101526,39.582862],[-116.101861,39.582968],[-116.102183,39.583061],[-116.102937,39.583253],[-116.103369,39.583349],[-116.104019,39.583476],[-116.104713,39.583589],[-116.104887,39.583613],[-116.105222,39.583661],[-116.105794,39.583735],[-116.106251,39.583777],[-116.106945,39.58382],[-116.107568,39.583847],[-116.113954,39.5839],[-116.115187,39.583912],[-116.123206,39.583995],[-116.124055,39.583981],[-116.124853,39.583944],[-116.126202,39.583881],[-116.127663,39.583749],[-116.128937,39.583593],[-116.129982,39.583439],[-116.131329,39.583229],[-116.132064,39.583085],[-116.13324,39.582845],[-116.133766,39.582736],[-116.135214,39.582437],[-116.136653,39.582137],[-116.137211,39.582031],[-116.138785,39.581709],[-116.140865,39.581293],[-116.14156,39.58115],[-116.142165,39.58103],[-116.14309,39.580842],[-116.143265,39.580807],[-116.145293,39.580402],[-116.147034,39.580052],[-116.150122,39.579433],[-116.152369,39.578996],[-116.154712,39.578519],[-116.156863,39.578078],[-116.158149,39.577816],[-116.159449,39.57756],[-116.160521,39.577349],[-116.163959,39.576646],[-116.164972,39.576443],[-116.166271,39.576171],[-116.167925,39.575851],[-116.170825,39.575258],[-116.173014,39.574822],[-116.175405,39.574337],[-116.176778,39.574056],[-116.178838,39.573641],[-116.180454,39.573268],[-116.181133,39.57309],[-116.182017,39.572853],[-116.182636,39.572668],[-116.183183,39.572479],[-116.183821,39.572268],[-116.184825,39.57192],[-116.185795,39.571591],[-116.187106,39.57112],[-116.18949,39.570298],[-116.190345,39.569989],[-116.192143,39.569384],[-116.194851,39.568434],[-116.195687,39.568156],[-116.196221,39.567967],[-116.19641,39.5679],[-116.197342,39.567551]],[[-116.059541,39.573595],[-116.059798,39.573645],[-116.060281,39.573731],[-116.060602,39.573778],[-116.061089,39.573839],[-116.061548,39.573882],[-116.06193,39.573909],[-116.062372,39.573933],[-116.063034,39.573947],[-116.063435,39.573946],[-116.063701,39.573941],[-116.063992,39.573929],[-116.064477,39.573897],[-116.0648,39.573864]],[[-117.12367,39.496555],[-117.123546,39.496632],[-117.123454,39.496719],[-117.123412,39.49681],[-117.123395,39.496916],[-117.123407,39.497036],[-117.123967,39.499678],[-117.124063,39.50013],[-117.124083,39.500215]],[[-119.58942,39.236451],[-119.589392,39.236559],[-119.589321,39.236827],[-119.589275,39.237004],[-119.589265,39.237059],[-119.589207,39.237363],[-119.589179,39.237511],[-119.589172,39.237547],[-119.589141,39.238015],[-119.589114,39.238411],[-119.589021,39.239364],[-119.588962,39.240245],[-119.588906,39.240974],[-119.588851,39.241689],[-119.588783,39.242576],[-119.588754,39.242975],[-119.588722,39.243366],[-119.588714,39.243461]],[[-119.588507,39.245654],[-119.58838,39.247516],[-119.588212,39.249369],[-119.588188,39.24965],[-119.588099,39.250529],[-119.5877,39.252165]],[[-119.5877,39.252165],[-119.5871,39.253846],[-119.58696,39.254192],[-119.586826,39.254475],[-119.586277,39.25563],[-119.586098,39.255968],[-119.58565,39.256671],[-119.585262,39.257281],[-119.583714,39.259501]],[[-114.549789,39.035936],[-114.498635,39.053356]],[[-114.157054,39.065315],[-114.13958,39.064035],[-114.10311,39.061245],[-114.102431,39.061194],[-114.102296,39.061184],[-114.08558,39.059919],[-114.075555,39.059157],[-114.065145,39.058366],[-114.06503,39.058358],[-114.058259,39.057837],[-114.051936,39.057361],[-114.049815,39.057197],[-114.049745,39.057192],[-114.049566,39.057179],[-114.048896,39.057129]],[[-114.172342,39.070032],[-114.167209,39.06741],[-114.166224,39.066973],[-114.164778,39.066457],[-114.163332,39.066051],[-114.162126,39.065793],[-114.161228,39.065651],[-114.157054,39.065315]],[[-119.521264,39.299548],[-119.52084,39.299797],[-119.519201,39.300759],[-119.518141,39.301381],[-119.517446,39.301792],[-119.515533,39.302913],[-119.514983,39.303231],[-119.512629,39.304623],[-119.510311,39.305985],[-119.509258,39.306604],[-119.506057,39.308475],[-119.502244,39.31072],[-119.500497,39.311739],[-119.498766,39.312745],[-119.49556,39.314623],[-119.49327,39.315969],[-119.492297,39.316536],[-119.491532,39.316984],[-119.490441,39.317634],[-119.48865,39.318687],[-119.487257,39.319493]],[[-119.741536,39.174582],[-119.742408,39.174356],[-119.742798,39.17425],[-119.743354,39.17411]],[[-119.744178,39.173731],[-119.744071,39.173758],[-119.743307,39.173948],[-119.742659,39.174108]],[[-119.741532,39.174399],[-119.741068,39.174521]],[[-119.738728,39.175129],[-119.738466,39.175195],[-119.738111,39.175288],[-119.737997,39.175318]],[[-118.768868,39.474921],[-118.770171,39.474903],[-118.771494,39.474896],[-118.772776,39.474894],[-118.774085,39.474888],[-118.774192,39.474888],[-118.775306,39.474888],[-118.775404,39.474889],[-118.775739,39.474888],[-118.776219,39.474892],[-118.776503,39.474894]],[[-119.223898,39.416682],[-119.223822,39.416727],[-119.223741,39.416767],[-119.223657,39.416803],[-119.223461,39.41687],[-119.222493,39.417203],[-119.222224,39.417294],[-119.221954,39.417381],[-119.221741,39.417446],[-119.22157,39.4175],[-119.221282,39.417597],[-119.219059,39.418399],[-119.216942,39.419172],[-119.216782,39.419231],[-119.211656,39.421116],[-119.210753,39.421447],[-119.207662,39.422584],[-119.204393,39.423681],[-119.202737,39.424116],[-119.202388,39.424208],[-119.200756,39.424533],[-119.200108,39.424655],[-119.199907,39.424692],[-119.199619,39.424744],[-119.198629,39.42489],[-119.197609,39.425032],[-119.195511,39.425271],[-119.184546,39.426522],[-119.184483,39.426529],[-119.177163,39.42737],[-119.176682,39.42742],[-119.174779,39.427667],[-119.174185,39.427751],[-119.172183,39.428123],[-119.171683,39.428218],[-119.164614,39.429578],[-119.16367,39.429769],[-119.162713,39.430045],[-119.161834,39.430379],[-119.157732,39.432225],[-119.157129,39.432473],[-119.156343,39.432775],[-119.155593,39.433021],[-119.154854,39.433249],[-119.154389,39.433356],[-119.153595,39.433534],[-119.152691,39.433714],[-119.151921,39.433823],[-119.147391,39.43433],[-119.146356,39.434431],[-119.140033,39.435087],[-119.131821,39.435955],[-119.13138,39.435994],[-119.130287,39.436092],[-119.128675,39.436281],[-119.126002,39.436571]],[[-119.687304,39.203065],[-119.687165,39.203387],[-119.686706,39.204355],[-119.685924,39.205631],[-119.68527,39.20648],[-119.685201,39.20657],[-119.684778,39.206991]],[[-119.740012,39.174795],[-119.739575,39.174908]],[[-119.889273,39.105607],[-119.889208,39.10559],[-119.88912,39.105581],[-119.888522,39.105618],[-119.888157,39.10564],[-119.887886,39.105665],[-119.887639,39.105694],[-119.887318,39.105746],[-119.88701,39.105808],[-119.886735,39.105871],[-119.886388,39.10596],[-119.884032,39.106602],[-119.883702,39.106687],[-119.883478,39.106738],[-119.883201,39.10679],[-119.882954,39.106823],[-119.882719,39.106844],[-119.882499,39.106851],[-119.882234,39.106847],[-119.881933,39.106836],[-119.881661,39.106825],[-119.88148,39.106821],[-119.881258,39.106825],[-119.881045,39.106839],[-119.880889,39.106858],[-119.880715,39.106889],[-119.880528,39.106935],[-119.880347,39.10699],[-119.88018,39.107054],[-119.879995,39.107139],[-119.879834,39.107227],[-119.879661,39.107344],[-119.879498,39.107469],[-119.87938,39.10758],[-119.879272,39.107699],[-119.879148,39.107867],[-119.879054,39.108022],[-119.878985,39.108158],[-119.87894,39.108291],[-119.878893,39.108454],[-119.878865,39.108623],[-119.878856,39.108792],[-119.878867,39.108943],[-119.87889,39.109083],[-119.87892,39.109226],[-119.878976,39.109367],[-119.879042,39.109513],[-119.879117,39.109645],[-119.87921,39.109777],[-119.879313,39.1099],[-119.879442,39.110025],[-119.879587,39.110148],[-119.879736,39.110254],[-119.879905,39.11036],[-119.880101,39.110465],[-119.88026,39.11054],[-119.880456,39.110625],[-119.880836,39.110785],[-119.881048,39.110883],[-119.881222,39.110971],[-119.881416,39.111083],[-119.881592,39.111201],[-119.881722,39.111303],[-119.881874,39.111438],[-119.882321,39.111869],[-119.882463,39.112004],[-119.882581,39.112109],[-119.882709,39.11221],[-119.882833,39.112302],[-119.882987,39.112397],[-119.883175,39.1125],[-119.88332,39.112571],[-119.883535,39.112662],[-119.883832,39.112769],[-119.884128,39.112868],[-119.885173,39.113196],[-119.885357,39.113259],[-119.885538,39.113329],[-119.885722,39.113403],[-119.885888,39.113484],[-119.886019,39.113556],[-119.886156,39.113643],[-119.886301,39.113744],[-119.886405,39.113833],[-119.886516,39.113945],[-119.886619,39.114064],[-119.886721,39.11421],[-119.886806,39.11437],[-119.886867,39.114508],[-119.886921,39.114652],[-119.886951,39.114779],[-119.88697,39.114922],[-119.886974,39.115048],[-119.886966,39.115175],[-119.886947,39.115309],[-119.88691,39.115462],[-119.886855,39.115599],[-119.88679,39.115743],[-119.886719,39.115865],[-119.886655,39.115964],[-119.886579,39.116059],[-119.886484,39.11617],[-119.886363,39.11629],[-119.886235,39.116397],[-119.886083,39.116503],[-119.885919,39.116597],[-119.885748,39.116677],[-119.885567,39.11675],[-119.885386,39.116808],[-119.885209,39.11685],[-119.885036,39.116883],[-119.88481,39.116908],[-119.884595,39.116918],[-119.884355,39.116917],[-119.884129,39.116905],[-119.883891,39.11688],[-119.881149,39.11662],[-119.880884,39.116598],[-119.880624,39.116583],[-119.880384,39.116579],[-119.8802,39.11659],[-119.879989,39.116613],[-119.8798,39.116642],[-119.879625,39.116686],[-119.87943,39.116742],[-119.879249,39.116811],[-119.879045,39.116907],[-119.878872,39.117013],[-119.878693,39.117136],[-119.878516,39.117277],[-119.878376,39.117408],[-119.878223,39.117579],[-119.877377,39.118587],[-119.87722,39.118771],[-119.877103,39.118896],[-119.876949,39.119041],[-119.876826,39.119155],[-119.876708,39.119247],[-119.876584,39.119337],[-119.876469,39.119408],[-119.876284,39.119504],[-119.876081,39.119592],[-119.875894,39.119661],[-119.87567,39.119727],[-119.875489,39.119765],[-119.875277,39.119806],[-119.875074,39.119829],[-119.874833,39.119841],[-119.874625,39.119837],[-119.874444,39.119828],[-119.874244,39.119801],[-119.874039,39.119768],[-119.873833,39.119715],[-119.873606,39.119649],[-119.873401,39.119573],[-119.873187,39.119474],[-119.873005,39.119371],[-119.872843,39.119263],[-119.872709,39.11916],[-119.872597,39.119064],[-119.872497,39.11897],[-119.872392,39.118854],[-119.872309,39.118748],[-119.872218,39.11862],[-119.872134,39.118467],[-119.872069,39.118344],[-119.872013,39.1182],[-119.871954,39.118026],[-119.87188,39.117775],[-119.871839,39.117659],[-119.871791,39.117527],[-119.871726,39.117387],[-119.87166,39.117261],[-119.871584,39.117131],[-119.871498,39.116998],[-119.871406,39.116872],[-119.871321,39.116771],[-119.871199,39.116639],[-119.870351,39.115768],[-119.870222,39.115637],[-119.8701,39.115524],[-119.869974,39.115409],[-119.869825,39.11529],[-119.869671,39.11518],[-119.869501,39.115063],[-119.86932,39.114959],[-119.86916,39.114868],[-119.868932,39.114753],[-119.868732,39.114657],[-119.86855,39.114581],[-119.868327,39.114493],[-119.86809,39.114414],[-119.867844,39.114347],[-119.867521,39.114272],[-119.86728,39.114228],[-119.866967,39.114181],[-119.866694,39.11415],[-119.866467,39.114133],[-119.866232,39.114126],[-119.866006,39.114126],[-119.865742,39.114135],[-119.865475,39.114155],[-119.865201,39.114186],[-119.864839,39.114243],[-119.864571,39.114302],[-119.86427,39.114383],[-119.862929,39.114769],[-119.862662,39.114844],[-119.862433,39.114898],[-119.862187,39.114943],[-119.861931,39.114977],[-119.861663,39.114994],[-119.859372,39.115112],[-119.859112,39.115127],[-119.858873,39.115147],[-119.858662,39.11517],[-119.858466,39.115203],[-119.858207,39.115254],[-119.858001,39.115303],[-119.857791,39.115362],[-119.85763,39.115414],[-119.857454,39.115485],[-119.857254,39.115579],[-119.857055,39.115687],[-119.856858,39.115811],[-119.856698,39.115922],[-119.856344,39.116169],[-119.856211,39.116264],[-119.856045,39.116372],[-119.855884,39.11647],[-119.855701,39.116558],[-119.855513,39.116636],[-119.855337,39.116691],[-119.855176,39.116733],[-119.854991,39.116771],[-119.854793,39.116796],[-119.854595,39.116812],[-119.854399,39.116816],[-119.854179,39.116806],[-119.853926,39.116776],[-119.853754,39.116745],[-119.853529,39.116693],[-119.852532,39.11646],[-119.85229,39.116406],[-119.852011,39.116353],[-119.851708,39.116298],[-119.851401,39.116256],[-119.85115,39.116238],[-119.850907,39.116232],[-119.850679,39.116237],[-119.850425,39.116253],[-119.850144,39.116289],[-119.849872,39.116337],[-119.8496,39.116392],[-119.849343,39.116467],[-119.849043,39.116568],[-119.848823,39.116651],[-119.848599,39.116753],[-119.848363,39.116872],[-119.847864,39.117144],[-119.847649,39.117259],[-119.847448,39.117357],[-119.847276,39.117429],[-119.847077,39.117502],[-119.846888,39.117555],[-119.846671,39.117604],[-119.8465,39.117627],[-119.846319,39.117641],[-119.846118,39.117646],[-119.845852,39.117636],[-119.845628,39.11762],[-119.84513,39.117583],[-119.844908,39.117573],[-119.844709,39.117571],[-119.844533,39.117576],[-119.844327,39.11759],[-119.844162,39.117612],[-119.843958,39.117643],[-119.843748,39.117687],[-119.843533,39.117744],[-119.843341,39.117804],[-119.843149,39.117884],[-119.842936,39.117979],[-119.842747,39.118081],[-119.842569,39.118195],[-119.842417,39.118303],[-119.842217,39.118462],[-119.841822,39.118794],[-119.838402,39.121679],[-119.838216,39.12183],[-119.838068,39.121945],[-119.837909,39.12206],[-119.837754,39.12215],[-119.8376,39.122235],[-119.837392,39.122329],[-119.837204,39.122396],[-119.837013,39.122449],[-119.836828,39.122485],[-119.836625,39.122511],[-119.836423,39.122522],[-119.836224,39.122521],[-119.835993,39.122504],[-119.835773,39.122476],[-119.835548,39.122427],[-119.835301,39.122349],[-119.835136,39.122284],[-119.834945,39.122198],[-119.834774,39.122104],[-119.834127,39.121715],[-119.833967,39.121633],[-119.833775,39.121542],[-119.833577,39.121467],[-119.833372,39.121403],[-119.833154,39.121351],[-119.832933,39.121311],[-119.832702,39.12129],[-119.83243,39.121284],[-119.832205,39.12129],[-119.831948,39.121319],[-119.831707,39.121368],[-119.831489,39.121431],[-119.831216,39.12153],[-119.83098,39.12164],[-119.830755,39.121767],[-119.830573,39.121883],[-119.829969,39.122256],[-119.829799,39.122358],[-119.829623,39.122454],[-119.829446,39.122537],[-119.829204,39.122639],[-119.829002,39.1227],[-119.828773,39.122754],[-119.828581,39.122796],[-119.828364,39.122832],[-119.828076,39.122862],[-119.827832,39.122875],[-119.827572,39.122878],[-119.8273,39.122867],[-119.82706,39.122843],[-119.826838,39.122808],[-119.826614,39.122763],[-119.826403,39.122708],[-119.826164,39.122633],[-119.8259,39.122534],[-119.825708,39.122451],[-119.8255,39.122344],[-119.825303,39.122227],[-119.825136,39.122118],[-119.824964,39.121979],[-119.824887,39.121912],[-119.824789,39.121822],[-119.824687,39.12172],[-119.824556,39.121572],[-119.824399,39.121379],[-119.824189,39.121117],[-119.824066,39.120972],[-119.823937,39.120836],[-119.823803,39.120704],[-119.823643,39.120582],[-119.823462,39.120461],[-119.823291,39.120366],[-119.823085,39.12027],[-119.822889,39.120201],[-119.822678,39.120144],[-119.822455,39.120098],[-119.822216,39.120067],[-119.822,39.120058],[-119.821748,39.120064],[-119.821534,39.120084],[-119.821312,39.120121],[-119.821098,39.120171],[-119.820904,39.120228],[-119.820714,39.120302],[-119.820511,39.120395],[-119.820031,39.120628],[-119.819884,39.120698],[-119.81973,39.120761],[-119.819571,39.120816],[-119.819367,39.120873],[-119.819165,39.120916],[-119.818941,39.120943],[-119.818701,39.120958],[-119.818515,39.120953],[-119.818284,39.120934],[-119.818081,39.120903],[-119.817852,39.120848],[-119.817693,39.120797],[-119.817498,39.120719],[-119.8173,39.120623],[-119.817124,39.12052],[-119.81699,39.120424],[-119.816853,39.120314],[-119.816739,39.120206],[-119.81661,39.120058],[-119.816518,39.119925],[-119.816429,39.119777],[-119.816365,39.119648],[-119.816207,39.119295],[-119.816131,39.119138],[-119.816036,39.118978],[-119.815918,39.118804],[-119.815789,39.118666],[-119.815698,39.118566],[-119.815566,39.118452],[-119.815418,39.118344],[-119.815248,39.118233],[-119.815079,39.118144],[-119.814906,39.11806],[-119.814722,39.117985],[-119.814263,39.117797],[-119.814058,39.117708],[-119.813903,39.117629],[-119.813768,39.117547],[-119.81363,39.117449],[-119.813504,39.117349],[-119.813372,39.117231],[-119.813252,39.117104],[-119.8125,39.11627],[-119.812357,39.116122],[-119.812186,39.115953],[-119.81203,39.11582],[-119.811901,39.115719],[-119.811725,39.115608],[-119.811534,39.115504],[-119.811331,39.115409],[-119.811112,39.115332],[-119.810896,39.11527],[-119.810631,39.115206],[-119.807757,39.114477],[-119.807483,39.11441],[-119.807235,39.114359],[-119.807023,39.114329],[-119.806781,39.114304],[-119.80658,39.114298],[-119.80636,39.114306],[-119.806171,39.114325],[-119.805958,39.114365],[-119.805751,39.114416],[-119.805515,39.114489],[-119.80532,39.114572],[-119.805131,39.114673],[-119.804976,39.114763],[-119.804818,39.114881],[-119.804663,39.115014],[-119.804543,39.115138],[-119.804415,39.115285],[-119.804193,39.115548],[-119.804057,39.115698],[-119.803951,39.115802],[-119.80382,39.115911],[-119.80367,39.116029],[-119.803509,39.116152],[-119.803364,39.116244],[-119.803158,39.116349],[-119.802953,39.116437],[-119.802739,39.116511],[-119.802507,39.116572],[-119.802249,39.116626],[-119.801992,39.116659],[-119.801741,39.116674],[-119.80149,39.11667],[-119.801203,39.116647],[-119.800966,39.116612],[-119.800718,39.116555],[-119.800495,39.116492],[-119.800267,39.116402],[-119.800091,39.116321],[-119.799919,39.116228],[-119.799874,39.1162],[-119.799725,39.116104],[-119.799598,39.116012],[-119.799481,39.115922],[-119.79929,39.115749],[-119.799207,39.115674],[-119.798946,39.115439],[-119.798804,39.115315],[-119.798618,39.115161],[-119.798487,39.115072],[-119.798341,39.114972],[-119.798148,39.114855],[-119.798035,39.114788],[-119.797907,39.114717],[-119.79773,39.114624],[-119.797582,39.114553],[-119.797372,39.114462],[-119.797211,39.1144],[-119.797103,39.114359],[-119.796954,39.114309],[-119.796567,39.114187],[-119.795651,39.113893],[-119.795406,39.113816],[-119.795193,39.113752],[-119.795015,39.1137],[-119.794758,39.113621],[-119.794569,39.113562],[-119.794345,39.113493],[-119.794079,39.113416],[-119.793926,39.113376],[-119.793813,39.11335],[-119.793558,39.113297],[-119.793269,39.113255],[-119.792991,39.113228],[-119.79282,39.113214],[-119.792705,39.113214],[-119.792498,39.113209],[-119.79228,39.113213],[-119.792014,39.113222],[-119.791722,39.113236],[-119.791254,39.113259],[-119.790716,39.113289],[-119.790157,39.113322],[-119.789451,39.113358],[-119.788699,39.113401],[-119.788337,39.113424],[-119.787935,39.113453],[-119.787683,39.113479],[-119.78751,39.113501],[-119.787282,39.113532],[-119.787121,39.113559],[-119.786818,39.113611],[-119.786541,39.113666],[-119.786264,39.113725],[-119.785912,39.11381],[-119.784597,39.11423],[-119.783667,39.11462],[-119.782626,39.115182],[-119.781151,39.11601],[-119.780655,39.116287],[-119.780365,39.116439]],[[-119.938575,38.964436],[-119.938817,38.964074],[-119.938988,38.963817]],[[-119.936388,38.967627],[-119.936561,38.967367],[-119.936784,38.967026],[-119.937078,38.966612],[-119.937738,38.965644],[-119.938013,38.965259],[-119.938575,38.964436]],[[-119.952971,38.997397],[-119.951837,38.9967],[-119.949896,38.995519],[-119.949759,38.995437],[-119.949636,38.99536],[-119.949535,38.995293],[-119.949472,38.995246],[-119.94943,38.995215],[-119.949313,38.995122],[-119.949197,38.995022],[-119.949106,38.994932],[-119.949005,38.994829],[-119.948918,38.994728],[-119.948812,38.994586],[-119.948712,38.994431],[-119.948625,38.994288],[-119.948538,38.994118],[-119.948476,38.993962],[-119.948418,38.993777],[-119.948387,38.993631],[-119.948365,38.993507],[-119.948353,38.993369],[-119.94835,38.993243],[-119.948356,38.993101],[-119.948366,38.992984],[-119.948396,38.992815],[-119.948413,38.992731],[-119.948452,38.992585],[-119.948493,38.992475],[-119.948537,38.992364],[-119.94859,38.992242],[-119.948672,38.99208],[-119.948927,38.991526],[-119.948949,38.991479],[-119.948999,38.991377],[-119.949045,38.991275],[-119.949109,38.99114],[-119.94915,38.991037],[-119.949207,38.990881],[-119.949247,38.990751],[-119.949277,38.990627],[-119.949304,38.9905],[-119.94932,38.990372],[-119.949336,38.990232],[-119.949343,38.990063],[-119.949337,38.989906],[-119.949331,38.989804],[-119.949329,38.98978],[-119.949311,38.989643],[-119.949279,38.989478],[-119.949228,38.989297],[-119.949165,38.989125],[-119.949102,38.988973],[-119.949034,38.988832],[-119.948955,38.988699],[-119.948875,38.988566],[-119.948794,38.988451],[-119.948715,38.988345],[-119.948687,38.988308],[-119.948536,38.988139],[-119.948422,38.988023],[-119.94825,38.987862],[-119.94807,38.987721],[-119.947858,38.987561],[-119.946688,38.986722],[-119.944838,38.98542],[-119.942764,38.983945]],[[-119.938988,38.963817],[-119.939083,38.963674],[-119.939232,38.963447],[-119.939402,38.963193],[-119.939789,38.962639],[-119.939947,38.962397]],[[-119.935076,38.970298],[-119.935099,38.970183],[-119.935124,38.970098],[-119.935158,38.969965],[-119.935191,38.969854],[-119.935233,38.969726],[-119.935274,38.969606],[-119.93532,38.969469],[-119.935354,38.969379],[-119.935382,38.969304],[-119.935449,38.969155],[-119.935514,38.969013],[-119.935575,38.968899],[-119.935665,38.968728]],[[-119.936538,38.978168],[-119.936432,38.977925],[-119.936357,38.977747],[-119.936288,38.977545],[-119.936211,38.977285],[-119.936143,38.977041],[-119.936014,38.976485],[-119.935677,38.975033],[-119.935366,38.97371],[-119.935136,38.972758],[-119.935071,38.972492],[-119.935041,38.972355],[-119.935015,38.972209],[-119.934995,38.97205],[-119.934974,38.971872],[-119.934958,38.971699],[-119.934951,38.971582],[-119.934948,38.971462]],[[-119.942764,38.983945],[-119.942151,38.983509],[-119.941627,38.983137]],[[-119.941627,38.983137],[-119.941327,38.982918],[-119.940079,38.982035],[-119.939907,38.981916],[-119.93943,38.981566],[-119.939231,38.981417],[-119.939079,38.981305],[-119.938907,38.981171],[-119.938767,38.98106],[-119.93862,38.980938],[-119.938471,38.980807],[-119.938324,38.980666],[-119.938172,38.980513],[-119.937997,38.980336],[-119.937852,38.98018],[-119.937731,38.980036],[-119.937595,38.97987],[-119.937476,38.979721],[-119.937358,38.979564],[-119.937169,38.979303],[-119.937014,38.97908],[-119.936937,38.978959],[-119.936853,38.978816],[-119.936749,38.978616],[-119.936654,38.978422],[-119.936538,38.978168]],[[-119.934948,38.971462],[-119.93495,38.971327],[-119.934962,38.971069],[-119.934965,38.97102],[-119.934972,38.970937],[-119.934983,38.970824],[-119.934999,38.970714],[-119.935024,38.970558],[-119.935052,38.970413],[-119.935076,38.970298]],[[-117.031128,39.479076],[-117.031419,39.479152],[-117.031708,39.479219],[-117.032385,39.479373],[-117.0328,39.479474],[-117.033212,39.479599],[-117.033551,39.479722],[-117.033935,39.479908],[-117.034239,39.480078],[-117.0347,39.48044],[-117.035482,39.481086],[-117.035648,39.481229],[-117.035965,39.481425],[-117.036294,39.481565],[-117.036909,39.481751],[-117.037461,39.481912],[-117.038748,39.482293],[-117.038977,39.482357],[-117.039208,39.482413],[-117.039471,39.482464],[-117.039738,39.482483],[-117.04009,39.482484],[-117.040477,39.482463],[-117.041351,39.482403],[-117.041705,39.482387],[-117.041929,39.482394],[-117.042069,39.482402],[-117.042272,39.482442],[-117.042412,39.482488],[-117.042514,39.482542],[-117.042623,39.482612],[-117.042738,39.482715],[-117.042829,39.482831],[-117.04292,39.483002],[-117.043138,39.483399],[-117.043208,39.483473],[-117.043312,39.483554],[-117.043427,39.483601],[-117.043627,39.483648],[-117.043794,39.483662],[-117.044005,39.483664],[-117.045535,39.483559],[-117.047469,39.483416],[-117.047999,39.483377],[-117.048252,39.483371],[-117.048387,39.483385],[-117.048497,39.483406],[-117.048649,39.483447],[-117.048751,39.483494],[-117.048893,39.483588],[-117.049089,39.483775],[-117.049276,39.483995],[-117.049458,39.48416],[-117.049668,39.484267],[-117.050257,39.484547],[-117.05046,39.484668],[-117.050655,39.484818],[-117.050769,39.484937],[-117.050993,39.485204],[-117.051068,39.485342],[-117.051128,39.485513],[-117.051177,39.485731],[-117.051177,39.486057],[-117.051136,39.48623],[-117.051062,39.486425],[-117.050941,39.486663],[-117.050816,39.486812],[-117.050699,39.486928],[-117.04991,39.487704],[-117.049812,39.487815],[-117.049737,39.487944],[-117.049683,39.488122],[-117.049695,39.488353],[-117.049729,39.488466],[-117.049789,39.488582],[-117.049893,39.488712],[-117.05001,39.488825],[-117.050148,39.488907],[-117.050376,39.488997],[-117.050486,39.48903],[-117.050782,39.489098],[-117.051151,39.489115],[-117.051471,39.489082],[-117.051866,39.488983],[-117.053298,39.48854],[-117.05345,39.488496],[-117.053572,39.488469],[-117.053683,39.488454],[-117.053771,39.488444],[-117.053838,39.48844],[-117.053927,39.488445],[-117.054018,39.488453],[-117.05411,39.488465],[-117.054182,39.48848],[-117.054268,39.488499],[-117.054343,39.488522],[-117.054414,39.488545],[-117.054482,39.488571],[-117.054554,39.488604],[-117.054633,39.488651],[-117.054715,39.488704],[-117.054798,39.488788],[-117.054897,39.488896],[-117.054943,39.48897],[-117.054999,39.489056],[-117.055037,39.489123],[-117.055118,39.489272],[-117.055192,39.48937],[-117.055233,39.489438],[-117.055288,39.489498],[-117.055345,39.489544],[-117.055397,39.489591],[-117.055452,39.489629],[-117.055524,39.489667],[-117.055598,39.489706],[-117.055672,39.489742],[-117.056472,39.49009],[-117.056555,39.49014],[-117.056626,39.490191],[-117.056693,39.490238],[-117.056746,39.490292],[-117.056799,39.490354],[-117.056836,39.490415],[-117.056872,39.490487],[-117.05699,39.490804],[-117.057016,39.490866],[-117.05706,39.490936],[-117.057114,39.491011],[-117.057167,39.491064],[-117.057228,39.491109],[-117.057294,39.491157],[-117.057367,39.491192],[-117.057449,39.491223],[-117.057522,39.491241],[-117.05762,39.491259],[-117.057714,39.491268],[-117.057831,39.491279],[-117.058342,39.491307],[-117.05845,39.491313],[-117.058579,39.49133],[-117.058701,39.49136],[-117.058825,39.491396],[-117.058938,39.491444],[-117.05905,39.491502],[-117.059125,39.491551],[-117.059196,39.491611],[-117.059253,39.491659],[-117.059327,39.491748],[-117.059377,39.491822],[-117.05942,39.491901],[-117.059455,39.491992],[-117.059469,39.492055],[-117.059469,39.492117],[-117.05947,39.492182],[-117.059459,39.492258],[-117.059443,39.492323],[-117.05935,39.49262],[-117.059325,39.492696],[-117.059316,39.49277],[-117.05932,39.492844],[-117.059335,39.492902],[-117.05936,39.492976],[-117.059392,39.493035],[-117.059438,39.493088],[-117.059488,39.493129],[-117.059545,39.493171],[-117.059637,39.493214],[-117.059709,39.49324],[-117.05979,39.493263],[-117.059863,39.493275],[-117.059962,39.493282],[-117.06005,39.493278],[-117.060138,39.493266],[-117.060222,39.493241]],[[-117.094225,39.501702],[-117.0962,39.501762],[-117.100787,39.501904],[-117.100916,39.501908],[-117.101051,39.501912],[-117.101434,39.501925],[-117.102394,39.501953],[-117.103884,39.502002],[-117.105372,39.502046],[-117.106302,39.502064],[-117.107138,39.502068],[-117.107982,39.502056],[-117.108826,39.502028],[-117.109676,39.501981],[-117.110385,39.50193],[-117.110744,39.5019],[-117.111802,39.501795],[-117.112936,39.501661],[-117.117021,39.501132],[-117.118278,39.500968],[-117.123723,39.500261],[-117.124083,39.500215]],[[-118.926933,39.507755],[-118.927209,39.507826],[-118.927595,39.507933],[-118.928054,39.50807],[-118.928427,39.50819],[-118.928823,39.508324],[-118.929234,39.508477],[-118.929585,39.508614],[-118.929939,39.508761],[-118.930344,39.508941],[-118.931017,39.509258],[-118.932909,39.510138],[-118.933824,39.510566]],[[-119.407478,39.349189],[-119.406046,39.349716],[-119.403987,39.350477],[-119.403572,39.35063],[-119.400876,39.351621],[-119.400812,39.351645],[-119.400479,39.351767],[-119.400241,39.351854],[-119.398635,39.352445],[-119.398359,39.352542],[-119.397941,39.352694],[-119.396794,39.353119],[-119.395652,39.353543],[-119.3952,39.353711],[-119.394652,39.353912],[-119.393362,39.354385],[-119.393274,39.354417],[-119.392314,39.354771],[-119.39178,39.354968],[-119.391363,39.355121],[-119.389095,39.355955]],[[-114.179413,39.073664],[-114.17729,39.072583],[-114.172342,39.070032]],[[-118.162385,39.286612],[-118.1664,39.286376],[-118.197085,39.284617],[-118.215093,39.283576],[-118.217372,39.283444],[-118.222119,39.283169],[-118.226492,39.282908],[-118.23277,39.282534],[-118.242874,39.28166],[-118.244009,39.281562],[-118.270513,39.279211],[-118.284128,39.278009],[-118.285146,39.277903],[-118.286052,39.27777],[-118.290342,39.277052],[-118.310095,39.273774]],[[-114.839857,39.196525],[-114.841253,39.198464],[-114.844764,39.203133],[-114.844854,39.203252],[-114.845222,39.203744],[-114.845264,39.2038],[-114.846301,39.205184],[-114.847837,39.207221],[-114.849057,39.208839],[-114.850758,39.211098],[-114.850835,39.211201],[-114.851644,39.212274],[-114.851735,39.212394],[-114.853012,39.21406],[-114.853381,39.21458],[-114.853668,39.214956],[-114.854078,39.215522],[-114.854715,39.216454],[-114.855157,39.21717],[-114.855536,39.217822],[-114.855895,39.218469],[-114.857352,39.22125],[-114.857614,39.221752]],[[-114.751953,39.088593],[-114.752702,39.089649],[-114.756142,39.094492],[-114.758043,39.09717],[-114.761595,39.102169],[-114.764947,39.106885],[-114.767634,39.110657],[-114.77218,39.11706],[-114.774359,39.120116],[-114.774742,39.120656],[-114.77795,39.125163],[-114.778352,39.125728],[-114.778823,39.126395],[-114.781227,39.129774],[-114.781706,39.130451],[-114.78176,39.130528],[-114.782445,39.131496],[-114.785215,39.135395],[-114.785287,39.135496],[-114.786025,39.136533],[-114.787377,39.138433],[-114.788798,39.140428],[-114.789203,39.140987],[-114.789391,39.141269],[-114.789656,39.141632],[-114.790337,39.142603],[-114.790623,39.142987],[-114.790779,39.143211],[-114.791204,39.143821],[-114.791352,39.144022],[-114.791556,39.144299],[-114.792088,39.14506],[-114.792392,39.145474],[-114.794331,39.148217],[-114.796611,39.151413],[-114.797024,39.151991],[-114.79923,39.155094],[-114.799706,39.155764],[-114.800993,39.157574],[-114.801468,39.158199],[-114.80161,39.158371],[-114.801909,39.158723],[-114.802354,39.159205],[-114.802893,39.159733]],[[-119.746186,39.173338],[-119.746949,39.173138],[-119.747179,39.173074],[-119.747348,39.173029],[-119.747618,39.17296],[-119.747703,39.172934],[-119.747734,39.172925],[-119.747838,39.172875],[-119.747908,39.172823]],[[-119.747908,39.172823],[-119.747774,39.172835],[-119.747667,39.172849],[-119.747562,39.172863],[-119.747302,39.172923],[-119.74728,39.172929],[-119.746916,39.173024],[-119.74685,39.173041],[-119.746137,39.173227],[-119.745975,39.173269],[-119.745796,39.173314],[-119.74508,39.173498],[-119.744881,39.173548],[-119.744606,39.173619],[-119.744285,39.173704],[-119.744178,39.173731]],[[-119.527585,39.295851],[-119.526284,39.296615],[-119.526197,39.296666],[-119.525242,39.297232],[-119.523687,39.298135],[-119.52322,39.298408],[-119.522195,39.299007],[-119.521844,39.299212],[-119.521368,39.299491],[-119.521264,39.299548]],[[-119.668218,39.214439],[-119.667759,39.214586],[-119.666325,39.215036],[-119.665924,39.215162],[-119.663531,39.215913],[-119.662089,39.216345],[-119.661228,39.216603],[-119.660129,39.21693],[-119.659319,39.217163],[-119.658932,39.217261],[-119.658727,39.217313],[-119.653302,39.218711],[-119.65262,39.218886],[-119.651943,39.219057],[-119.651232,39.219235],[-119.651097,39.219269],[-119.650736,39.219365],[-119.650436,39.219439]],[[-119.769801,39.133867],[-119.769818,39.133761],[-119.769859,39.13353],[-119.769898,39.133307],[-119.770037,39.132533],[-119.770111,39.132113],[-119.770161,39.131829]],[[-119.771155,39.124657],[-119.770979,39.125919]],[[-119.770799,39.1282],[-119.770905,39.127553],[-119.770913,39.127499],[-119.770966,39.127205]],[[-119.768277,39.141905],[-119.768148,39.142625],[-119.768096,39.142912],[-119.768029,39.143331],[-119.767932,39.143869],[-119.767835,39.144433]],[[-119.767189,39.148091],[-119.767152,39.148355],[-119.767115,39.148649],[-119.767089,39.148888],[-119.767079,39.149075]],[[-119.767166,39.149926],[-119.767173,39.149755],[-119.767179,39.149421],[-119.767185,39.149242],[-119.767194,39.149048],[-119.76721,39.148872],[-119.767226,39.148705],[-119.767249,39.148461],[-119.767293,39.148149],[-119.767342,39.147867],[-119.76741,39.147475]],[[-119.769599,39.135058],[-119.769711,39.13436],[-119.769785,39.133955],[-119.769801,39.133867]],[[-119.770771,39.12836],[-119.770799,39.1282]],[[-119.769049,39.137494],[-119.768935,39.138164],[-119.768865,39.138551]],[[-119.770727,39.127528],[-119.770708,39.127647],[-119.77062,39.128195],[-119.770591,39.12835]],[[-119.766961,39.16977],[-119.76696,39.169875],[-119.76696,39.169945],[-119.766959,39.170074],[-119.766956,39.170355],[-119.766956,39.170437]],[[-119.767045,39.152248],[-119.767048,39.152677],[-119.767041,39.152824],[-119.767021,39.152962],[-119.766986,39.153114],[-119.76697,39.15316],[-119.766931,39.153234],[-119.766881,39.153304]],[[-119.767042,39.149892],[-119.767038,39.14997],[-119.767042,39.150051],[-119.767055,39.150238],[-119.767055,39.15065],[-119.767041,39.151278],[-119.767045,39.151541],[-119.767045,39.152248]],[[-119.767094,39.153376],[-119.767088,39.153284],[-119.767084,39.153174],[-119.767095,39.153058],[-119.767121,39.152935],[-119.76714,39.152815],[-119.767148,39.152676],[-119.767155,39.152323],[-119.767151,39.152057],[-119.76715,39.15138],[-119.767151,39.15128],[-119.767162,39.150396],[-119.767165,39.150038],[-119.767166,39.149926]],[[-119.767011,39.161285],[-119.767011,39.161187],[-119.76701,39.161078],[-119.767011,39.160851]],[[-116.855253,39.387998],[-116.859892,39.388883],[-116.872125,39.391279],[-116.873678,39.391573],[-116.874798,39.391793],[-116.881486,39.393099],[-116.887089,39.394198],[-116.897391,39.396194],[-116.898385,39.396395],[-116.912983,39.399245],[-116.923515,39.401291],[-116.927719,39.402113],[-116.932067,39.402963],[-116.939667,39.404435]],[[-117.00218,39.474648],[-117.002302,39.474838],[-117.002665,39.475414],[-117.003433,39.476571],[-117.003706,39.476931],[-117.003953,39.477147],[-117.004118,39.477269],[-117.004379,39.477395],[-117.004748,39.477497],[-117.005147,39.477545],[-117.006871,39.477654],[-117.00768,39.477744],[-117.008304,39.477897],[-117.009488,39.478275],[-117.010031,39.478448],[-117.01029,39.4785],[-117.010561,39.478547],[-117.010864,39.478555],[-117.011185,39.478512],[-117.011881,39.478409],[-117.012046,39.478401],[-117.012213,39.478394],[-117.012553,39.478442],[-117.012767,39.478506],[-117.012965,39.478555],[-117.013191,39.478651],[-117.013365,39.478745],[-117.013554,39.478882],[-117.013769,39.479095],[-117.013949,39.47939],[-117.014079,39.47973],[-117.014196,39.480118],[-117.014362,39.480427],[-117.014461,39.480558],[-117.014612,39.480698],[-117.014882,39.48088],[-117.01501,39.48095],[-117.01505,39.480973],[-117.015262,39.481042],[-117.015506,39.481097],[-117.015575,39.481112],[-117.01576,39.481121],[-117.015953,39.481112],[-117.016115,39.481074],[-117.01627,39.481013],[-117.016431,39.480882],[-117.016497,39.480771],[-117.016557,39.480579],[-117.016565,39.480369],[-117.016621,39.480121],[-117.016812,39.479745],[-117.01774,39.478476],[-117.017939,39.478187],[-117.01805,39.4781],[-117.018248,39.47798],[-117.018557,39.477894],[-117.018703,39.47787],[-117.018971,39.477859],[-117.019689,39.477874],[-117.019935,39.477857],[-117.020151,39.477823],[-117.020426,39.477741],[-117.020651,39.477613],[-117.020795,39.477486],[-117.020893,39.477358],[-117.021097,39.477079],[-117.021227,39.476955],[-117.02139,39.476865],[-117.021593,39.476795],[-117.021814,39.476759],[-117.022981,39.47664],[-117.023602,39.476609],[-117.023968,39.476653],[-117.024316,39.476732],[-117.025181,39.477098],[-117.025334,39.477146],[-117.02555,39.477185],[-117.025776,39.4772],[-117.026181,39.477225],[-117.026664,39.477289],[-117.027065,39.477409],[-117.027919,39.477789],[-117.030225,39.478749],[-117.030994,39.479037],[-117.031128,39.479076]],[[-117.060222,39.493241],[-117.060322,39.4932],[-117.060393,39.493155],[-117.060442,39.493111],[-117.060526,39.493005],[-117.060607,39.492872],[-117.060958,39.492086],[-117.061015,39.491933],[-117.061036,39.491801],[-117.061049,39.49171],[-117.061044,39.491591],[-117.061025,39.491464],[-117.060982,39.491316],[-117.060951,39.491227],[-117.060885,39.4911],[-117.060773,39.490947],[-117.060215,39.490306],[-117.060062,39.49013]],[[-117.066044,39.48907],[-117.066292,39.48913],[-117.066467,39.489184],[-117.06669,39.489275],[-117.066918,39.489395],[-117.067213,39.48957],[-117.067494,39.489759],[-117.068184,39.490212],[-117.068264,39.490266],[-117.068881,39.490674],[-117.068902,39.490687],[-117.069123,39.490827],[-117.069306,39.49095],[-117.069494,39.491096],[-117.069517,39.49112],[-117.069718,39.491319],[-117.070109,39.491733],[-117.070447,39.492083],[-117.071072,39.492729],[-117.071174,39.492841],[-117.071274,39.492926],[-117.071354,39.492982],[-117.071408,39.493019],[-117.071561,39.4931],[-117.072384,39.493525],[-117.072544,39.493605],[-117.073207,39.493935],[-117.073866,39.494264],[-117.07392,39.494304],[-117.074022,39.49438],[-117.074137,39.494508],[-117.074226,39.494651],[-117.074329,39.494903]],[[-119.769499,39.135624],[-119.769599,39.135058]],[[-119.76935,39.136481],[-119.769373,39.136347],[-119.769393,39.136235],[-119.769499,39.135624]],[[-119.76916,39.137485],[-119.769272,39.136843],[-119.76934,39.136536],[-119.76935,39.136481]],[[-119.769009,39.138337],[-119.769077,39.137959],[-119.76916,39.137485]],[[-119.768839,39.139322],[-119.768867,39.139147],[-119.768963,39.138599],[-119.768976,39.138525],[-119.769009,39.138337]],[[-119.768612,39.140619],[-119.768629,39.140524],[-119.768839,39.139322]],[[-119.768384,39.141908],[-119.768487,39.141332],[-119.768612,39.140619]],[[-119.76806,39.143754],[-119.768202,39.142955],[-119.768384,39.141908]],[[-119.767972,39.144269],[-119.76806,39.143754]],[[-119.767836,39.145145],[-119.767857,39.145017],[-119.767938,39.144532],[-119.767972,39.144269]],[[-119.767568,39.14656],[-119.767836,39.145145]],[[-119.76741,39.147475],[-119.767436,39.147323],[-119.767446,39.147264],[-119.767568,39.14656]],[[-119.767079,39.149075],[-119.767066,39.149271],[-119.767058,39.149724],[-119.767045,39.149795],[-119.767042,39.149892]],[[-119.767463,39.146552],[-119.767417,39.146809],[-119.767347,39.147227],[-119.767261,39.14768],[-119.767189,39.148091]],[[-119.767706,39.145147],[-119.767463,39.146552]],[[-119.767835,39.144433],[-119.76782,39.144519],[-119.76779,39.144694],[-119.767732,39.145004],[-119.767706,39.145147]],[[-119.76873,39.139312],[-119.768576,39.140172],[-119.768473,39.140791]],[[-119.768473,39.140791],[-119.768388,39.141281],[-119.768291,39.141815],[-119.768277,39.141905]],[[-119.768865,39.138551],[-119.768802,39.138924],[-119.76873,39.139312]],[[-119.769371,39.135672],[-119.769285,39.136196],[-119.769229,39.136506],[-119.769049,39.137494]],[[-119.76946,39.135167],[-119.769371,39.135672]],[[-119.769685,39.133868],[-119.76967,39.133961],[-119.769616,39.134298],[-119.769515,39.134853],[-119.76946,39.135167]],[[-119.769839,39.133007],[-119.769801,39.133216],[-119.76971,39.133755],[-119.769685,39.133868]],[[-119.77016,39.131154],[-119.770139,39.131345],[-119.769976,39.132223],[-119.769947,39.132376],[-119.769918,39.132544],[-119.769839,39.133007]],[[-119.770161,39.131829],[-119.770182,39.131708],[-119.770292,39.131166]],[[-119.770362,39.130104],[-119.770326,39.130307],[-119.77019,39.131011],[-119.77016,39.131154]],[[-119.770579,39.128433],[-119.770579,39.128551],[-119.770425,39.129623],[-119.770415,39.129705],[-119.770404,39.129785],[-119.770397,39.129842],[-119.770383,39.12996],[-119.770362,39.130104]],[[-119.770292,39.131166],[-119.77032,39.131026],[-119.770409,39.130518],[-119.770501,39.12999],[-119.770523,39.129844],[-119.770531,39.129799],[-119.770542,39.12972]],[[-119.770542,39.12972],[-119.770601,39.129326],[-119.770633,39.129152],[-119.770656,39.129019],[-119.77074,39.128537],[-119.770756,39.128444],[-119.770771,39.12836]],[[-119.771211,39.126543],[-119.771202,39.126602]],[[-119.771509,39.124745],[-119.771506,39.124761],[-119.771511,39.124796]],[[-119.771511,39.124796],[-119.771525,39.124828],[-119.771533,39.124849],[-119.771548,39.124882]],[[-119.771556,39.124666],[-119.771524,39.124714],[-119.771509,39.124745]],[[-119.770591,39.12835],[-119.770579,39.128433]],[[-119.770782,39.127177],[-119.770756,39.127334],[-119.770727,39.127528]],[[-119.770879,39.126592],[-119.770854,39.126736],[-119.770815,39.126962],[-119.770802,39.127046],[-119.770782,39.127177]],[[-119.77134,39.123374],[-119.771155,39.124657]],[[-119.771769,39.120858],[-119.771753,39.120963],[-119.7717,39.121274],[-119.771396,39.122999],[-119.77134,39.123374]],[[-118.9389,39.512999],[-118.940307,39.513653],[-118.940381,39.513688]],[[-118.800291,39.476246],[-118.800391,39.476272],[-118.800849,39.476389]],[[-118.804067,39.477266],[-118.804221,39.477305],[-118.804626,39.477401],[-118.805021,39.477497]],[[-118.805021,39.477497],[-118.805327,39.477572],[-118.805639,39.477646],[-118.806264,39.477795],[-118.806377,39.477822],[-118.807177,39.478015]],[[-118.805364,39.477469],[-118.805026,39.477388]],[[-118.805641,39.477536],[-118.805364,39.477469]],[[-118.806581,39.477759],[-118.806078,39.477641],[-118.805641,39.477536]],[[-118.80713,39.477893],[-118.806581,39.477759]],[[-118.808365,39.478258],[-118.808271,39.478194],[-118.808216,39.478167],[-118.808054,39.478125],[-118.8075,39.477981],[-118.80713,39.477893]],[[-118.807177,39.478015],[-118.807369,39.478061],[-118.807987,39.478218]],[[-118.807987,39.478218],[-118.808157,39.478261],[-118.808225,39.478272],[-118.808365,39.478258]],[[-118.808813,39.478372],[-118.808948,39.478407],[-118.809229,39.478478]],[[-118.803676,39.477108],[-118.803707,39.47714],[-118.803752,39.477176],[-118.80382,39.477202],[-118.804067,39.477266]],[[-118.805026,39.477388],[-118.80463,39.477292],[-118.804571,39.477278],[-118.804126,39.47717],[-118.803863,39.477103],[-118.80378,39.477093],[-118.803718,39.477096],[-118.803676,39.477108]],[[-118.809229,39.478478],[-118.810141,39.47871]],[[-118.810141,39.47871],[-118.810538,39.478812],[-118.811282,39.479001]],[[-118.811696,39.479106],[-118.812857,39.479402],[-118.813917,39.479673],[-118.8148,39.479898],[-118.814887,39.47992]],[[-118.811282,39.479001],[-118.811696,39.479106]],[[-118.816647,39.480363],[-118.817508,39.480578]],[[-118.818016,39.480703],[-118.818424,39.480804]],[[-118.836618,39.485287],[-118.837064,39.485358]],[[-118.818424,39.480804],[-118.820273,39.481256],[-118.822407,39.481786],[-118.82415,39.482219],[-118.826144,39.482715],[-118.827063,39.482943],[-118.829171,39.483467],[-118.834214,39.484727],[-118.835963,39.485154],[-118.836266,39.485221],[-118.836618,39.485287]],[[-118.852348,39.485486],[-118.853435,39.485486],[-118.855685,39.485486],[-118.856185,39.485486]],[[-118.851849,39.485488],[-118.852348,39.485486]],[[-118.856185,39.485486],[-118.856927,39.485486]],[[-118.856927,39.485486],[-118.857486,39.485485]],[[-118.861708,39.485479],[-118.863059,39.485477]],[[-118.857486,39.485485],[-118.861056,39.485483],[-118.861708,39.485479]],[[-118.863059,39.485477],[-118.864108,39.485486],[-118.864723,39.485489],[-118.864836,39.485495],[-118.865279,39.485514],[-118.865846,39.485556],[-118.866353,39.485605]],[[-118.817508,39.480578],[-118.818016,39.480703]],[[-118.866353,39.485605],[-118.866649,39.485642],[-118.866959,39.485686],[-118.867656,39.485803]],[[-118.867656,39.485803],[-118.870906,39.486354],[-118.871272,39.486415],[-118.872916,39.486697],[-118.873673,39.486824],[-118.87441,39.486951]],[[-118.875777,39.487182],[-118.875655,39.487113],[-118.875592,39.48709],[-118.875452,39.487067],[-118.874567,39.486919],[-118.874504,39.486921],[-118.87441,39.486951]],[[-118.87441,39.486951],[-118.874488,39.487003],[-118.874535,39.487023],[-118.87558,39.487198],[-118.875635,39.487199],[-118.875777,39.487182]],[[-118.875777,39.487182],[-118.876782,39.487347]],[[-118.894344,39.494216],[-118.894458,39.494289],[-118.895008,39.494642]],[[-118.893932,39.493952],[-118.894344,39.494216]],[[-118.895008,39.494642],[-118.899387,39.497454],[-118.899603,39.497593],[-118.901357,39.498716],[-118.9034,39.500018],[-118.905038,39.501074],[-118.905471,39.501333],[-118.905878,39.50156],[-118.906312,39.501775],[-118.906693,39.501947],[-118.907061,39.502102],[-118.907364,39.502218],[-118.907742,39.502351],[-118.909483,39.502961],[-118.910969,39.503479],[-118.91175,39.50375]],[[-118.91175,39.50375],[-118.912521,39.504017]],[[-118.912521,39.504017],[-118.913175,39.504246]],[[-118.913175,39.504246],[-118.913501,39.504356]],[[-118.918653,39.505689],[-118.925739,39.50745]],[[-118.917391,39.505375],[-118.918653,39.505689]],[[-118.925739,39.50745],[-118.926933,39.507755]],[[-118.913501,39.504356],[-118.913795,39.504455],[-118.914085,39.504543],[-118.914378,39.504624],[-118.917391,39.505375]],[[-118.934852,39.511048],[-118.936041,39.511602]],[[-118.933824,39.510566],[-118.934852,39.511048]],[[-118.876782,39.487347],[-118.878378,39.487617],[-118.879011,39.487722]],[[-118.800849,39.476389],[-118.800965,39.476418],[-118.801361,39.476519],[-118.80181,39.476634],[-118.801968,39.476674],[-118.802635,39.476842],[-118.802766,39.476875],[-118.803277,39.477006],[-118.803676,39.477108]],[[-118.837064,39.485358],[-118.837341,39.485395],[-118.837686,39.485433],[-118.838109,39.485471],[-118.838474,39.485489],[-118.838885,39.485499],[-118.844602,39.48549],[-118.845519,39.48549],[-118.84639,39.48549],[-118.851106,39.485491],[-118.851849,39.485488]],[[-118.763723,39.474906],[-118.764674,39.47491]],[[-118.765128,39.474912],[-118.766287,39.474917]],[[-118.766287,39.474917],[-118.767688,39.474921],[-118.767812,39.474922]],[[-118.767812,39.474922],[-118.768299,39.474923]],[[-118.776503,39.474894],[-118.776901,39.474893],[-118.777044,39.474892]],[[-118.777044,39.474892],[-118.777256,39.474891],[-118.77762,39.47489]],[[-118.78094,39.474878],[-118.781139,39.474878],[-118.781557,39.474876]],[[-118.763045,39.4749],[-118.763723,39.474906]],[[-118.764674,39.47491],[-118.765128,39.474912]],[[-118.78852,39.474855],[-118.788829,39.474854],[-118.789036,39.474854],[-118.789175,39.474854]],[[-118.781557,39.474876],[-118.782132,39.474874]],[[-118.788057,39.474856],[-118.788424,39.474855],[-118.78852,39.474855]],[[-118.7873,39.474857],[-118.787515,39.474857],[-118.787811,39.474855],[-118.788057,39.474856]],[[-118.789175,39.474854],[-118.789532,39.474852],[-118.790078,39.474851],[-118.790284,39.47485]],[[-118.790284,39.47485],[-118.790574,39.474849],[-118.790828,39.474848],[-118.790935,39.474848]],[[-118.799775,39.476115],[-118.800024,39.476178],[-118.800163,39.476214],[-118.800291,39.476246]],[[-118.782132,39.474874],[-118.782253,39.474874],[-118.782868,39.474872],[-118.783504,39.47487],[-118.784135,39.474868],[-118.784645,39.474866],[-118.784772,39.474865],[-118.785418,39.474863],[-118.78605,39.474861],[-118.786288,39.47486],[-118.786938,39.474858],[-118.7873,39.474857]],[[-119.684778,39.206991],[-119.684367,39.207431],[-119.68398,39.207806],[-119.683805,39.207976],[-119.682684,39.208858]],[[-119.682104,39.209274],[-119.682206,39.209257],[-119.682289,39.209221],[-119.682584,39.209014],[-119.682657,39.208926],[-119.682684,39.208858]],[[-119.682684,39.208858],[-119.682578,39.208894],[-119.68249,39.208939],[-119.682194,39.209146],[-119.682139,39.209203],[-119.682104,39.209274]],[[-119.687304,39.203065],[-119.687392,39.202992],[-119.68743,39.202936],[-119.687521,39.202689],[-119.687625,39.202419],[-119.687701,39.202171],[-119.687778,39.201899],[-119.68788,39.201521],[-119.687932,39.20132],[-119.68795,39.201248],[-119.688062,39.200867]],[[-119.687898,39.200857],[-119.687814,39.201167],[-119.6878,39.201223],[-119.687687,39.201679],[-119.687583,39.20209],[-119.687448,39.202508],[-119.687344,39.202801],[-119.687301,39.20293],[-119.687298,39.202973],[-119.687304,39.203065]],[[-119.688062,39.200867],[-119.688181,39.200442],[-119.688309,39.200041],[-119.688425,39.199712],[-119.688556,39.199417],[-119.688696,39.199083],[-119.689026,39.198413],[-119.689294,39.197921],[-119.689573,39.197478],[-119.689978,39.196917],[-119.690461,39.196272],[-119.690938,39.195719],[-119.69126,39.195383],[-119.691697,39.194971],[-119.692287,39.194451],[-119.6927,39.194117],[-119.693231,39.193709],[-119.69332,39.193622],[-119.693408,39.193516]],[[-119.693408,39.193516],[-119.693237,39.193574],[-119.693127,39.19363],[-119.692585,39.194058],[-119.692191,39.194376],[-119.691724,39.194788],[-119.691378,39.1951],[-119.690804,39.19568],[-119.69042,39.196108],[-119.69008,39.196545],[-119.689664,39.197125],[-119.689294,39.197677],[-119.688953,39.198286],[-119.688685,39.198827],[-119.688384,39.199452],[-119.688199,39.199889],[-119.688095,39.200224],[-119.688039,39.200415],[-119.687898,39.200857]],[[-119.695396,39.192299],[-119.694946,39.192548],[-119.694391,39.192887],[-119.694154,39.193031],[-119.693915,39.193169],[-119.693408,39.193516]],[[-119.739575,39.174908],[-119.738728,39.175129]],[[-119.608927,39.222449],[-119.609033,39.222466],[-119.609167,39.222468],[-119.609414,39.222438],[-119.609954,39.22239],[-119.610531,39.222357],[-119.611158,39.222342],[-119.616834,39.222299],[-119.618065,39.22229],[-119.618733,39.222328],[-119.619503,39.22239],[-119.620715,39.222519],[-119.622713,39.222752],[-119.623711,39.222864],[-119.624558,39.222957]],[[-119.624583,39.22287],[-119.62377,39.222768],[-119.620957,39.222448],[-119.619715,39.222313],[-119.618942,39.222249],[-119.618441,39.222213],[-119.617698,39.222199],[-119.61666,39.222205],[-119.611164,39.222253],[-119.610499,39.22227],[-119.609884,39.222303],[-119.609348,39.222353],[-119.609096,39.222384],[-119.608986,39.222415],[-119.608927,39.222449]],[[-119.608927,39.222449],[-119.608127,39.222596],[-119.607723,39.222712],[-119.606667,39.223015],[-119.606116,39.223204],[-119.605862,39.223298],[-119.605509,39.223432],[-119.604906,39.2237],[-119.604348,39.223986],[-119.603901,39.224239],[-119.603001,39.224798],[-119.601159,39.225898],[-119.600423,39.226292],[-119.600278,39.226379],[-119.598252,39.227595],[-119.596838,39.228462],[-119.596579,39.228631]],[[-119.596579,39.228631],[-119.595418,39.229549],[-119.593137,39.231514]],[[-119.593137,39.231514],[-119.591861,39.232612],[-119.591371,39.233097],[-119.590928,39.233601],[-119.590841,39.233716],[-119.590547,39.234113],[-119.590505,39.234173],[-119.590408,39.234317],[-119.590198,39.23465],[-119.590037,39.234905],[-119.589759,39.235503],[-119.589731,39.235562],[-119.589622,39.235841],[-119.589558,39.236033],[-119.589464,39.236318],[-119.58942,39.236451]],[[-119.588714,39.243461],[-119.588676,39.243948],[-119.588659,39.244124],[-119.588507,39.245654]],[[-119.574673,39.268386],[-119.575593,39.267823]],[[-119.575593,39.267823],[-119.576496,39.267268],[-119.576658,39.267159],[-119.576949,39.266944],[-119.577282,39.266697],[-119.577571,39.266477],[-119.577841,39.266256],[-119.578052,39.266067],[-119.578246,39.265891],[-119.578433,39.265727],[-119.578622,39.265559],[-119.578908,39.265322],[-119.579195,39.265071],[-119.57949,39.264797],[-119.579877,39.264427],[-119.580088,39.264216],[-119.58041,39.263886],[-119.580512,39.263781],[-119.580841,39.263422],[-119.581083,39.263149],[-119.58125,39.262959],[-119.581399,39.262783],[-119.581553,39.262598],[-119.581706,39.262415],[-119.581857,39.262219],[-119.582134,39.261853],[-119.582242,39.261711],[-119.582394,39.261497],[-119.582605,39.261194],[-119.582959,39.26069],[-119.583285,39.260212],[-119.583628,39.259726],[-119.583714,39.259501]],[[-119.570417,39.270716],[-119.570532,39.270684],[-119.570645,39.270647],[-119.570755,39.270605],[-119.570863,39.270558],[-119.571489,39.270204],[-119.572034,39.269894],[-119.57238,39.269697],[-119.573138,39.269267],[-119.573708,39.268938],[-119.574488,39.268492],[-119.574673,39.268386]],[[-119.575287,39.267818],[-119.574701,39.268177],[-119.573843,39.268707],[-119.573299,39.269029],[-119.572695,39.269376],[-119.571657,39.269966],[-119.570779,39.270467],[-119.570686,39.270524],[-119.570595,39.270584],[-119.570505,39.270649],[-119.570417,39.270716]],[[-119.480516,39.32304],[-119.480184,39.323147],[-119.479531,39.323354],[-119.476186,39.324336],[-119.47463,39.324787],[-119.474098,39.32494],[-119.473443,39.325143],[-119.472683,39.325378]],[[-119.466285,39.327743],[-119.467165,39.327424],[-119.468354,39.326974],[-119.469549,39.326554],[-119.470851,39.326087],[-119.471181,39.325973],[-119.472035,39.325679],[-119.472386,39.325563],[-119.47248,39.325525],[-119.472683,39.325378]],[[-119.381392,39.359024],[-119.382733,39.358532],[-119.385975,39.357325],[-119.386685,39.357064],[-119.38782,39.356646],[-119.388527,39.356387],[-119.390304,39.355732],[-119.391641,39.355242],[-119.392391,39.354965],[-119.393664,39.354494],[-119.394778,39.354082],[-119.395336,39.35388],[-119.395713,39.353744],[-119.396912,39.353298],[-119.397982,39.352907]],[[-119.389095,39.355955],[-119.388668,39.356113],[-119.386142,39.357045],[-119.385357,39.357334],[-119.383273,39.358102],[-119.382257,39.358485],[-119.38139,39.358824],[-119.38124,39.35888]],[[-119.425985,39.342376],[-119.424454,39.342941],[-119.422441,39.34368],[-119.420639,39.344347],[-119.419102,39.344915],[-119.418768,39.345038],[-119.416215,39.345973],[-119.415877,39.346094],[-119.415342,39.346293],[-119.41414,39.34674],[-119.413415,39.347003],[-119.412944,39.347177],[-119.41183,39.347588],[-119.411179,39.347829],[-119.410214,39.348181],[-119.409623,39.348397],[-119.408318,39.348878],[-119.407478,39.349189]],[[-119.453383,39.332274],[-119.452701,39.332528],[-119.451437,39.332996],[-119.451037,39.333144],[-119.450712,39.333264],[-119.449493,39.333713],[-119.449065,39.333866],[-119.448593,39.334041],[-119.447474,39.334457],[-119.445984,39.335009]],[[-119.434868,39.339318],[-119.43687,39.338583],[-119.439244,39.337709],[-119.439437,39.337637],[-119.440622,39.337203],[-119.442786,39.336404],[-119.445313,39.335473],[-119.446213,39.335142],[-119.448106,39.334446],[-119.448834,39.334174]],[[-119.472683,39.325378],[-119.472403,39.32542],[-119.472147,39.325499],[-119.471066,39.325843],[-119.470535,39.326014],[-119.469768,39.326275],[-119.469392,39.326401],[-119.469001,39.32653],[-119.468899,39.326567],[-119.468429,39.326737],[-119.468188,39.326824],[-119.467182,39.327197],[-119.46652,39.32744],[-119.465055,39.327962],[-119.464349,39.328235],[-119.462955,39.32875],[-119.461982,39.32912],[-119.461885,39.329157],[-119.461201,39.329397],[-119.46015,39.32979],[-119.459598,39.32998],[-119.457761,39.330658],[-119.456029,39.331291],[-119.455943,39.331322],[-119.454656,39.3318],[-119.453967,39.332056],[-119.453383,39.332274]],[[-119.397982,39.352907],[-119.401051,39.351776],[-119.401351,39.351666],[-119.403593,39.350842],[-119.404553,39.350484],[-119.407072,39.34956],[-119.407587,39.349372],[-119.408693,39.348963],[-119.410775,39.348196],[-119.411433,39.347954],[-119.411662,39.34787],[-119.412569,39.347539],[-119.41275,39.347473],[-119.413923,39.347043],[-119.414121,39.346971],[-119.414939,39.346668],[-119.416485,39.346096],[-119.417749,39.345627],[-119.41866,39.345291],[-119.419591,39.34495],[-119.420625,39.344571],[-119.422989,39.343696],[-119.423329,39.343571],[-119.423738,39.34342],[-119.425151,39.342902],[-119.425461,39.342787],[-119.427174,39.34216],[-119.428169,39.341789],[-119.429282,39.34138],[-119.430751,39.34084],[-119.431286,39.340643],[-119.432207,39.340304],[-119.434868,39.339318]],[[-119.487257,39.319493],[-119.485779,39.32036],[-119.484462,39.32113],[-119.483893,39.321468],[-119.483403,39.321742],[-119.482967,39.321976],[-119.482646,39.322137],[-119.482409,39.322246],[-119.482032,39.322422],[-119.481696,39.32257],[-119.481401,39.322696],[-119.480917,39.322895],[-119.480516,39.32304]],[[-115.828151,39.375764],[-115.829293,39.375566],[-115.831861,39.375166],[-115.83382,39.37486],[-115.839339,39.373862],[-115.841399,39.373506],[-115.84602,39.372737],[-115.846466,39.372665],[-115.849618,39.372124],[-115.854407,39.371306],[-115.860026,39.370361],[-115.862687,39.369901],[-115.866737,39.369197],[-115.868179,39.368936],[-115.869366,39.368763],[-115.870414,39.368661],[-115.870862,39.368638],[-115.871337,39.368615],[-115.872292,39.368593],[-115.873001,39.368622],[-115.873442,39.36864],[-115.87445,39.368704],[-115.875406,39.368826],[-115.876103,39.368932],[-115.8771,39.36914],[-115.87767,39.369285],[-115.878036,39.369388],[-115.879074,39.369699],[-115.879496,39.369848],[-115.880031,39.370024],[-115.881308,39.370469],[-115.881826,39.37064],[-115.882651,39.370932],[-115.886996,39.372416],[-115.88828,39.372865],[-115.890311,39.373574],[-115.893813,39.374778],[-115.90557,39.378777],[-115.907158,39.379327]],[[-115.692956,39.412851],[-115.694331,39.411487],[-115.697954,39.407889],[-115.698809,39.407006],[-115.699137,39.406643],[-115.699447,39.406299],[-115.703471,39.401694],[-115.703725,39.401437],[-115.704013,39.401168],[-115.704257,39.400977],[-115.704535,39.400771],[-115.704839,39.400597],[-115.705186,39.400416],[-115.705476,39.400289],[-115.705821,39.400164],[-115.706244,39.400041],[-115.70679,39.399947],[-115.707274,39.399897],[-115.708013,39.39986],[-115.708411,39.399837],[-115.708643,39.39981],[-115.70903,39.399748],[-115.709339,39.399675],[-115.709559,39.399592],[-115.709857,39.399485],[-115.710147,39.399354],[-115.711135,39.398822],[-115.711936,39.398408],[-115.712621,39.398055],[-115.713628,39.397634],[-115.715856,39.396743],[-115.716513,39.396473],[-115.717542,39.396067],[-115.718402,39.395696],[-115.718988,39.395464],[-115.719363,39.39532],[-115.71994,39.395092],[-115.72088,39.394703],[-115.72147,39.394459],[-115.722051,39.394218],[-115.722511,39.394027],[-115.723189,39.393772],[-115.723654,39.393619],[-115.724376,39.393426],[-115.726506,39.393059],[-115.727062,39.392953],[-115.727637,39.392859],[-115.728467,39.392722],[-115.729225,39.392593],[-115.730499,39.392372],[-115.732016,39.392119],[-115.734027,39.391791],[-115.739233,39.390906],[-115.740828,39.390634],[-115.741628,39.390499],[-115.742564,39.390334],[-115.748935,39.389266],[-115.750902,39.388927],[-115.754657,39.388294],[-115.759376,39.38747],[-115.761804,39.387063],[-115.763695,39.38675],[-115.765787,39.386405],[-115.772613,39.385231],[-115.775508,39.384748],[-115.775596,39.384733],[-115.776543,39.384573],[-115.777186,39.384462],[-115.784581,39.383202],[-115.787817,39.382654],[-115.791466,39.382011],[-115.796584,39.381133],[-115.798623,39.380781],[-115.799411,39.38065],[-115.800654,39.380458],[-115.806641,39.379427],[-115.809269,39.379002],[-115.811703,39.378575],[-115.813751,39.378242],[-115.814401,39.378113],[-115.817807,39.377538],[-115.82208,39.37681],[-115.823357,39.376596],[-115.827091,39.375948],[-115.828151,39.375764]],[[-115.525813,39.394288],[-115.528724,39.394708],[-115.533448,39.395358],[-115.536663,39.395795],[-115.537239,39.395883],[-115.537775,39.39598],[-115.538294,39.396099],[-115.538675,39.396187],[-115.539277,39.396337],[-115.53976,39.396469],[-115.540163,39.396596],[-115.540542,39.396724],[-115.552199,39.401003],[-115.552933,39.401268],[-115.557901,39.403092],[-115.565168,39.405769],[-115.571248,39.40801],[-115.571809,39.408213],[-115.572238,39.408363],[-115.572979,39.408611],[-115.573754,39.408845],[-115.574383,39.409022],[-115.575145,39.409215],[-115.575828,39.409369],[-115.576395,39.409484],[-115.576884,39.409579],[-115.577454,39.409672],[-115.577948,39.409748],[-115.578576,39.409835],[-115.580803,39.410121],[-115.602318,39.412965],[-115.61065,39.414065],[-115.617632,39.414987],[-115.631532,39.416829],[-115.641971,39.418207],[-115.646746,39.418839]],[[-115.126302,39.430182],[-115.126821,39.430208],[-115.127311,39.430222],[-115.127849,39.430202],[-115.128387,39.430159],[-115.128899,39.430094],[-115.129407,39.430004],[-115.130763,39.429707],[-115.131428,39.429589],[-115.131817,39.429534],[-115.132294,39.429483],[-115.132822,39.42945],[-115.133342,39.429443],[-115.133953,39.429477],[-115.134572,39.429521],[-115.135785,39.429599],[-115.136377,39.42959],[-115.136963,39.429553],[-115.137486,39.429494],[-115.137983,39.429414],[-115.138475,39.429301],[-115.139252,39.429051],[-115.140261,39.428652],[-115.141818,39.427989],[-115.142378,39.427815],[-115.142913,39.427689],[-115.143404,39.427585],[-115.143905,39.427506],[-115.144627,39.427442],[-115.147852,39.427327],[-115.149129,39.427283],[-115.150259,39.427251],[-115.150744,39.427247],[-115.151229,39.427268],[-115.152198,39.427328],[-115.157093,39.427621],[-115.184663,39.429274],[-115.185087,39.429292],[-115.1855,39.429286],[-115.18611,39.429235],[-115.186555,39.429173],[-115.187052,39.429078],[-115.187534,39.428964],[-115.187989,39.428816],[-115.188432,39.428646],[-115.188947,39.428391],[-115.18982,39.427961],[-115.19165,39.426962],[-115.19307,39.426083],[-115.195026,39.424773],[-115.19667,39.423481],[-115.197374,39.422939],[-115.197868,39.422651],[-115.198389,39.42239],[-115.198659,39.422279],[-115.199123,39.42212],[-115.204623,39.420582],[-115.20504,39.420431],[-115.215501,39.41665],[-115.221613,39.414432],[-115.22254,39.414065],[-115.2234,39.413656],[-115.226409,39.412056],[-115.244878,39.402215],[-115.24805,39.400473],[-115.252432,39.398058],[-115.253139,39.397683],[-115.257221,39.3955],[-115.260897,39.393549],[-115.267249,39.390218],[-115.268288,39.389671],[-115.270974,39.388303],[-115.273283,39.387099],[-115.278076,39.384628],[-115.287755,39.379574],[-115.307092,39.369446]],[[-115.336822,39.355949],[-115.337254,39.355883],[-115.337662,39.355807],[-115.338024,39.355735],[-115.339777,39.355295],[-115.340056,39.355238],[-115.340294,39.35521],[-115.340561,39.355199],[-115.340828,39.355216],[-115.341087,39.355266],[-115.34191,39.355473],[-115.342317,39.355551],[-115.342676,39.3556],[-115.342969,39.355615],[-115.34323,39.355608],[-115.343518,39.355594],[-115.343841,39.355551],[-115.344392,39.355474],[-115.344704,39.355454],[-115.344943,39.355462],[-115.345169,39.355493],[-115.345455,39.35556],[-115.347791,39.356305],[-115.34805,39.356393],[-115.3483,39.3565],[-115.348454,39.356588],[-115.348624,39.356717],[-115.348809,39.356895],[-115.349012,39.357119],[-115.350088,39.358448],[-115.350352,39.358727],[-115.350492,39.358877],[-115.350697,39.359023],[-115.35088,39.359127],[-115.35108,39.359211],[-115.351343,39.359285],[-115.351594,39.359324],[-115.351784,39.359344],[-115.351957,39.359339],[-115.352199,39.359306],[-115.352416,39.359232],[-115.352627,39.359162],[-115.352806,39.359072],[-115.353022,39.358929],[-115.353173,39.358806],[-115.353735,39.358231],[-115.354598,39.357354],[-115.354817,39.357124],[-115.355116,39.356872],[-115.355322,39.356737],[-115.35557,39.356599],[-115.35698,39.355902],[-115.357286,39.355722],[-115.357543,39.355532],[-115.357736,39.355367],[-115.357888,39.355205],[-115.358039,39.355015],[-115.3582,39.354799],[-115.358824,39.353791],[-115.359095,39.353482],[-115.359335,39.35326],[-115.359647,39.353053],[-115.359844,39.352945],[-115.360095,39.352829],[-115.360376,39.352728],[-115.360546,39.352671],[-115.360772,39.352599],[-115.361684,39.352332],[-115.362019,39.352233],[-115.362478,39.352058],[-115.363709,39.35148],[-115.364025,39.351374],[-115.364241,39.351327],[-115.364453,39.351308],[-115.364656,39.351302],[-115.364874,39.351314],[-115.365077,39.351352],[-115.365292,39.351409],[-115.365522,39.351483],[-115.366509,39.351842],[-115.366853,39.351947],[-115.367193,39.352023],[-115.367464,39.352051],[-115.367711,39.352069],[-115.367992,39.352073],[-115.368729,39.352045],[-115.37018,39.351944]],[[-119.947019,39.006215],[-119.946974,39.005444],[-119.946972,39.005403],[-119.946957,39.005036],[-119.946956,39.004999],[-119.946983,39.004736],[-119.947068,39.004474],[-119.947098,39.00439],[-119.947132,39.004305],[-119.947179,39.004208],[-119.947247,39.004094],[-119.947304,39.00401],[-119.947363,39.003928],[-119.947462,39.003808],[-119.947565,39.003694],[-119.947661,39.003592],[-119.947785,39.003462],[-119.948127,39.003108],[-119.948255,39.002981],[-119.948384,39.002861],[-119.948495,39.002777],[-119.948608,39.0027],[-119.948748,39.002627],[-119.948876,39.002569],[-119.949036,39.002507],[-119.949209,39.002459],[-119.949362,39.002425],[-119.949508,39.002402],[-119.949695,39.002388],[-119.949854,39.002386],[-119.950044,39.002393],[-119.950295,39.002412],[-119.951341,39.002489],[-119.951549,39.002505],[-119.951752,39.002524],[-119.951914,39.00254],[-119.9521,39.002565],[-119.952305,39.002595],[-119.953543,39.002789],[-119.95375,39.00282],[-119.953939,39.002844],[-119.954114,39.002855],[-119.954301,39.002854],[-119.954478,39.00284],[-119.954649,39.002811],[-119.954792,39.002774],[-119.954963,39.002716],[-119.955104,39.002659],[-119.955229,39.002592],[-119.955349,39.002516],[-119.955463,39.002428],[-119.955572,39.002335],[-119.955658,39.002245],[-119.955728,39.002161],[-119.955773,39.002094],[-119.955821,39.002007],[-119.955865,39.001906],[-119.955903,39.001791],[-119.95593,39.001671],[-119.95595,39.001534],[-119.955963,39.001402],[-119.955967,39.001288],[-119.955966,39.001156],[-119.955954,39.001001],[-119.955944,39.000875],[-119.955921,39.000709],[-119.955896,39.00058],[-119.955861,39.000421],[-119.95582,39.000272],[-119.955767,39.000118],[-119.955707,38.999966],[-119.955646,38.999827],[-119.955574,38.999678],[-119.9555,38.999542],[-119.955429,38.999422],[-119.955325,38.999266],[-119.955222,38.999129],[-119.955117,38.998998],[-119.955022,38.998885],[-119.954922,38.998777],[-119.954823,38.998677],[-119.954704,38.998565],[-119.954572,38.998448],[-119.954527,38.998411],[-119.954418,38.998323],[-119.954326,38.998255],[-119.954269,38.998213],[-119.954093,38.998096],[-119.953885,38.997969],[-119.953859,38.997953],[-119.953743,38.997881],[-119.95327,38.997586],[-119.953212,38.997549],[-119.952971,38.997397]],[[-119.771801,39.12069],[-119.771769,39.120858]],[[-119.942412,39.081379],[-119.942336,39.081494],[-119.942062,39.081765],[-119.941741,39.082006],[-119.941322,39.082236],[-119.940893,39.082402],[-119.940405,39.082502],[-119.939965,39.08254],[-119.939251,39.082535],[-119.937867,39.082518],[-119.937326,39.082523],[-119.936827,39.082552],[-119.936269,39.082618],[-119.935727,39.082727]],[[-117.969078,39.29702],[-117.970157,39.296643],[-117.971386,39.296258],[-117.972189,39.296027],[-117.972621,39.295903],[-117.973894,39.295575],[-117.975116,39.295297],[-117.975761,39.295166],[-117.976584,39.295024],[-117.977485,39.294883],[-117.978617,39.294723],[-117.979607,39.294613],[-117.98097,39.294492],[-117.984006,39.294217],[-117.985795,39.294058],[-117.986909,39.293959],[-117.987636,39.293894],[-117.987693,39.293889],[-117.991579,39.293547],[-118.023209,39.290727],[-118.023246,39.290724],[-118.025364,39.290536],[-118.028209,39.29028]],[[-119.76125,39.17039],[-119.761071,39.170391]],[[-119.703766,39.188744],[-119.703646,39.188794]],[[-114.236158,39.094797],[-114.234573,39.093739],[-114.232275,39.092195],[-114.231943,39.091989],[-114.230915,39.09129],[-114.230165,39.090818],[-114.229717,39.090547],[-114.228736,39.090025],[-114.227774,39.089595],[-114.227026,39.089291],[-114.22617,39.088977],[-114.224947,39.088613],[-114.223928,39.088371],[-114.222759,39.088157],[-114.218279,39.087447],[-114.203494,39.085102],[-114.203406,39.085081],[-114.202712,39.084938],[-114.202164,39.084809],[-114.201451,39.084615],[-114.200579,39.084342],[-114.200002,39.084135],[-114.19942,39.083903],[-114.19871,39.083601],[-114.197559,39.083029],[-114.197054,39.082769],[-114.188483,39.078346],[-114.186372,39.077261],[-114.18206,39.075032],[-114.18083,39.074388],[-114.179762,39.073866]],[[-118.413166,39.274703],[-118.421041,39.278723],[-118.43418,39.285417],[-118.438754,39.287324],[-118.443735,39.289265],[-118.459527,39.294997],[-118.46348,39.296365],[-118.465702,39.296951],[-118.466933,39.297215],[-118.478247,39.299231],[-118.48037,39.29962],[-118.481345,39.299865],[-118.482899,39.300421],[-118.483655,39.300769],[-118.484989,39.301541],[-118.486042,39.302311],[-118.494238,39.30904],[-118.499025,39.312969],[-118.507587,39.321248],[-118.50909,39.322716],[-118.523421,39.336701],[-118.541895,39.351848],[-118.548465,39.356697],[-118.554392,39.361196],[-118.555214,39.361748],[-118.572645,39.370914],[-118.573958,39.371572],[-118.57537,39.3722],[-118.575552,39.372273],[-118.576663,39.372717],[-118.578888,39.373502],[-118.583051,39.374774],[-118.583508,39.374913],[-118.583634,39.374952],[-118.585289,39.375457],[-118.608716,39.382563],[-118.609418,39.382776],[-118.622444,39.38674],[-118.624704,39.387418],[-118.630562,39.389207],[-118.632406,39.389846],[-118.634427,39.390673],[-118.638296,39.392561],[-118.639101,39.392961],[-118.641592,39.394199],[-118.64434,39.395602],[-118.645619,39.396437],[-118.646452,39.397057],[-118.647854,39.398334],[-118.649159,39.399883],[-118.649977,39.401169],[-118.650374,39.401939],[-118.655297,39.412031],[-118.656267,39.414016]],[[-119.771556,39.124666],[-119.771577,39.124649],[-119.771586,39.124638],[-119.771589,39.124625],[-119.771588,39.124606],[-119.771572,39.124528],[-119.771566,39.124499],[-119.771564,39.124473],[-119.771566,39.124438],[-119.771569,39.124402],[-119.771583,39.124309],[-119.771652,39.123845],[-119.77168,39.123684],[-119.771704,39.123567],[-119.77174,39.123407],[-119.771756,39.123315],[-119.771763,39.123264],[-119.771773,39.123182],[-119.771783,39.123112],[-119.771798,39.123032],[-119.771885,39.122681],[-119.771897,39.122622],[-119.771912,39.122546],[-119.771984,39.122133],[-119.77203,39.121873],[-119.772055,39.121747],[-119.772059,39.121728],[-119.772068,39.121699],[-119.772076,39.121681],[-119.772093,39.121642],[-119.772115,39.121606],[-119.772295,39.121326],[-119.772313,39.121296],[-119.772336,39.121252],[-119.772347,39.121222],[-119.772353,39.121196],[-119.772354,39.121161],[-119.772352,39.121125],[-119.772345,39.121094],[-119.772329,39.121061],[-119.772307,39.12103],[-119.772277,39.120997],[-119.772262,39.120981]],[[-119.774549,39.119712],[-119.774153,39.119937]],[[-119.772479,39.120599],[-119.772263,39.120628],[-119.772228,39.120633],[-119.772039,39.12066]],[[-119.773663,39.120218],[-119.773588,39.120258],[-119.773475,39.120316],[-119.773358,39.120369],[-119.773253,39.120413],[-119.773166,39.120444],[-119.773076,39.120474],[-119.773004,39.120495],[-119.772939,39.120513],[-119.772854,39.120533],[-119.772763,39.120552],[-119.772603,39.12058],[-119.772479,39.120599]],[[-119.774153,39.119937],[-119.773885,39.120089],[-119.773663,39.120218]],[[-119.772039,39.12066],[-119.771801,39.12069]],[[-119.775,39.119649],[-119.775207,39.119523],[-119.775635,39.119272],[-119.776085,39.118996],[-119.776774,39.118586]],[[-119.78043,39.116496],[-119.780624,39.11639],[-119.78093,39.116224],[-119.781199,39.116077],[-119.782561,39.115326],[-119.782822,39.115181],[-119.783109,39.115022],[-119.783617,39.11475],[-119.783881,39.114625],[-119.784155,39.114501],[-119.784477,39.114364],[-119.784648,39.114298],[-119.784795,39.114244],[-119.785045,39.114156],[-119.785297,39.114075],[-119.785984,39.113875],[-119.786162,39.113833],[-119.786212,39.113822],[-119.786475,39.113765],[-119.786837,39.113692],[-119.787161,39.113637],[-119.787516,39.113586],[-119.7877,39.113563],[-119.787956,39.113536],[-119.78823,39.113515],[-119.788707,39.113483],[-119.789479,39.113439],[-119.789905,39.113415],[-119.790453,39.113386],[-119.790894,39.113363],[-119.791306,39.113337],[-119.791815,39.113312],[-119.792044,39.113302],[-119.792277,39.113294],[-119.792415,39.113292],[-119.792587,39.113292],[-119.792734,39.113295],[-119.792845,39.113298],[-119.792975,39.113307],[-119.79325,39.113335],[-119.79352,39.113376],[-119.793671,39.113404],[-119.793858,39.113443],[-119.794041,39.113491],[-119.794308,39.11357],[-119.794652,39.113677],[-119.795147,39.113827],[-119.795586,39.113963],[-119.796488,39.114253],[-119.796736,39.114331],[-119.796995,39.114415],[-119.797178,39.114482],[-119.797265,39.114516],[-119.797361,39.114554],[-119.797491,39.114608],[-119.797583,39.11465],[-119.79774,39.114728],[-119.79784,39.114783],[-119.797941,39.114837],[-119.79807,39.114912],[-119.798199,39.11499],[-119.798317,39.115067],[-119.798398,39.115121],[-119.798489,39.115184],[-119.798624,39.115287],[-119.798704,39.11535],[-119.7988,39.115431],[-119.799209,39.115802],[-119.799406,39.115975],[-119.799513,39.116062],[-119.799649,39.116159],[-119.799819,39.116269],[-119.800045,39.116395],[-119.800224,39.116479],[-119.800468,39.116571],[-119.800679,39.116632],[-119.800943,39.116691],[-119.801203,39.11673],[-119.801488,39.116752],[-119.801743,39.116758],[-119.801992,39.116744],[-119.802266,39.116708],[-119.802534,39.116653],[-119.802765,39.116589],[-119.802978,39.116516],[-119.803187,39.116431],[-119.80338,39.116336],[-119.803565,39.116221],[-119.803737,39.116096],[-119.803884,39.115979],[-119.80402,39.115871],[-119.804153,39.115735],[-119.804277,39.115596],[-119.804518,39.115312],[-119.804629,39.115186],[-119.804758,39.11506],[-119.804884,39.114948],[-119.805029,39.114837],[-119.805168,39.114748],[-119.80534,39.114655],[-119.805538,39.114571],[-119.805763,39.114497],[-119.805991,39.114439],[-119.806193,39.114405],[-119.806381,39.114387],[-119.806582,39.114379],[-119.806793,39.114387],[-119.807011,39.114405],[-119.807193,39.114433],[-119.807418,39.114479],[-119.807711,39.114554],[-119.810597,39.115283],[-119.810845,39.115349],[-119.811057,39.115404],[-119.811269,39.11548],[-119.81146,39.115563],[-119.811657,39.115668],[-119.811825,39.115778],[-119.811947,39.115868],[-119.812096,39.115987],[-119.812253,39.116142],[-119.812403,39.116304],[-119.812715,39.116647],[-119.813162,39.117148],[-119.813289,39.11728],[-119.813423,39.117401],[-119.813541,39.117496],[-119.813673,39.11759],[-119.813845,39.117696],[-119.814018,39.117784],[-119.814227,39.117876],[-119.814675,39.118056],[-119.814849,39.118132],[-119.815005,39.118204],[-119.815183,39.118297],[-119.815336,39.118394],[-119.815474,39.118498],[-119.8156,39.118604],[-119.815704,39.118708],[-119.815814,39.118834],[-119.815929,39.118992],[-119.816024,39.119157],[-119.816103,39.119317],[-119.816258,39.119658],[-119.816334,39.119814],[-119.816433,39.11998],[-119.816526,39.120111],[-119.816666,39.120268],[-119.816776,39.120376],[-119.816931,39.1205],[-119.817074,39.120597],[-119.817269,39.120705],[-119.81746,39.120795],[-119.817629,39.120864],[-119.817812,39.12092],[-119.818057,39.120984],[-119.818277,39.121018],[-119.818499,39.121038],[-119.818723,39.121042],[-119.818952,39.121029],[-119.819204,39.120995],[-119.819417,39.120949],[-119.819617,39.120892],[-119.819759,39.120842],[-119.819931,39.120772],[-119.820105,39.120692],[-119.820559,39.120468],[-119.820757,39.12038],[-119.820941,39.120307],[-119.821133,39.120248],[-119.821339,39.1202],[-119.821555,39.120165],[-119.821743,39.120151],[-119.821982,39.120138],[-119.822204,39.120152],[-119.822424,39.120177],[-119.822635,39.12022],[-119.822831,39.12027],[-119.823031,39.120339],[-119.823207,39.120415],[-119.823379,39.120511],[-119.823541,39.120611],[-119.823701,39.120737],[-119.82384,39.120866],[-119.823963,39.121004],[-119.824079,39.12113],[-119.824475,39.121623],[-119.824606,39.121771],[-119.824705,39.12187],[-119.824796,39.121955],[-119.824914,39.122056],[-119.825077,39.122181],[-119.825235,39.122292],[-119.825451,39.122416],[-119.825655,39.122522],[-119.825869,39.122611],[-119.826116,39.122704],[-119.82637,39.122787],[-119.82658,39.122843],[-119.826818,39.12289],[-119.827032,39.122924],[-119.827297,39.122949],[-119.827571,39.122963],[-119.827831,39.12296],[-119.828093,39.122943],[-119.828362,39.122915],[-119.828597,39.122878],[-119.828811,39.122832],[-119.829037,39.122771],[-119.829238,39.122708],[-119.829492,39.122611],[-119.829679,39.122525],[-119.829862,39.122428],[-119.830038,39.12232],[-119.830643,39.121945],[-119.830825,39.12183],[-119.831034,39.121712],[-119.831267,39.121604],[-119.831524,39.121506],[-119.831718,39.121449],[-119.831958,39.1214],[-119.83222,39.121371],[-119.832427,39.121363],[-119.832682,39.121369],[-119.83292,39.121394],[-119.833114,39.121426],[-119.833345,39.121481],[-119.833527,39.121539],[-119.833707,39.121609],[-119.833893,39.121695],[-119.834053,39.121781],[-119.834717,39.12217],[-119.834905,39.122276],[-119.835099,39.122362],[-119.835283,39.122433],[-119.835514,39.122505],[-119.835759,39.122558],[-119.835978,39.122588],[-119.836216,39.122605],[-119.83642,39.122607],[-119.836651,39.122591],[-119.836868,39.122562],[-119.837056,39.122525],[-119.837245,39.122471],[-119.837453,39.122397],[-119.837654,39.122304],[-119.837832,39.122207],[-119.837983,39.122115],[-119.838136,39.122007],[-119.838291,39.121885],[-119.838488,39.121727],[-119.842305,39.118514],[-119.842483,39.118369],[-119.842636,39.118263],[-119.84281,39.118151],[-119.843002,39.118047],[-119.843197,39.117957],[-119.843389,39.117881],[-119.843585,39.117816],[-119.843782,39.117765],[-119.84396,39.117726],[-119.844177,39.117692],[-119.844339,39.117671],[-119.844535,39.117655],[-119.844717,39.117651],[-119.844906,39.117652],[-119.845113,39.117663],[-119.845621,39.117702],[-119.845859,39.117716],[-119.846105,39.117722],[-119.846315,39.11772],[-119.846521,39.117704],[-119.846709,39.117678],[-119.846911,39.117633],[-119.847119,39.117572],[-119.847322,39.1175],[-119.847507,39.117424],[-119.847707,39.117324],[-119.847928,39.117208],[-119.848422,39.116941],[-119.848654,39.11682],[-119.848869,39.116724],[-119.849083,39.116643],[-119.849372,39.116539],[-119.849627,39.116466],[-119.84991,39.116409],[-119.850161,39.116366],[-119.850445,39.116331],[-119.850685,39.116315],[-119.850902,39.116311],[-119.851153,39.116317],[-119.85138,39.116334],[-119.851675,39.116373],[-119.85198,39.116427],[-119.852256,39.116483],[-119.852509,39.116539],[-119.853499,39.116771],[-119.853717,39.116816],[-119.853909,39.116851],[-119.854171,39.116887],[-119.854393,39.116894],[-119.854606,39.116892],[-119.854804,39.116877],[-119.855014,39.116849],[-119.8552,39.116815],[-119.855357,39.116774],[-119.85555,39.11671],[-119.855753,39.116629],[-119.855937,39.116539],[-119.856098,39.116446],[-119.856265,39.116337],[-119.856452,39.116206],[-119.856775,39.115978],[-119.856935,39.115871],[-119.857101,39.115762],[-119.857292,39.115658],[-119.857508,39.115552],[-119.857664,39.115488],[-119.857833,39.115431],[-119.858029,39.115377],[-119.858243,39.115327],[-119.858472,39.115282],[-119.858677,39.115249],[-119.858891,39.115227],[-119.859122,39.115206],[-119.859396,39.115189],[-119.861681,39.115072],[-119.861942,39.115054],[-119.862199,39.115022],[-119.862467,39.114975],[-119.862703,39.114922],[-119.862974,39.114843],[-119.864305,39.11446],[-119.864616,39.114377],[-119.864857,39.114321],[-119.865206,39.114266],[-119.865498,39.114234],[-119.865768,39.114214],[-119.866007,39.114207],[-119.86623,39.114208],[-119.866467,39.114215],[-119.86668,39.11423],[-119.866938,39.114259],[-119.867253,39.114303],[-119.867481,39.11435],[-119.867789,39.114418],[-119.868041,39.11449],[-119.868285,39.114567],[-119.868492,39.114649],[-119.868667,39.114726],[-119.86887,39.114821],[-119.869095,39.11493],[-119.869272,39.115028],[-119.869433,39.115124],[-119.869603,39.115237],[-119.869759,39.115352],[-119.869881,39.115448],[-119.870019,39.115577],[-119.870129,39.115679],[-119.870258,39.115806],[-119.871111,39.116689],[-119.871225,39.116813],[-119.871308,39.116909],[-119.871404,39.117037],[-119.871488,39.117168],[-119.871561,39.117285],[-119.871628,39.117413],[-119.871687,39.11756],[-119.871735,39.117683],[-119.871775,39.117798],[-119.871858,39.118055],[-119.871911,39.11821],[-119.871972,39.118367],[-119.872046,39.118515],[-119.872128,39.118655],[-119.872229,39.118799],[-119.872314,39.118903],[-119.872426,39.119026],[-119.872534,39.119128],[-119.872662,39.119238],[-119.872782,39.119332],[-119.872954,39.119442],[-119.873131,39.119542],[-119.87336,39.119648],[-119.873543,39.119716],[-119.873792,39.119794],[-119.874035,39.119847],[-119.874232,39.119882],[-119.874439,39.119909],[-119.874621,39.119921],[-119.874845,39.119921],[-119.875096,39.119911],[-119.875313,39.119883],[-119.875524,39.119847],[-119.875713,39.119799],[-119.875929,39.119737],[-119.87612,39.119669],[-119.876326,39.119586],[-119.876543,39.119479],[-119.87667,39.119401],[-119.87678,39.119322],[-119.876932,39.119193],[-119.877031,39.119096],[-119.877185,39.118945],[-119.877307,39.118808],[-119.877444,39.118644],[-119.878006,39.117983],[-119.878313,39.117622],[-119.878463,39.117457],[-119.878593,39.11733],[-119.878754,39.117202],[-119.878951,39.117063],[-119.879115,39.116972],[-119.879272,39.116894],[-119.879469,39.116812],[-119.879665,39.116757],[-119.879835,39.116718],[-119.879999,39.116691],[-119.880201,39.116667],[-119.880397,39.11666],[-119.880606,39.116662],[-119.880861,39.116677],[-119.881144,39.116702],[-119.883859,39.116959],[-119.884115,39.116984],[-119.884365,39.116997],[-119.884612,39.116998],[-119.884815,39.116985],[-119.885056,39.11696],[-119.885222,39.11693],[-119.885418,39.116883],[-119.885614,39.116824],[-119.885794,39.116747],[-119.885981,39.116661],[-119.886141,39.11657],[-119.886308,39.116456],[-119.886457,39.116327],[-119.886577,39.116205],[-119.886676,39.116097],[-119.886752,39.115993],[-119.886815,39.115887],[-119.88689,39.115764],[-119.886961,39.115614],[-119.887011,39.115475],[-119.887051,39.115308],[-119.887069,39.11518],[-119.887076,39.115041],[-119.887072,39.114915],[-119.887054,39.114774],[-119.88702,39.114617],[-119.886968,39.114474],[-119.886904,39.114332],[-119.886819,39.114182],[-119.886712,39.11403],[-119.88659,39.113887],[-119.88648,39.11377],[-119.886356,39.113672],[-119.886223,39.113577],[-119.886061,39.113478],[-119.885947,39.113414],[-119.885762,39.113326],[-119.885588,39.113253],[-119.885403,39.113183],[-119.885196,39.113116],[-119.884196,39.112801],[-119.883859,39.112689],[-119.883595,39.112597],[-119.883349,39.112489],[-119.883075,39.112344],[-119.882791,39.11214],[-119.882517,39.111915],[-119.882131,39.111536],[-119.881836,39.11127],[-119.881552,39.111061],[-119.881353,39.110945],[-119.880874,39.11071],[-119.880498,39.11055],[-119.880322,39.11047],[-119.880144,39.110387],[-119.879975,39.110298],[-119.879805,39.110193],[-119.879651,39.110079],[-119.879531,39.10998],[-119.879403,39.109861],[-119.879289,39.109719],[-119.879201,39.109595],[-119.879134,39.109475],[-119.879075,39.109341],[-119.879029,39.109207],[-119.878989,39.109068],[-119.878971,39.108929],[-119.878958,39.108794],[-119.878967,39.108632],[-119.878997,39.108473],[-119.879031,39.108333],[-119.879086,39.108179],[-119.879145,39.10805],[-119.87924,39.107904],[-119.879353,39.107756],[-119.879476,39.107619],[-119.879574,39.107523],[-119.879715,39.107416],[-119.87989,39.107292],[-119.880047,39.107211],[-119.880231,39.107125],[-119.880378,39.107068],[-119.880552,39.107016],[-119.880731,39.106971],[-119.880919,39.106935],[-119.881072,39.106918],[-119.881268,39.106904],[-119.881479,39.106904],[-119.88168,39.106911],[-119.881932,39.106919],[-119.882237,39.106929],[-119.882516,39.106931],[-119.88274,39.106923],[-119.882965,39.106905],[-119.883239,39.106868],[-119.883506,39.10682],[-119.883731,39.106768],[-119.88405,39.106683],[-119.886419,39.106042],[-119.886769,39.105951],[-119.887051,39.105884],[-119.887348,39.105824],[-119.887667,39.105772],[-119.887906,39.105741],[-119.888183,39.105719],[-119.888469,39.105701],[-119.889131,39.105658],[-119.889188,39.105649],[-119.889273,39.105607]],[[-119.770914,39.126369],[-119.770879,39.126592]],[[-119.770979,39.125919],[-119.770957,39.12608],[-119.770941,39.126183],[-119.770914,39.126369]],[[-119.770966,39.127205],[-119.77104,39.126754]],[[-119.767002,39.163911],[-119.767002,39.163983],[-119.766998,39.164245]],[[-119.740087,39.174958],[-119.740517,39.174845],[-119.74068,39.174803],[-119.741133,39.174687],[-119.741536,39.174582]],[[-119.739575,39.175089],[-119.740087,39.174958]],[[-119.737293,39.175582],[-119.737426,39.175589],[-119.737475,39.175589],[-119.737534,39.175586],[-119.737616,39.175577],[-119.737674,39.175569],[-119.737744,39.175557],[-119.737828,39.17554],[-119.737945,39.175513],[-119.738057,39.175483]],[[-119.737997,39.175318],[-119.737903,39.175342],[-119.737742,39.175385],[-119.737616,39.175421],[-119.737552,39.175441],[-119.737479,39.175468],[-119.737449,39.175481],[-119.737392,39.175514],[-119.737293,39.175582]],[[-119.738057,39.175483],[-119.738182,39.175452],[-119.738635,39.175335],[-119.738767,39.175301],[-119.739575,39.175089]],[[-119.743354,39.17411],[-119.744147,39.173902],[-119.744241,39.173878]],[[-119.744241,39.173878],[-119.744346,39.173853],[-119.744775,39.17374],[-119.745537,39.173521],[-119.746057,39.173372],[-119.746186,39.173338]],[[-119.742659,39.174108],[-119.741532,39.174399]],[[-119.741068,39.174521],[-119.740585,39.174646],[-119.740433,39.174686],[-119.740012,39.174795]],[[-119.737293,39.175582],[-119.736606,39.175754],[-119.736072,39.175887],[-119.735362,39.176065],[-119.734666,39.176232],[-119.734592,39.176249],[-119.734129,39.176361],[-119.733994,39.176396]],[[-119.730828,39.177476],[-119.730688,39.177535],[-119.730399,39.177656],[-119.729457,39.178049],[-119.729199,39.178158],[-119.728339,39.178518],[-119.727846,39.178725],[-119.727546,39.178851],[-119.727388,39.178917],[-119.726559,39.17926],[-119.726245,39.17939],[-119.726175,39.179419],[-119.725694,39.179619],[-119.725628,39.179647]],[[-119.733994,39.176396],[-119.733916,39.176414],[-119.733701,39.176469],[-119.733408,39.176547],[-119.733222,39.176602]],[[-119.766977,39.168147],[-119.766977,39.168167],[-119.766973,39.168398],[-119.766975,39.168479]],[[-119.766995,39.164579],[-119.766994,39.164658],[-119.766992,39.165002]],[[-119.766986,39.166509],[-119.766983,39.167086],[-119.766982,39.167165]],[[-119.766982,39.167165],[-119.766982,39.16725],[-119.766981,39.167503]],[[-119.766974,39.168787],[-119.766974,39.168841],[-119.766973,39.169041],[-119.766972,39.169083],[-119.766972,39.16916],[-119.76697,39.169277],[-119.766966,39.16948],[-119.766963,39.169677],[-119.766961,39.16977]],[[-119.766992,39.165002],[-119.766991,39.165169],[-119.766991,39.165219]],[[-119.76699,39.165875],[-119.76699,39.165943],[-119.766986,39.166448],[-119.766986,39.166509]],[[-119.766975,39.168479],[-119.766977,39.168576],[-119.766974,39.168787]],[[-119.766981,39.167503],[-119.76698,39.16773],[-119.766979,39.167818],[-119.766978,39.167983],[-119.766977,39.168147]],[[-119.766991,39.165219],[-119.76699,39.165817],[-119.76699,39.165875]],[[-119.766998,39.164245],[-119.766995,39.164488],[-119.766995,39.164579]],[[-119.767006,39.162898],[-119.767003,39.163125],[-119.767002,39.163239]],[[-119.767007,39.161943],[-119.767007,39.16205],[-119.767008,39.162514],[-119.767008,39.162591],[-119.767007,39.162657],[-119.767006,39.162898]],[[-119.767024,39.157886],[-119.767024,39.157715],[-119.767024,39.157592],[-119.767025,39.157404],[-119.767025,39.157329],[-119.767024,39.157101],[-119.767025,39.157058],[-119.767025,39.157026],[-119.767024,39.156982],[-119.767025,39.156847],[-119.767025,39.156687],[-119.767025,39.156239],[-119.767026,39.156108],[-119.767026,39.156022],[-119.767027,39.155883],[-119.767028,39.155684],[-119.767029,39.155634],[-119.767029,39.155452],[-119.767045,39.155262],[-119.767058,39.154952],[-119.767066,39.154714],[-119.76707,39.154593]],[[-119.767011,39.160851],[-119.767013,39.160707],[-119.767013,39.160648]],[[-119.767019,39.159996],[-119.767019,39.159924],[-119.767019,39.15983],[-119.76702,39.159627],[-119.767021,39.159414],[-119.767021,39.159341],[-119.767023,39.158704],[-119.767023,39.158644],[-119.767024,39.158469],[-119.767024,39.158273],[-119.767024,39.158118],[-119.767025,39.158048],[-119.767024,39.157886]],[[-119.767011,39.161285],[-119.76701,39.161392],[-119.767008,39.161653]],[[-119.767008,39.161653],[-119.767007,39.161843],[-119.767007,39.161882],[-119.767007,39.161943]],[[-119.269571,39.400003],[-119.274177,39.398368],[-119.277691,39.397101],[-119.280002,39.396243],[-119.281943,39.395523],[-119.284742,39.394498],[-119.286824,39.393735],[-119.287079,39.393641],[-119.288286,39.393199],[-119.296155,39.390316],[-119.296293,39.390265],[-119.297898,39.389677],[-119.303993,39.387437],[-119.305572,39.386857],[-119.305741,39.386795],[-119.309097,39.385568],[-119.314377,39.383639],[-119.314865,39.383459]],[[-119.38124,39.35888],[-119.379636,39.359464],[-119.376691,39.360547],[-119.376082,39.360771],[-119.375025,39.361154],[-119.372825,39.361952],[-119.3718,39.362328],[-119.370704,39.362735],[-119.370441,39.362832],[-119.365696,39.364566]],[[-119.703646,39.188794],[-119.70259,39.189234],[-119.702512,39.189266],[-119.701994,39.189481],[-119.701329,39.189758],[-119.701177,39.189822],[-119.699979,39.19032],[-119.699648,39.190458],[-119.698891,39.190773],[-119.69686,39.191645],[-119.695396,39.192299]],[[-118.656267,39.414016],[-118.656378,39.414246]],[[-118.666813,39.435806],[-118.667416,39.437047],[-118.667552,39.437327],[-118.667933,39.438112],[-118.668183,39.438602],[-118.66852,39.439346],[-118.671039,39.444515],[-118.671543,39.445551],[-118.671619,39.445708],[-118.676677,39.456121],[-118.678801,39.460503],[-118.681596,39.466193]],[[-114.874233,39.253361],[-114.874182,39.253257],[-114.874025,39.252992]],[[-115.969617,39.533074],[-115.969826,39.533444],[-115.970052,39.53381],[-115.970191,39.534026],[-115.970653,39.534742],[-115.971377,39.535812],[-115.971571,39.536108],[-115.971652,39.536231],[-115.971765,39.536396],[-115.97233,39.537257],[-115.972628,39.537705],[-115.974001,39.539771],[-115.974466,39.540474],[-115.974998,39.541275],[-115.975104,39.541442],[-115.975363,39.54181],[-115.975404,39.541874],[-115.975576,39.542116],[-115.975616,39.542166],[-115.97578,39.542397],[-115.976163,39.542891],[-115.976375,39.543144],[-115.976702,39.543507],[-115.977143,39.543975],[-115.977408,39.544245],[-115.977733,39.544554],[-115.977996,39.544795],[-115.978363,39.54512],[-115.978535,39.545266],[-115.979035,39.545661],[-115.979986,39.546386],[-115.980891,39.547086],[-115.984676,39.550002],[-115.98694,39.551746],[-115.988057,39.552586],[-115.988449,39.552865],[-115.988826,39.553113],[-115.989038,39.553242],[-115.989493,39.553514],[-115.989822,39.553693]],[[-114.814797,39.166787],[-114.816079,39.167482],[-114.816903,39.167953],[-114.81748,39.168329],[-114.818251,39.16887],[-114.818873,39.169364],[-114.819541,39.169949],[-114.819617,39.170022],[-114.819812,39.170214],[-114.820154,39.17055],[-114.820439,39.170866],[-114.820766,39.171246],[-114.821066,39.171621],[-114.821761,39.17254],[-114.822087,39.172974],[-114.822666,39.173746],[-114.827056,39.179581],[-114.828132,39.181011],[-114.828246,39.181148]],[[-114.45073,39.070606],[-114.449885,39.071267],[-114.449001,39.072115],[-114.448563,39.072565],[-114.44792,39.073389],[-114.447482,39.073974],[-114.447036,39.074667],[-114.446685,39.075299],[-114.446372,39.07599],[-114.446147,39.076481],[-114.44577,39.077225],[-114.444182,39.080496],[-114.442773,39.083429],[-114.442327,39.084343],[-114.441549,39.085948],[-114.440915,39.087258],[-114.439733,39.089732],[-114.439347,39.09053],[-114.437817,39.093645],[-114.436853,39.09566],[-114.436198,39.097045],[-114.435627,39.09818],[-114.435604,39.098227],[-114.43486,39.099787],[-114.434514,39.100506],[-114.433941,39.101695],[-114.433279,39.103046],[-114.432682,39.104222],[-114.431629,39.106467],[-114.430913,39.107947],[-114.430378,39.109067],[-114.429461,39.110977],[-114.428737,39.11247],[-114.428041,39.113922],[-114.426908,39.116235],[-114.425933,39.118276],[-114.425302,39.119573],[-114.424987,39.120174],[-114.424654,39.120905],[-114.424196,39.121846],[-114.423282,39.123746],[-114.422676,39.124966],[-114.422051,39.12624],[-114.421403,39.127604],[-114.420497,39.129919],[-114.419734,39.132228],[-114.419432,39.133226],[-114.418732,39.135337],[-114.417841,39.138027],[-114.416809,39.141253],[-114.41587,39.144097],[-114.414834,39.147275],[-114.413877,39.150233],[-114.413504,39.151354],[-114.412825,39.153441],[-114.412504,39.154331],[-114.412292,39.155013],[-114.412029,39.155606],[-114.411777,39.156146],[-114.411554,39.15655],[-114.41139,39.156818],[-114.411237,39.157068],[-114.41094,39.157525],[-114.410588,39.158035],[-114.410277,39.158393],[-114.409799,39.158933],[-114.409325,39.159545],[-114.407096,39.162192],[-114.403924,39.165956],[-114.40241,39.167786],[-114.40002,39.170615],[-114.398698,39.172205],[-114.398199,39.172719],[-114.397731,39.173115],[-114.397199,39.173572],[-114.396574,39.174031],[-114.396121,39.174299],[-114.395497,39.174629],[-114.395139,39.174819],[-114.394518,39.175097],[-114.394105,39.175273],[-114.393591,39.175485],[-114.392773,39.175742],[-114.392105,39.175915],[-114.391446,39.176041],[-114.391056,39.176114],[-114.390641,39.176181],[-114.390007,39.176251],[-114.389214,39.176303],[-114.388646,39.176316],[-114.387999,39.176307],[-114.387606,39.17629],[-114.386932,39.176244],[-114.38637,39.176177],[-114.385738,39.176076],[-114.383182,39.175486],[-114.379169,39.174549],[-114.37573,39.173767],[-114.374529,39.17349],[-114.37362,39.173243],[-114.373217,39.173099],[-114.372726,39.172924],[-114.372294,39.172746],[-114.371869,39.17255],[-114.371617,39.172425],[-114.37132,39.172264],[-114.370648,39.171853],[-114.370297,39.171609],[-114.36991,39.171318],[-114.368885,39.170372],[-114.36669,39.168224],[-114.3663,39.167854],[-114.365634,39.167235],[-114.365158,39.166854],[-114.36452,39.16637],[-114.363795,39.16588],[-114.363494,39.165686],[-114.362737,39.165253],[-114.362504,39.165133],[-114.361521,39.164626],[-114.358342,39.162933],[-114.357923,39.16271],[-114.357207,39.162249],[-114.356733,39.161874],[-114.355975,39.161145],[-114.355663,39.160845],[-114.354965,39.160168],[-114.354923,39.160127],[-114.354426,39.159782],[-114.35399,39.159466],[-114.353366,39.15909],[-114.35292,39.158832],[-114.35236,39.158534],[-114.351771,39.158204],[-114.350496,39.157492],[-114.350146,39.157264],[-114.34984,39.157028],[-114.3494,39.156621],[-114.349098,39.156278],[-114.348901,39.156034],[-114.348475,39.155423],[-114.346322,39.15217],[-114.34605,39.151751],[-114.345974,39.151635],[-114.345224,39.150482],[-114.344758,39.149864],[-114.344627,39.14971],[-114.344303,39.149393],[-114.343963,39.149117],[-114.343511,39.148797],[-114.343286,39.14865],[-114.342782,39.148355],[-114.342245,39.148087],[-114.341098,39.147552],[-114.340763,39.147386],[-114.340041,39.146975],[-114.339603,39.146659],[-114.33913,39.146272],[-114.338902,39.146045],[-114.338635,39.145778],[-114.338361,39.14547],[-114.337843,39.144773],[-114.337507,39.144332],[-114.337248,39.143993],[-114.336131,39.142623],[-114.336073,39.142544],[-114.335183,39.141655],[-114.334421,39.140941],[-114.333691,39.140351],[-114.332336,39.139364],[-114.331766,39.138995],[-114.329643,39.137615],[-114.329036,39.137204],[-114.32876,39.136984],[-114.328421,39.136661],[-114.327526,39.135716],[-114.327305,39.135516],[-114.327208,39.135428],[-114.326934,39.135221],[-114.326631,39.135011],[-114.325991,39.134634],[-114.325609,39.134425],[-114.324285,39.133785],[-114.323772,39.133504],[-114.323442,39.133309],[-114.323181,39.133132],[-114.32283,39.132849],[-114.322699,39.132728],[-114.322135,39.132142],[-114.320756,39.130614],[-114.320476,39.130331],[-114.320116,39.129987],[-114.319191,39.129169],[-114.318182,39.128315],[-114.317705,39.127897],[-114.317135,39.127418],[-114.316651,39.12701],[-114.316195,39.126662],[-114.313838,39.12501],[-114.313774,39.124965],[-114.312909,39.12438],[-114.311884,39.123729],[-114.311606,39.123574],[-114.311041,39.12331],[-114.310768,39.1232],[-114.310264,39.123035],[-114.30973,39.122887],[-114.308943,39.122708],[-114.308445,39.122607],[-114.306757,39.122308],[-114.305942,39.122179],[-114.304704,39.121996],[-114.304076,39.121912],[-114.302826,39.121788],[-114.302091,39.121737],[-114.301204,39.121705],[-114.300394,39.121693],[-114.296964,39.121642],[-114.29596,39.121624],[-114.295386,39.121614],[-114.293621,39.121601],[-114.29233,39.121558],[-114.292152,39.121545],[-114.291774,39.121508],[-114.291347,39.121445],[-114.290834,39.12134],[-114.2903,39.121186],[-114.289981,39.121077],[-114.289584,39.120926],[-114.289377,39.120831],[-114.289298,39.120795],[-114.289193,39.120747],[-114.288775,39.120532],[-114.288349,39.120278],[-114.287328,39.119582],[-114.287216,39.119506],[-114.285335,39.11821],[-114.284465,39.117655],[-114.283876,39.117318],[-114.28353,39.117143],[-114.283237,39.117011],[-114.282639,39.116793],[-114.282018,39.116591],[-114.281634,39.116484],[-114.28114,39.116365],[-114.280679,39.116281],[-114.280196,39.116215],[-114.27907,39.116127],[-114.278455,39.116059],[-114.278205,39.11602],[-114.278138,39.116006],[-114.277808,39.115935],[-114.277328,39.115805],[-114.277076,39.115723],[-114.276816,39.115627],[-114.276393,39.115447],[-114.276163,39.115338],[-114.275407,39.114955],[-114.271555,39.112927],[-114.267259,39.110664],[-114.266535,39.11029],[-114.266295,39.110166],[-114.265271,39.109609],[-114.264585,39.109258],[-114.262298,39.108022],[-114.261687,39.107626],[-114.26152,39.107503],[-114.261226,39.107258],[-114.260814,39.106843],[-114.259521,39.105473],[-114.25925,39.105197],[-114.258851,39.104842],[-114.258481,39.104563],[-114.258248,39.104416],[-114.257828,39.104167],[-114.256081,39.103146],[-114.254201,39.102075],[-114.25324,39.10154],[-114.252672,39.101224],[-114.252191,39.100986],[-114.251757,39.100814],[-114.25129,39.100663],[-114.250332,39.100413],[-114.246487,39.099404],[-114.242602,39.098385],[-114.242206,39.098278],[-114.241896,39.098168],[-114.24158,39.098055],[-114.241175,39.097894],[-114.240681,39.097671],[-114.240226,39.097449],[-114.240036,39.097343],[-114.239684,39.097145],[-114.239361,39.096926],[-114.237483,39.095683]],[[-114.498635,39.053356],[-114.493971,39.054928],[-114.490312,39.056184]],[[-119.448834,39.334174],[-119.450702,39.333486],[-119.451189,39.333307],[-119.451327,39.333256],[-119.452854,39.332692],[-119.45311,39.332598],[-119.453866,39.332319],[-119.454703,39.332013],[-119.456128,39.331479],[-119.456702,39.331267],[-119.457652,39.330916],[-119.458285,39.330685],[-119.459122,39.330379],[-119.460611,39.329834],[-119.461251,39.329601],[-119.462134,39.329291],[-119.463624,39.328726],[-119.4637,39.328697],[-119.464371,39.328445],[-119.465372,39.328064],[-119.466285,39.327743]],[[-119.445984,39.335009],[-119.445525,39.335172],[-119.444464,39.335567],[-119.443654,39.335865],[-119.44296,39.336119],[-119.442191,39.3364],[-119.441333,39.336722],[-119.440168,39.337152],[-119.438988,39.33758],[-119.438173,39.337885],[-119.437878,39.337992],[-119.43749,39.338134],[-119.436125,39.338633],[-119.435623,39.338819],[-119.435341,39.338924],[-119.433741,39.339513],[-119.433383,39.339646],[-119.432699,39.339901],[-119.43145,39.340359],[-119.43099,39.340528],[-119.430942,39.340546],[-119.430119,39.340856],[-119.429367,39.34113],[-119.428588,39.341418],[-119.428493,39.341452],[-119.428076,39.341605],[-119.427053,39.34198],[-119.426428,39.342215],[-119.425985,39.342376]],[[-119.583714,39.259501],[-119.583529,39.259681],[-119.583269,39.26004],[-119.583048,39.260347],[-119.582909,39.260542],[-119.582761,39.260746],[-119.582515,39.261094],[-119.582429,39.261216],[-119.582272,39.261434],[-119.582204,39.261528],[-119.581954,39.261866],[-119.581716,39.262175],[-119.581594,39.262328],[-119.581378,39.262599],[-119.581085,39.262946],[-119.580792,39.263275],[-119.580644,39.263435],[-119.580577,39.263507],[-119.580448,39.263644],[-119.580304,39.263798],[-119.579759,39.26436],[-119.579579,39.264528],[-119.579424,39.264672],[-119.57904,39.265033],[-119.578611,39.265427],[-119.578244,39.265754],[-119.578024,39.265937],[-119.577851,39.266075],[-119.577754,39.266148],[-119.577613,39.266262],[-119.577342,39.26647],[-119.576945,39.266757],[-119.57661,39.266988],[-119.576282,39.267196],[-119.575716,39.26755],[-119.575287,39.267818]],[[-118.940381,39.513688],[-118.940507,39.513625],[-118.940525,39.513616],[-118.941691,39.512986],[-118.941927,39.512869],[-118.942522,39.512563],[-118.942541,39.512555],[-118.942795,39.512434],[-118.942939,39.512326]],[[-118.936041,39.511602],[-118.936969,39.512092],[-118.937842,39.512502],[-118.937881,39.512522],[-118.93795,39.512558],[-118.9389,39.512999]],[[-118.94247,39.512499],[-118.942177,39.5126],[-118.941868,39.512709],[-118.941553,39.512807],[-118.941223,39.512883],[-118.940882,39.512939],[-118.940637,39.512967],[-118.940358,39.512974],[-118.939999,39.512961],[-118.939693,39.512932],[-118.939415,39.512885],[-118.939126,39.512817],[-118.938893,39.512744],[-118.938586,39.512623],[-118.937853,39.512325],[-118.937679,39.512252],[-118.937143,39.512054]],[[-119.268105,39.400289],[-119.267922,39.400404],[-119.267766,39.400488],[-119.267598,39.40056],[-119.267182,39.400707],[-119.265731,39.401235]],[[-115.994495,39.555321],[-115.998841,39.556556],[-116.007376,39.558963],[-116.008512,39.559284],[-116.014055,39.560847],[-116.017643,39.561857],[-116.02146,39.562931],[-116.023959,39.563625],[-116.027669,39.564677],[-116.033743,39.566389],[-116.043457,39.56912],[-116.043544,39.569144],[-116.057554,39.573092],[-116.058214,39.573285],[-116.05874,39.573423],[-116.059002,39.573484],[-116.059342,39.573557],[-116.059541,39.573595]],[[-119.268698,39.400368],[-119.268743,39.400379],[-119.268791,39.400385],[-119.268839,39.400384],[-119.268886,39.400378],[-119.268931,39.400367],[-119.268974,39.40035],[-119.269013,39.400328]],[[-119.268404,39.400091],[-119.268313,39.400159],[-119.268214,39.400223],[-119.268105,39.400289]],[[-119.268968,39.399942],[-119.268923,39.399926],[-119.268876,39.399915],[-119.268827,39.39991],[-119.268777,39.399912],[-119.268729,39.399919],[-119.268682,39.399933],[-119.26864,39.399952],[-119.2686,39.399977]],[[-119.270264,39.399478],[-119.270098,39.399527],[-119.269963,39.399587],[-119.269826,39.399664],[-119.269736,39.399725],[-119.269625,39.399812]],[[-119.267771,39.400733],[-119.267926,39.400619],[-119.268038,39.40054],[-119.268116,39.400476],[-119.268154,39.40045],[-119.268202,39.400423],[-119.268259,39.4004],[-119.268328,39.400379],[-119.268399,39.400367],[-119.268473,39.400359],[-119.268545,39.400357],[-119.268645,39.400346]],[[-119.269051,39.400299],[-119.269204,39.400221],[-119.269336,39.400125],[-119.269571,39.400003]],[[-119.269625,39.399812],[-119.269562,39.39985],[-119.269503,39.399883],[-119.269442,39.39991],[-119.269354,39.399933],[-119.269265,39.399947],[-119.269185,39.399953],[-119.269124,39.399952],[-119.269075,39.399952],[-119.269036,39.399949],[-119.268968,39.399942]],[[-119.909514,39.100721],[-119.909382,39.100859],[-119.909245,39.100986],[-119.909089,39.101112],[-119.90894,39.101215],[-119.908765,39.10132],[-119.908591,39.101416],[-119.908408,39.101503]],[[-119.909976,39.099967],[-119.909909,39.10012],[-119.909819,39.100288],[-119.909731,39.100433],[-119.909631,39.100576],[-119.909514,39.100721]],[[-119.910321,39.098364],[-119.910232,39.09865],[-119.910213,39.098741],[-119.910109,39.099474],[-119.910076,39.09964],[-119.910032,39.099804],[-119.909976,39.099967]],[[-119.2686,39.399977],[-119.268495,39.400025],[-119.268404,39.400091]],[[-114.874025,39.252992],[-114.87383,39.252626]],[[-119.753989,39.171233],[-119.753805,39.171281]],[[-119.753805,39.171281],[-119.753031,39.171482],[-119.751918,39.171772],[-119.751842,39.171792]],[[-119.751842,39.171792],[-119.751418,39.171902],[-119.751135,39.171976],[-119.750979,39.172017],[-119.750822,39.172061],[-119.750389,39.17218],[-119.750121,39.172248]],[[-119.750121,39.172248],[-119.749664,39.172363],[-119.749445,39.172423],[-119.748696,39.172618],[-119.748627,39.172636],[-119.748499,39.172669],[-119.748289,39.172724],[-119.74804,39.172789],[-119.747908,39.172823]],[[-119.940628,38.961404],[-119.940705,38.96129],[-119.940801,38.961149],[-119.941019,38.960828],[-119.941342,38.960354]],[[-119.723853,39.180304],[-119.723686,39.180377],[-119.723588,39.180422],[-119.723295,39.18054],[-119.722717,39.180787],[-119.721795,39.181194]],[[-119.265885,39.401405],[-119.266073,39.401337],[-119.266355,39.40123],[-119.266502,39.401192],[-119.266638,39.401156],[-119.266772,39.401118],[-119.266903,39.401086],[-119.267013,39.401062],[-119.267125,39.401034],[-119.267225,39.401009],[-119.267325,39.400976],[-119.267407,39.400945],[-119.267479,39.40091],[-119.267556,39.400868],[-119.26764,39.400817],[-119.267771,39.400733]],[[-119.948566,39.046287],[-119.948546,39.04618],[-119.948497,39.045983]],[[-119.90965,39.100793],[-119.90977,39.10064],[-119.909875,39.10049],[-119.909967,39.100339],[-119.910058,39.100162],[-119.910121,39.100004],[-119.910171,39.099838],[-119.910211,39.099669],[-119.910262,39.0993]],[[-118.734451,39.474964],[-118.736027,39.474969],[-118.739501,39.474975],[-118.745229,39.474934],[-118.750054,39.474886],[-118.751219,39.474879],[-118.754372,39.47484]],[[-118.690202,39.474803],[-118.690653,39.474886],[-118.691163,39.474981],[-118.691559,39.475031],[-118.691908,39.475064]],[[-119.948384,39.046917],[-119.948485,39.046746]],[[-114.868896,39.243059],[-114.868778,39.242822],[-114.868553,39.242398],[-114.868284,39.241903],[-114.867998,39.241375],[-114.867774,39.241078]],[[-114.869272,39.243937],[-114.869179,39.243632],[-114.868995,39.243263],[-114.868931,39.243133]],[[-114.868779,39.243134],[-114.868858,39.243289],[-114.868987,39.24355],[-114.869051,39.243671],[-114.869272,39.243937]],[[-119.223898,39.416682],[-119.224047,39.416621],[-119.224193,39.416556],[-119.224338,39.416486],[-119.22448,39.416413],[-119.224538,39.416386],[-119.2246,39.416365],[-119.224666,39.416351],[-119.224735,39.416344],[-119.224815,39.416349]],[[-119.224718,39.416198],[-119.224616,39.416265],[-119.22451,39.416328],[-119.224395,39.416389],[-119.224277,39.416444],[-119.224195,39.416489],[-119.224116,39.416535],[-119.224005,39.416607],[-119.223953,39.416646],[-119.223898,39.416682]],[[-119.225986,39.41588],[-119.226441,39.415707],[-119.226696,39.41561],[-119.228624,39.41492],[-119.230478,39.414255],[-119.231532,39.413868],[-119.232291,39.413593],[-119.23318,39.413266],[-119.234093,39.412932],[-119.237297,39.411763],[-119.238748,39.411248],[-119.240028,39.410797],[-119.241113,39.410412],[-119.242899,39.409782],[-119.2445,39.40922],[-119.245967,39.408687],[-119.246059,39.408653],[-119.249224,39.407502],[-119.250281,39.407117],[-119.254206,39.405689],[-119.259004,39.403933],[-119.265885,39.401405]],[[-119.231459,39.413758],[-119.230791,39.414004],[-119.228546,39.414832],[-119.227565,39.415178],[-119.227195,39.415309],[-119.227046,39.415341],[-119.226899,39.41538],[-119.226723,39.415435],[-119.226636,39.415466],[-119.226551,39.415499],[-119.226437,39.415549],[-119.226356,39.415589],[-119.226327,39.415604],[-119.226221,39.415663],[-119.22606,39.415744],[-119.225892,39.415817]],[[-119.22484,39.416364],[-119.224898,39.416384],[-119.224951,39.416392],[-119.225004,39.416392],[-119.225056,39.416383],[-119.225105,39.416365],[-119.225148,39.41634],[-119.225183,39.416309],[-119.225209,39.416273],[-119.225225,39.416234]],[[-119.305916,39.386448],[-119.298335,39.389233],[-119.296618,39.389867],[-119.295473,39.390272],[-119.292748,39.391287],[-119.287044,39.393412],[-119.284548,39.394344],[-119.284394,39.394399],[-119.281784,39.39536],[-119.279888,39.396059],[-119.279308,39.396273],[-119.277738,39.396844],[-119.277093,39.397079],[-119.274322,39.39809],[-119.274003,39.398204],[-119.272175,39.398856],[-119.271234,39.399202],[-119.270765,39.399359],[-119.270264,39.399478]],[[-119.314865,39.383459],[-119.315149,39.383354],[-119.324416,39.379941],[-119.326876,39.379082]],[[-119.326876,39.379082],[-119.332007,39.377174],[-119.342511,39.373276],[-119.345551,39.372159],[-119.355263,39.368589]],[[-119.355263,39.368589],[-119.360991,39.366521],[-119.363537,39.365585],[-119.365603,39.364826],[-119.365787,39.364758],[-119.368139,39.363891],[-119.368954,39.363593],[-119.370441,39.363039],[-119.372045,39.36246],[-119.374849,39.361434]],[[-119.365696,39.364566],[-119.362418,39.365777],[-119.357268,39.367618],[-119.357183,39.367648],[-119.355163,39.36837],[-119.35198,39.369529],[-119.349761,39.370336],[-119.347431,39.371192],[-119.331861,39.37691],[-119.328943,39.377981],[-119.316836,39.382427],[-119.316194,39.382663],[-119.315852,39.382789],[-119.311236,39.384489],[-119.305916,39.386448]],[[-119.374849,39.361434],[-119.374993,39.361382],[-119.376269,39.360913],[-119.377581,39.360432],[-119.379654,39.359663],[-119.381392,39.359024]],[[-119.720504,39.18179],[-119.720247,39.1819],[-119.719193,39.182306],[-119.718495,39.182607],[-119.718406,39.182645],[-119.716917,39.18326],[-119.715737,39.183759],[-119.715424,39.183891],[-119.714691,39.184193],[-119.714677,39.184199],[-119.714449,39.184294],[-119.714124,39.184429],[-119.713935,39.184508],[-119.712919,39.184932],[-119.712715,39.185017],[-119.712565,39.185079],[-119.711723,39.185429],[-119.711166,39.185658],[-119.710686,39.185867],[-119.710495,39.18594],[-119.709923,39.18618],[-119.709637,39.186304],[-119.708836,39.186637],[-119.708283,39.186867],[-119.707915,39.18702],[-119.707062,39.187374],[-119.706652,39.187542],[-119.706061,39.187788],[-119.705507,39.188019],[-119.705452,39.188042],[-119.705064,39.188204],[-119.703891,39.188693],[-119.703766,39.188744]],[[-118.310095,39.273774],[-118.311236,39.273575],[-118.311275,39.273568],[-118.313697,39.273167],[-118.318383,39.272392],[-118.320012,39.272245],[-118.320791,39.272244],[-118.322344,39.272378],[-118.323824,39.272686],[-118.326609,39.273384],[-118.328596,39.273879],[-118.330834,39.274367],[-118.333263,39.274764],[-118.335759,39.275025],[-118.338076,39.275144],[-118.339172,39.275159],[-118.341537,39.275105],[-118.342756,39.275026],[-118.343756,39.274936],[-118.344006,39.274913],[-118.346167,39.274636],[-118.349485,39.274007],[-118.357572,39.272373],[-118.358491,39.27218],[-118.360078,39.271743],[-118.361988,39.271036],[-118.362884,39.270626],[-118.363794,39.270143],[-118.365263,39.269228],[-118.365983,39.268696],[-118.367718,39.267379],[-118.368389,39.266908],[-118.369687,39.266195],[-118.371119,39.265639],[-118.372587,39.265268],[-118.375884,39.264529],[-118.377711,39.264209],[-118.37975,39.264037],[-118.381556,39.264063],[-118.383379,39.264255],[-118.384238,39.264398],[-118.386186,39.264856],[-118.388647,39.265477],[-118.391275,39.266143],[-118.397014,39.267599],[-118.399385,39.268276],[-118.40051,39.268653],[-118.402691,39.269492],[-118.404989,39.270549],[-118.41306,39.274649],[-118.413166,39.274703]],[[-119.650436,39.219439],[-119.650194,39.219473],[-119.65003,39.219496],[-119.649898,39.219518],[-119.649781,39.219545],[-119.649643,39.219576],[-119.649023,39.219738],[-119.648657,39.21983],[-119.647516,39.220116],[-119.645922,39.220521],[-119.645241,39.220691],[-119.644698,39.220826],[-119.644409,39.220898],[-119.642976,39.221261],[-119.641362,39.221676],[-119.640937,39.221786],[-119.640128,39.221999],[-119.63903,39.222288],[-119.638594,39.222408],[-119.637717,39.222641],[-119.636835,39.222873],[-119.636464,39.222968],[-119.636132,39.223042],[-119.635728,39.223125],[-119.635241,39.22321],[-119.634738,39.223283],[-119.634083,39.223365],[-119.633437,39.22343],[-119.632908,39.22347],[-119.632382,39.22349],[-119.631814,39.223507],[-119.631069,39.223507],[-119.630166,39.223472],[-119.629352,39.223413],[-119.628349,39.22331],[-119.625903,39.223037],[-119.624583,39.22287]],[[-119.624558,39.222957],[-119.62567,39.223093],[-119.626252,39.22316],[-119.627275,39.223268],[-119.628263,39.223376],[-119.62876,39.223432],[-119.62948,39.223501],[-119.629975,39.223535],[-119.630898,39.223577],[-119.631255,39.223584],[-119.631781,39.223584],[-119.632227,39.223572],[-119.632653,39.223556],[-119.633228,39.223527],[-119.633814,39.223477],[-119.634593,39.22338],[-119.634943,39.22333],[-119.63546,39.223245],[-119.636011,39.223141],[-119.636421,39.223062],[-119.636672,39.223003],[-119.637676,39.222757],[-119.638424,39.222572],[-119.638615,39.222521],[-119.640116,39.222118],[-119.640918,39.221903],[-119.641361,39.221793],[-119.643074,39.221365],[-119.644252,39.221071],[-119.646386,39.220528],[-119.646862,39.220407],[-119.649307,39.219782],[-119.649357,39.219769],[-119.64982,39.21965],[-119.649931,39.219621],[-119.650109,39.219563],[-119.650436,39.219439]],[[-119.907706,39.101798],[-119.9078,39.101808],[-119.907869,39.1018],[-119.908068,39.101747],[-119.908284,39.101678],[-119.908394,39.101637],[-119.908484,39.101603],[-119.908679,39.101514],[-119.908862,39.101416],[-119.90904,39.101306],[-119.909204,39.101194],[-119.909364,39.101068],[-119.909509,39.100937],[-119.90965,39.100793]],[[-119.908408,39.101503],[-119.908211,39.101585],[-119.908019,39.10165],[-119.907818,39.10171],[-119.907757,39.101733],[-119.907706,39.101798]],[[-119.907706,39.101798],[-119.907459,39.10185],[-119.907186,39.101889],[-119.906145,39.102018],[-119.905901,39.102052],[-119.905654,39.102099],[-119.905383,39.102164],[-119.905056,39.10226],[-119.904611,39.102414],[-119.90328,39.102903],[-119.903026,39.102986],[-119.902843,39.103044],[-119.902631,39.1031],[-119.902387,39.103155],[-119.90203,39.10323],[-119.899818,39.103627],[-119.899354,39.103717],[-119.899013,39.103789],[-119.898536,39.103898],[-119.897965,39.104026],[-119.897428,39.104148],[-119.896867,39.104275],[-119.896716,39.104309],[-119.896481,39.104362],[-119.895638,39.104558],[-119.895313,39.10463]],[[-117.879691,39.305543],[-117.87956,39.305622],[-117.879431,39.30568],[-117.87906,39.305823],[-117.878601,39.305922],[-117.878166,39.305957],[-117.877742,39.305931],[-117.87749,39.305888],[-117.877196,39.305808],[-117.876826,39.305646],[-117.876524,39.305472],[-117.876239,39.305248],[-117.876005,39.305023],[-117.87436,39.303139],[-117.874116,39.302896],[-117.87374,39.30263],[-117.873379,39.302444],[-117.873057,39.302296],[-117.872586,39.302135],[-117.872269,39.302025],[-117.871953,39.301894],[-117.871622,39.301734],[-117.871319,39.301552],[-117.871032,39.301347],[-117.869592,39.300261],[-117.869104,39.299833],[-117.867098,39.298309],[-117.866102,39.297534],[-117.865623,39.297103],[-117.865328,39.296781],[-117.864988,39.296392],[-117.864842,39.296183],[-117.864558,39.295739],[-117.86436,39.295342],[-117.86424,39.294953],[-117.864162,39.294632],[-117.864096,39.294267],[-117.864029,39.293906],[-117.863986,39.293715],[-117.863907,39.293392],[-117.86379,39.293076],[-117.86373,39.292941],[-117.863548,39.292595],[-117.863366,39.292283],[-117.863164,39.291972],[-117.862838,39.291466],[-117.862713,39.291245],[-117.862567,39.290972],[-117.862305,39.29039],[-117.862028,39.289761],[-117.861767,39.289173],[-117.861316,39.288178],[-117.860397,39.286142],[-117.860032,39.285322],[-117.859387,39.283905],[-117.859154,39.283348],[-117.85784,39.280394],[-117.857277,39.279125],[-117.857118,39.278742],[-117.85551,39.275168],[-117.855384,39.274921],[-117.855283,39.274746],[-117.85513,39.274501],[-117.854953,39.274257],[-117.854654,39.27392],[-117.854326,39.273609]],[[-118.937143,39.512054],[-118.936041,39.511602]],[[-119.225148,39.416052],[-119.225128,39.416041],[-119.225099,39.416023],[-119.22505,39.416007],[-119.224997,39.415999],[-119.224944,39.415999],[-119.224891,39.416008],[-119.224843,39.416026],[-119.2248,39.41605],[-119.224765,39.416081],[-119.224739,39.416118],[-119.224723,39.416157],[-119.224718,39.416198]],[[-118.754372,39.47484],[-118.756314,39.474815]],[[-118.656378,39.414246],[-118.658563,39.418817],[-118.663994,39.430011],[-118.664416,39.430878],[-118.666813,39.435806]],[[-117.088719,39.501487],[-117.088947,39.501512],[-117.08936,39.501543],[-117.090024,39.501571],[-117.090833,39.501598],[-117.094225,39.501702]],[[-117.083845,39.500589],[-117.084455,39.500703],[-117.086305,39.501061],[-117.08745,39.501282],[-117.087984,39.501377],[-117.088362,39.501441],[-117.088719,39.501487]],[[-115.990652,39.55409],[-115.990808,39.554152]],[[-115.962581,39.516582],[-115.962617,39.516667],[-115.962771,39.517034],[-115.963263,39.518208],[-115.964246,39.520528],[-115.964734,39.521761]],[[-115.96549,39.52359],[-115.965547,39.523737],[-115.9658,39.524327],[-115.965951,39.524703],[-115.9664,39.525764],[-115.966627,39.526335]],[[-115.964734,39.521761],[-115.96549,39.52359]],[[-115.960122,39.50864],[-115.960031,39.508114],[-115.959973,39.507776],[-115.95993,39.507494],[-115.959897,39.507202],[-115.959886,39.506953],[-115.959875,39.506663],[-115.959875,39.506654],[-115.959871,39.506561],[-115.959865,39.506385],[-115.95986,39.506218],[-115.959856,39.506054],[-115.959854,39.505953]],[[-115.959854,39.505953],[-115.959846,39.505661],[-115.959835,39.505525],[-115.959825,39.505421],[-115.959801,39.505216],[-115.959764,39.504962],[-115.959708,39.504671],[-115.95964,39.504344],[-115.959466,39.503636],[-115.959319,39.503],[-115.959184,39.502382],[-115.958853,39.500917]],[[-115.954433,39.493224],[-115.954951,39.493504],[-115.955325,39.493715],[-115.955573,39.493865],[-115.955775,39.494],[-115.956097,39.494232],[-115.956313,39.494417],[-115.956599,39.494677],[-115.956804,39.494882],[-115.957036,39.495154],[-115.957252,39.495437],[-115.957329,39.495566],[-115.957428,39.495722],[-115.957519,39.495866],[-115.957714,39.496234],[-115.957856,39.496581],[-115.957957,39.496899],[-115.957992,39.497062],[-115.958142,39.497683],[-115.958216,39.498034],[-115.958305,39.498458],[-115.95842,39.498965],[-115.958467,39.499175],[-115.958548,39.49957],[-115.958614,39.499888],[-115.958673,39.500138],[-115.958802,39.500682]],[[-115.950347,39.49079],[-115.950723,39.491107],[-115.950948,39.491277],[-115.951133,39.491408],[-115.951304,39.491516],[-115.951519,39.491645],[-115.951751,39.491771],[-115.952,39.491916],[-115.952284,39.492075],[-115.954433,39.493224]],[[-115.646746,39.418839],[-115.653254,39.419688],[-115.65435,39.419841],[-115.655338,39.419965],[-115.655927,39.420037],[-115.656427,39.420085],[-115.656904,39.420125],[-115.65734,39.420139],[-115.65781,39.420152],[-115.658278,39.420156],[-115.65866,39.420154],[-115.659133,39.420135],[-115.659625,39.420119],[-115.66023,39.420082],[-115.661042,39.419987],[-115.66199,39.419846],[-115.673891,39.417801],[-115.673978,39.417786],[-115.676092,39.417418],[-115.676915,39.417275],[-115.678185,39.417053],[-115.678864,39.416939],[-115.679278,39.416869],[-115.679995,39.416765],[-115.680433,39.416708],[-115.681013,39.41665],[-115.687321,39.41598]],[[-115.687321,39.41598],[-115.687759,39.415913],[-115.688167,39.415845],[-115.688559,39.415753],[-115.688887,39.415652],[-115.689211,39.415557],[-115.689492,39.415447],[-115.68971,39.415363],[-115.689972,39.415245],[-115.690218,39.41513],[-115.690461,39.415],[-115.690769,39.414811],[-115.690989,39.414663],[-115.691246,39.414481],[-115.69159,39.41419],[-115.691758,39.414028],[-115.691947,39.413841],[-115.692956,39.412851]],[[-115.508422,39.391886],[-115.525813,39.394288]],[[-115.505252,39.391449],[-115.507936,39.391819],[-115.508422,39.391886]],[[-115.493178,39.39058],[-115.49347,39.390834],[-115.493813,39.391134],[-115.494029,39.391296],[-115.494223,39.391419],[-115.494451,39.391527],[-115.494701,39.391611],[-115.494961,39.391672],[-115.495227,39.391701],[-115.495488,39.391711],[-115.495864,39.391687],[-115.500598,39.391184],[-115.5016,39.391084],[-115.502039,39.391076],[-115.50241,39.391086],[-115.503029,39.391142],[-115.505252,39.391449]],[[-115.488371,39.392646],[-115.488479,39.392502],[-115.488584,39.392394],[-115.488708,39.392311],[-115.488887,39.392222],[-115.489606,39.391921],[-115.489791,39.391803],[-115.489902,39.391733],[-115.490018,39.391606],[-115.490106,39.391493],[-115.490205,39.391271],[-115.490344,39.390754],[-115.490439,39.390417],[-115.490489,39.390274],[-115.490571,39.390132],[-115.490678,39.389998],[-115.490831,39.389855],[-115.491004,39.389764],[-115.491201,39.3897],[-115.491447,39.389677],[-115.49167,39.38967],[-115.491876,39.3897],[-115.49211,39.389775],[-115.492303,39.38987],[-115.492431,39.389948],[-115.492563,39.390049],[-115.493178,39.39058]],[[-115.48504,39.394631],[-115.486117,39.39496],[-115.486303,39.395004],[-115.486515,39.39502],[-115.486661,39.395018],[-115.486862,39.394996],[-115.487042,39.394947],[-115.487216,39.394865],[-115.487353,39.394778],[-115.487515,39.394627],[-115.487625,39.394464],[-115.487836,39.394085],[-115.488371,39.392646]],[[-115.48375,39.394592],[-115.484053,39.394549],[-115.484316,39.394537],[-115.484568,39.394549],[-115.484788,39.394574],[-115.48504,39.394631]],[[-115.478995,39.395319],[-115.48375,39.394592]],[[-115.476543,39.396373],[-115.476828,39.396164],[-115.477153,39.395947],[-115.477356,39.395826],[-115.477627,39.395702],[-115.477916,39.395578],[-115.478224,39.395481],[-115.47854,39.395401],[-115.478995,39.395319]],[[-115.475021,39.397738],[-115.476543,39.396373]],[[-115.471534,39.398196],[-115.472182,39.398391],[-115.472615,39.398474],[-115.472885,39.398501],[-115.473153,39.398509],[-115.473376,39.398494],[-115.473651,39.398441],[-115.473979,39.398361],[-115.474262,39.398253],[-115.474536,39.398112],[-115.474582,39.39808],[-115.474767,39.397951],[-115.475021,39.397738]],[[-115.447245,39.387385],[-115.448587,39.388498],[-115.448886,39.388724],[-115.449195,39.388916],[-115.449473,39.389068],[-115.449707,39.389185],[-115.450145,39.389372],[-115.456507,39.391997],[-115.456882,39.392176],[-115.457172,39.392327],[-115.457342,39.392425],[-115.458621,39.393168],[-115.459403,39.393622],[-115.463295,39.39588],[-115.463956,39.396234],[-115.464328,39.396419],[-115.464658,39.396557],[-115.464957,39.396671],[-115.465261,39.396765],[-115.465558,39.396862],[-115.465981,39.396969],[-115.466565,39.397101],[-115.467252,39.397224],[-115.467899,39.397327],[-115.468712,39.397456],[-115.46924,39.397554],[-115.469733,39.397662],[-115.471534,39.398196]],[[-115.446028,39.38669],[-115.446278,39.386787],[-115.446559,39.386918],[-115.446778,39.387042],[-115.447003,39.387199],[-115.447245,39.387385]],[[-115.392459,39.349983],[-115.394383,39.353086],[-115.394609,39.353451],[-115.396111,39.355891],[-115.397965,39.358927],[-115.39814,39.359212],[-115.399703,39.361766],[-115.399778,39.361891],[-115.401107,39.364063],[-115.401378,39.364476],[-115.401553,39.364737],[-115.401787,39.365042],[-115.402014,39.365313],[-115.402324,39.365631],[-115.402442,39.365742],[-115.402675,39.365963],[-115.403272,39.366469],[-115.403476,39.366618],[-115.403572,39.366689],[-115.403875,39.366891],[-115.404227,39.367115],[-115.404624,39.367328],[-115.404986,39.367526],[-115.405276,39.367661],[-115.40556,39.367793],[-115.405863,39.367917],[-115.406236,39.368062],[-115.411152,39.369837],[-115.414006,39.370848],[-115.414306,39.370967],[-115.414514,39.371063],[-115.414716,39.37117],[-115.414904,39.371287],[-115.415088,39.371428],[-115.415344,39.371645],[-115.415498,39.37181],[-115.415674,39.37203],[-115.41586,39.372295],[-115.417066,39.374243],[-115.417568,39.374977],[-115.417869,39.375372],[-115.418226,39.375812],[-115.418563,39.37621],[-115.41888,39.376543],[-115.419315,39.376976],[-115.419678,39.377318],[-115.419955,39.377553],[-115.420195,39.377762],[-115.42215,39.379247],[-115.422391,39.37945],[-115.422574,39.379629],[-115.422705,39.37979],[-115.422766,39.379866],[-115.422933,39.380114],[-115.423215,39.380581],[-115.423401,39.380868],[-115.423523,39.381043],[-115.423656,39.381181],[-115.423826,39.381335],[-115.42398,39.381472],[-115.424225,39.381639],[-115.424427,39.381763],[-115.424753,39.381926],[-115.42489,39.381988],[-115.425612,39.382316],[-115.426277,39.382618],[-115.426465,39.382703],[-115.426795,39.382834],[-115.427071,39.38292],[-115.427375,39.382997],[-115.427641,39.383051],[-115.42793,39.383083],[-115.428256,39.383094],[-115.428545,39.383083],[-115.428839,39.383058],[-115.429175,39.383012],[-115.430317,39.382785],[-115.43067,39.382734],[-115.431019,39.38271],[-115.431359,39.382707],[-115.431772,39.382714],[-115.436752,39.382864],[-115.437184,39.382895],[-115.437455,39.38293],[-115.437724,39.382978],[-115.437956,39.383044],[-115.4382,39.383122],[-115.438433,39.383221],[-115.438711,39.383359],[-115.438915,39.38348],[-115.440317,39.384433],[-115.440632,39.384619],[-115.440985,39.384797],[-115.441493,39.385025],[-115.441775,39.385141],[-115.442092,39.385261],[-115.446028,39.38669]],[[-115.39021,39.348565],[-115.390513,39.348636],[-115.390804,39.348726],[-115.391074,39.348834],[-115.391348,39.348978],[-115.391564,39.349105],[-115.391788,39.349264],[-115.391954,39.349403],[-115.392151,39.349588],[-115.392312,39.34978],[-115.392459,39.349983]],[[-115.387524,39.348009],[-115.39021,39.348565]],[[-115.386119,39.348204],[-115.386262,39.348118],[-115.386445,39.348047],[-115.386606,39.347997],[-115.386838,39.347967],[-115.387042,39.347955],[-115.387272,39.347966],[-115.387524,39.348009]],[[-115.379725,39.34929],[-115.381171,39.349641],[-115.38151,39.349694],[-115.3818,39.349741],[-115.38202,39.349751],[-115.382344,39.349761],[-115.382644,39.349748],[-115.382942,39.349719],[-115.383241,39.349673],[-115.38359,39.349595],[-115.383934,39.349505],[-115.384374,39.349331],[-115.384669,39.34918],[-115.385033,39.348966],[-115.386119,39.348204]],[[-115.378342,39.349616],[-115.378485,39.349478],[-115.378621,39.34939],[-115.378775,39.349314],[-115.378919,39.349276],[-115.37911,39.349241],[-115.379307,39.349236],[-115.379515,39.349254],[-115.379725,39.34929]],[[-115.37018,39.351944],[-115.371651,39.351855],[-115.372574,39.351777],[-115.374491,39.351586],[-115.375754,39.351424],[-115.376062,39.351404],[-115.376331,39.351384],[-115.376597,39.351345],[-115.376809,39.351288],[-115.376986,39.351216],[-115.377232,39.351093],[-115.377434,39.350966],[-115.377593,39.350838],[-115.377717,39.350707],[-115.377851,39.350512],[-115.377944,39.350347],[-115.378342,39.349616]],[[-115.307092,39.369446],[-115.310547,39.367637],[-115.316841,39.364349],[-115.320162,39.362604],[-115.321593,39.361865],[-115.321971,39.36168],[-115.322418,39.361488]],[[-115.322418,39.361488],[-115.322707,39.361385],[-115.323048,39.361263],[-115.32357,39.36109],[-115.324861,39.360705],[-115.325654,39.360456],[-115.326455,39.360191],[-115.326808,39.360079],[-115.327214,39.359929],[-115.327663,39.359733],[-115.328037,39.359571],[-115.328401,39.359392],[-115.328771,39.359194],[-115.329082,39.359012],[-115.329431,39.358785],[-115.331046,39.357661],[-115.331517,39.357331],[-115.331903,39.357104],[-115.332237,39.356939],[-115.332588,39.356779],[-115.333,39.356609],[-115.333413,39.356472],[-115.333845,39.356357],[-115.334325,39.356248],[-115.334766,39.356164],[-115.335344,39.356102],[-115.336822,39.355949]],[[-114.89849,39.247257],[-114.898617,39.247264],[-114.899088,39.247322],[-114.899385,39.247377],[-114.8997,39.24744],[-114.899974,39.247473],[-114.900288,39.247484],[-114.900594,39.247476],[-114.900756,39.247457],[-114.900967,39.247433],[-114.90107,39.24741],[-114.901272,39.247366],[-114.901651,39.247242],[-114.902225,39.246991],[-114.90304,39.246614],[-114.903269,39.246528],[-114.903615,39.24644],[-114.903967,39.246383],[-114.904133,39.246381],[-114.904543,39.246402],[-114.904913,39.246445],[-114.905181,39.246508],[-114.905261,39.246533],[-114.905509,39.246613],[-114.905704,39.246689],[-114.905868,39.246768],[-114.906021,39.246849],[-114.906228,39.246961],[-114.906488,39.247148],[-114.906723,39.247358],[-114.906857,39.247514],[-114.907288,39.248076]],[[-114.912443,39.252155],[-114.913002,39.252521],[-114.913768,39.253041],[-114.914426,39.253483],[-114.914501,39.253536],[-114.914597,39.253604],[-114.914947,39.253808],[-114.915344,39.254009],[-114.915729,39.254178],[-114.916108,39.254315],[-114.916523,39.254444]],[[-114.907288,39.248076],[-114.907978,39.248947],[-114.908256,39.249232],[-114.908426,39.249415],[-114.908661,39.249633],[-114.908943,39.249848],[-114.909242,39.250088],[-114.909657,39.250322],[-114.910098,39.25061],[-114.910617,39.250925],[-114.912443,39.252155]],[[-114.879081,39.252253],[-114.879657,39.251936]],[[-114.860876,39.227967],[-114.861137,39.228457],[-114.861379,39.228906],[-114.861875,39.229843],[-114.861941,39.229968],[-114.862074,39.230218],[-114.863077,39.23213],[-114.863793,39.233491],[-114.863881,39.233649]],[[-114.857614,39.221752],[-114.858266,39.223],[-114.858353,39.223153],[-114.859288,39.224933],[-114.860597,39.227435],[-114.860876,39.227967]],[[-114.828246,39.181148],[-114.828873,39.181998],[-114.829146,39.182359],[-114.831073,39.184922],[-114.831822,39.185909],[-114.833468,39.188078],[-114.833861,39.188641],[-114.833958,39.188764],[-114.834131,39.188988],[-114.83544,39.19073],[-114.839857,39.196525]],[[-114.680623,39.021643],[-114.682857,39.021007],[-114.683184,39.020922],[-114.683605,39.02085],[-114.684138,39.020806],[-114.68462,39.020798],[-114.684919,39.020809],[-114.685108,39.020825],[-114.685266,39.020841],[-114.685595,39.020885],[-114.686073,39.020984],[-114.686382,39.021067],[-114.686599,39.021134],[-114.687002,39.021284],[-114.687325,39.021436],[-114.687664,39.021611],[-114.688088,39.021893],[-114.688269,39.022029],[-114.688524,39.022251],[-114.688886,39.022631],[-114.689213,39.023061],[-114.689414,39.023379],[-114.690465,39.025192],[-114.691188,39.026416],[-114.691398,39.026789],[-114.692033,39.02784],[-114.692372,39.028406]],[[-114.670136,39.025641],[-114.670695,39.025308],[-114.671764,39.024679],[-114.672521,39.024227],[-114.672892,39.024036],[-114.673474,39.023772],[-114.674078,39.023528],[-114.674583,39.023361],[-114.675054,39.023225],[-114.675106,39.023209],[-114.67541,39.023116],[-114.676647,39.022762],[-114.6785,39.022254],[-114.680623,39.021643]],[[-119.771179,39.126512],[-119.771259,39.126438],[-119.771293,39.12639],[-119.771308,39.126351],[-119.771543,39.124973],[-119.771548,39.124882]],[[-114.868931,39.243133],[-114.868896,39.243059]],[[-115.990808,39.554152],[-115.991049,39.554249],[-115.991319,39.554358],[-115.992039,39.554613],[-115.994495,39.555321]],[[-119.766727,39.153375],[-119.766695,39.153423],[-119.766683,39.153476],[-119.766693,39.15353],[-119.766723,39.153579],[-119.766762,39.153612],[-119.766815,39.153639],[-119.766876,39.153653],[-119.76694,39.153653],[-119.767002,39.15364],[-119.767056,39.153614],[-119.767094,39.153582],[-119.767121,39.153543],[-119.767135,39.153501],[-119.767135,39.153457],[-119.767121,39.153414],[-119.767094,39.153376],[-119.767052,39.153342],[-119.767,39.153317],[-119.766942,39.153304],[-119.766881,39.153304]],[[-119.766762,39.153612],[-119.766837,39.153769],[-119.766902,39.153933],[-119.76696,39.154076],[-119.766996,39.154202],[-119.767019,39.154341],[-119.767072,39.154407]],[[-119.767134,39.154261],[-119.767123,39.154185],[-119.7671,39.154087],[-119.767066,39.153986],[-119.767037,39.153897],[-119.76702,39.153841],[-119.767013,39.153781],[-119.767018,39.153752],[-119.767029,39.153704],[-119.767056,39.153614]],[[-119.767072,39.154407],[-119.767128,39.154347],[-119.767134,39.154261]],[[-119.767071,39.154543],[-119.767072,39.154407]],[[-119.76707,39.154593],[-119.767071,39.154543]],[[-115.967664,39.52882],[-115.967721,39.528941],[-115.968024,39.52968],[-115.968159,39.529994],[-115.968318,39.530384],[-115.968463,39.530727],[-115.968639,39.531109],[-115.968807,39.531506],[-115.969042,39.532015],[-115.969275,39.532468],[-115.969607,39.533055],[-115.969617,39.533074]],[[-119.939947,38.962397],[-119.940384,38.961759],[-119.940552,38.961515],[-119.940628,38.961404]],[[-119.225892,39.415817],[-119.22572,39.415883],[-119.225416,39.416024],[-119.225369,39.416038],[-119.225319,39.416048],[-119.225268,39.416053],[-119.225204,39.416054],[-119.225148,39.416052]],[[-119.225225,39.416234],[-119.225273,39.416196],[-119.225325,39.41616],[-119.225407,39.416112],[-119.225496,39.41607],[-119.225619,39.416019],[-119.225986,39.41588]],[[-119.935665,38.968728],[-119.9357,38.968663],[-119.935793,38.968504]],[[-119.935793,38.968504],[-119.935885,38.968364],[-119.935989,38.968208],[-119.936111,38.968037]],[[-119.224815,39.416349],[-119.22484,39.416364]],[[-119.941342,38.960354],[-119.941379,38.9603],[-119.941439,38.960212],[-119.942058,38.959276],[-119.942075,38.959249]],[[-118.756314,39.474815],[-118.76031,39.474854]],[[-118.76031,39.474854],[-118.761329,39.474882],[-118.762262,39.474894]],[[-118.768299,39.474923],[-118.768868,39.474921]],[[-118.77918,39.474885],[-118.779694,39.474883],[-118.780241,39.474881],[-118.78094,39.474878]],[[-117.074329,39.494903],[-117.074447,39.495199],[-117.074507,39.495304],[-117.074569,39.495386],[-117.074665,39.495481],[-117.074748,39.495549],[-117.07486,39.495625],[-117.074973,39.495694],[-117.075151,39.495789]],[[-117.060062,39.49013],[-117.059962,39.490011],[-117.059842,39.489858],[-117.059767,39.489737],[-117.059702,39.489617],[-117.059629,39.489469],[-117.059318,39.488782],[-117.059272,39.488692],[-117.059229,39.488593],[-117.059197,39.488471],[-117.059181,39.48841],[-117.059174,39.488352],[-117.059179,39.488281],[-117.059196,39.488232],[-117.059221,39.488177],[-117.059263,39.488128],[-117.05933,39.488077],[-117.05941,39.488032],[-117.059499,39.487992],[-117.059595,39.487969],[-117.059686,39.487962],[-117.05981,39.487969],[-117.059912,39.487996],[-117.059988,39.488034],[-117.060052,39.488079],[-117.060123,39.488135],[-117.060183,39.488199],[-117.060245,39.488294],[-117.060379,39.48858],[-117.060449,39.488765],[-117.060528,39.488906],[-117.060575,39.488985],[-117.060595,39.489018],[-117.060638,39.489072],[-117.060698,39.489129],[-117.060759,39.489176],[-117.060816,39.48921],[-117.060885,39.489244],[-117.060956,39.489269],[-117.061039,39.489294],[-117.061122,39.489311],[-117.061193,39.489323],[-117.061508,39.489347],[-117.061827,39.489372],[-117.061997,39.489377],[-117.062296,39.489387],[-117.062587,39.489392],[-117.062624,39.48939],[-117.062794,39.48938],[-117.062986,39.489369],[-117.063157,39.489345],[-117.064162,39.489157],[-117.064791,39.489036],[-117.065022,39.48901],[-117.065234,39.488992],[-117.065391,39.488996],[-117.065672,39.489005],[-117.065859,39.489037],[-117.066044,39.48907]],[[-114.865885,39.237458],[-114.866153,39.237976],[-114.866361,39.238377],[-114.866529,39.238711],[-114.866646,39.238931]],[[-115.966627,39.526335],[-115.967121,39.527485],[-115.967506,39.528412],[-115.967664,39.52882]],[[-115.958853,39.500917],[-115.958802,39.500682]],[[-114.582468,39.024973],[-114.582648,39.024946],[-114.583061,39.024915],[-114.583114,39.024914],[-114.584147,39.024902],[-114.584787,39.024933],[-114.58539,39.024991],[-114.586197,39.025121],[-114.586423,39.025175],[-114.586907,39.025289],[-114.588382,39.025703],[-114.589064,39.025848],[-114.589519,39.025921],[-114.590202,39.026002],[-114.590422,39.02602],[-114.591107,39.026057],[-114.591963,39.026116],[-114.592387,39.026152],[-114.592846,39.026215],[-114.593353,39.026302],[-114.594356,39.026508],[-114.594817,39.02659],[-114.595342,39.026655],[-114.596073,39.026688],[-114.596769,39.02673],[-114.597069,39.026772],[-114.597353,39.026841],[-114.597824,39.026991],[-114.598189,39.027161],[-114.598535,39.02738],[-114.598671,39.027486],[-114.598825,39.027629],[-114.599087,39.027901],[-114.599275,39.02818],[-114.599387,39.028385],[-114.599491,39.028645],[-114.599564,39.028887],[-114.59959,39.029137],[-114.599588,39.02944],[-114.599551,39.029675],[-114.599428,39.030245],[-114.599389,39.030531],[-114.599378,39.030804],[-114.599388,39.03101],[-114.599418,39.031264],[-114.599505,39.031545],[-114.599588,39.031709],[-114.599681,39.031887],[-114.599749,39.031997],[-114.599934,39.032249],[-114.600143,39.032483],[-114.600389,39.032691],[-114.600683,39.032911],[-114.600927,39.033067],[-114.601248,39.033225],[-114.601798,39.033448],[-114.602762,39.033796],[-114.603691,39.03411],[-114.604619,39.034427],[-114.605003,39.03458],[-114.605409,39.034765],[-114.605864,39.035045],[-114.606303,39.035371],[-114.606623,39.035633],[-114.607149,39.036201],[-114.607817,39.036958],[-114.608101,39.037362],[-114.608606,39.038057],[-114.60884,39.038334],[-114.60903,39.038569],[-114.60937,39.038926],[-114.609771,39.039351],[-114.611435,39.040978],[-114.61175,39.041299],[-114.612049,39.041627],[-114.61228,39.041973],[-114.612494,39.042413],[-114.612603,39.042782],[-114.612638,39.042976],[-114.612667,39.043307],[-114.612623,39.043737],[-114.61243,39.044952],[-114.612397,39.04536],[-114.612405,39.045569],[-114.612425,39.045695],[-114.612462,39.045862]],[[-114.612462,39.045862],[-114.612489,39.045983],[-114.612568,39.046185],[-114.612706,39.046461],[-114.612891,39.046696],[-114.612993,39.046802],[-114.613089,39.046897],[-114.613233,39.047005],[-114.613461,39.047143],[-114.613673,39.047241],[-114.61386,39.047317],[-114.614121,39.04739],[-114.614379,39.047438],[-114.614577,39.047468],[-114.614824,39.047477],[-114.615288,39.047442],[-114.615697,39.047372],[-114.616485,39.047209],[-114.616647,39.047184],[-114.616793,39.047173],[-114.61699,39.047172],[-114.617281,39.047185],[-114.61756,39.047217]],[[-114.577299,39.026583],[-114.575188,39.027291]],[[-114.574191,39.027625],[-114.573728,39.027782]],[[-114.575188,39.027291],[-114.574191,39.027625]],[[-114.573728,39.027782],[-114.57274,39.028117]],[[-119.77104,39.126754],[-119.771115,39.126666],[-119.771202,39.126602]],[[-119.772262,39.120981],[-119.772224,39.120944]],[[-119.771179,39.126512],[-119.771201,39.126535],[-119.771211,39.126543]],[[-119.772224,39.120944],[-119.772255,39.120924],[-119.772282,39.120907],[-119.77231,39.120892],[-119.772503,39.120787]],[[-119.724902,39.179876],[-119.724678,39.17997]],[[-119.766881,39.153304],[-119.766822,39.153317],[-119.766769,39.153341],[-119.766727,39.153375]],[[-119.910262,39.0993],[-119.91034,39.098648],[-119.910321,39.098364]],[[-119.936111,38.968037],[-119.936388,38.967627]],[[-119.776774,39.118586],[-119.777071,39.118404],[-119.777215,39.118314],[-119.777448,39.118183],[-119.777806,39.117989],[-119.778664,39.117506],[-119.778803,39.117426],[-119.77902,39.117305],[-119.779353,39.117107],[-119.77969,39.116898],[-119.77998,39.116737],[-119.780275,39.116581],[-119.78043,39.116496]],[[-119.780365,39.116439],[-119.779919,39.116672],[-119.779246,39.117061],[-119.778925,39.117256],[-119.778773,39.117342],[-119.778585,39.117448],[-119.778106,39.117719],[-119.777873,39.117849],[-119.777571,39.118016],[-119.777347,39.118138],[-119.777076,39.118289],[-119.776832,39.118424],[-119.776583,39.118565],[-119.775898,39.11895],[-119.775491,39.119179],[-119.775141,39.119376],[-119.774549,39.119712]],[[-119.895313,39.10463],[-119.893634,39.105005],[-119.892833,39.105184],[-119.892098,39.105334],[-119.891691,39.105417],[-119.891647,39.105424],[-119.891468,39.105455],[-119.891109,39.105505],[-119.890805,39.105536],[-119.890543,39.105557],[-119.889273,39.105607]],[[-119.911263,39.091153],[-119.911136,39.091338],[-119.910702,39.091845],[-119.910528,39.092065],[-119.910414,39.092233],[-119.910342,39.092397],[-119.910282,39.092535],[-119.910233,39.092691],[-119.910202,39.092861],[-119.910188,39.093049],[-119.910191,39.093254],[-119.910225,39.093466],[-119.910277,39.093663],[-119.910371,39.093862],[-119.910671,39.094351],[-119.910763,39.094521],[-119.910838,39.094702],[-119.910897,39.094877],[-119.910937,39.095038],[-119.910964,39.095205],[-119.910979,39.09537],[-119.910981,39.095534],[-119.910971,39.095705],[-119.910949,39.09587],[-119.91091,39.096036],[-119.910859,39.096212],[-119.910778,39.096454],[-119.910676,39.096771],[-119.910607,39.096999],[-119.910545,39.097229],[-119.910495,39.09744],[-119.910444,39.097675],[-119.910399,39.097897],[-119.910359,39.09812],[-119.910321,39.098364]],[[-118.681715,39.466423],[-118.681787,39.466562],[-118.682106,39.467237],[-118.683241,39.469634],[-118.683477,39.470064],[-118.683816,39.470662],[-118.684036,39.470954],[-118.684272,39.47126],[-118.68463,39.471669],[-118.685078,39.472132],[-118.685185,39.472226],[-118.685447,39.472457],[-118.685774,39.47271],[-118.686133,39.472983],[-118.686466,39.473198],[-118.686836,39.47343],[-118.687276,39.473683],[-118.687872,39.473981],[-118.688185,39.474115],[-118.688689,39.474327],[-118.689103,39.474471],[-118.689634,39.474654],[-118.690202,39.474803]],[[-118.681596,39.466193],[-118.681715,39.466423]],[[-117.879832,39.305452],[-117.879691,39.305543]],[[-117.969078,39.29702],[-117.968984,39.296878],[-117.968912,39.296815],[-117.968837,39.296787],[-117.968751,39.296793],[-117.966671,39.297356],[-117.965015,39.297819],[-117.958821,39.299491],[-117.958138,39.299653],[-117.957548,39.299739],[-117.957033,39.299786],[-117.949268,39.300371],[-117.948052,39.300482],[-117.944556,39.300754],[-117.943372,39.300837],[-117.942973,39.300857],[-117.942522,39.300859],[-117.942364,39.300856],[-117.941376,39.300802],[-117.936604,39.300431],[-117.934481,39.300262],[-117.933525,39.300184],[-117.932918,39.300078],[-117.931494,39.299722],[-117.930948,39.299614],[-117.930354,39.299551],[-117.929154,39.299445],[-117.920912,39.298868],[-117.91965,39.298794],[-117.919106,39.298761],[-117.914516,39.298626],[-117.912931,39.298579],[-117.912222,39.298592],[-117.911574,39.298649],[-117.909657,39.298917],[-117.906995,39.299273],[-117.901829,39.299963],[-117.901319,39.300035],[-117.901187,39.300053],[-117.900472,39.300152],[-117.897427,39.300556],[-117.896132,39.300724],[-117.888979,39.301722],[-117.884945,39.302254],[-117.88444,39.302336],[-117.883625,39.302496],[-117.883185,39.302653],[-117.882957,39.302748],[-117.882606,39.302916],[-117.882174,39.303167],[-117.881795,39.303458],[-117.881485,39.303727],[-117.881217,39.304018],[-117.880226,39.305102],[-117.880019,39.305294],[-117.879832,39.305452]],[[-119.732366,39.176872],[-119.732213,39.176923],[-119.731987,39.177002]],[[-119.732797,39.176734],[-119.732475,39.176835],[-119.732366,39.176872]],[[-119.731563,39.177171],[-119.731498,39.177196],[-119.731432,39.177223]],[[-119.731432,39.177223],[-119.731262,39.177293],[-119.730828,39.177476]],[[-119.731827,39.177065],[-119.731755,39.177094],[-119.731563,39.177171]],[[-119.731987,39.177002],[-119.731948,39.177015],[-119.731827,39.177065]],[[-119.724678,39.17997],[-119.724355,39.180103]],[[-119.724355,39.180103],[-119.724027,39.180231],[-119.723853,39.180304]],[[-119.722184,39.181151],[-119.722992,39.180814]],[[-119.721851,39.181295],[-119.722184,39.181151]],[[-119.720596,39.181682],[-119.720504,39.18179]],[[-119.721795,39.181194],[-119.721531,39.181297]],[[-119.724946,39.179996],[-119.725437,39.179795],[-119.725549,39.179745],[-119.725628,39.179647]],[[-119.72387,39.18043],[-119.724058,39.180358],[-119.724491,39.180186],[-119.724756,39.180074],[-119.724946,39.179996]],[[-119.722992,39.180814],[-119.723353,39.180664],[-119.723637,39.180535],[-119.723706,39.180506],[-119.72387,39.18043]],[[-119.720504,39.18179],[-119.720662,39.181793],[-119.720765,39.181753],[-119.721319,39.181532],[-119.721851,39.181295]],[[-119.721531,39.181297],[-119.721251,39.181413],[-119.720704,39.181643],[-119.720596,39.181682]],[[-119.725628,39.179647],[-119.725478,39.179638],[-119.725348,39.179696],[-119.724902,39.179876]],[[-119.767013,39.160648],[-119.767014,39.160465],[-119.767019,39.159996]],[[-119.268645,39.400346],[-119.268698,39.400368]],[[-119.269013,39.400328],[-119.269051,39.400299]]]}},{"type":"Feature","properties":{"t":"ncn","r":"50","n":"50 (California) / U.S. Bicycle Route 50"},"geometry":{"type":"MultiLineString","coordinates":[[[-119.942711,38.958291],[-119.943143,38.957642],[-119.94349,38.957127],[-119.943589,38.956981],[-119.943642,38.956902],[-119.943809,38.956655],[-119.943916,38.956496],[-119.944051,38.956296],[-119.94429,38.955943],[-119.944418,38.955754],[-119.944474,38.955674],[-119.944599,38.955491],[-119.944664,38.955376],[-119.9448,38.955173],[-119.944892,38.955053],[-119.944985,38.954946],[-119.945024,38.9549],[-119.94511,38.954799],[-119.945231,38.954668],[-119.945261,38.954633],[-119.945377,38.954506],[-119.945483,38.954392],[-119.945535,38.954338],[-119.945603,38.954277],[-119.945677,38.954215],[-119.945722,38.95418],[-119.945785,38.954132],[-119.945989,38.953979],[-119.946072,38.953924]],[[-119.942075,38.959249],[-119.942085,38.959236],[-119.942134,38.959161],[-119.942182,38.95909],[-119.942207,38.959052],[-119.942641,38.958399],[-119.942711,38.958291]]]}},{"type":"Feature","properties":{"t":"rcn","r":"TPB","n":"Tahoe-Pyramid Bikeway"},"geometry":{"type":"MultiLineString","coordinates":[[[-119.914247,39.514521],[-119.914205,39.51439],[-119.914206,39.514349],[-119.914207,39.514328],[-119.914228,39.514288]],[[-119.542839,39.562869],[-119.542715,39.562892],[-119.54258,39.562908],[-119.542464,39.562922],[-119.5423,39.562948],[-119.542141,39.562967],[-119.541986,39.562978],[-119.541547,39.56297],[-119.540918,39.562873],[-119.540737,39.56282],[-119.540656,39.562756],[-119.540573,39.562744],[-119.540507,39.562777],[-119.540567,39.562876],[-119.540748,39.562945],[-119.540839,39.563021],[-119.540852,39.563095],[-119.540802,39.563192],[-119.540689,39.563237],[-119.540552,39.563211],[-119.540337,39.563143],[-119.540138,39.563046],[-119.53987,39.562798],[-119.53965,39.562533],[-119.53943,39.562369],[-119.539353,39.562314],[-119.539248,39.562273],[-119.53906,39.562264],[-119.538872,39.562297],[-119.538687,39.562384],[-119.538312,39.562589],[-119.5381,39.562677],[-119.537849,39.562808],[-119.53771,39.562857],[-119.53757,39.562891],[-119.537372,39.562897],[-119.537236,39.562835],[-119.53708,39.562727],[-119.5369,39.562603],[-119.536786,39.562536],[-119.536527,39.562469],[-119.536219,39.562402],[-119.535926,39.562353],[-119.53561,39.562328],[-119.535408,39.562349],[-119.535247,39.562413],[-119.535089,39.562514],[-119.534495,39.562981],[-119.534233,39.563223],[-119.534013,39.563379],[-119.53371,39.563563],[-119.533227,39.5638],[-119.533055,39.563924],[-119.532849,39.564137],[-119.532664,39.564371],[-119.532522,39.564634],[-119.532221,39.565149],[-119.531974,39.565531],[-119.531787,39.565771],[-119.531577,39.565969],[-119.531526,39.566164],[-119.531435,39.56648],[-119.53139,39.566836],[-119.531417,39.567102],[-119.531545,39.567355],[-119.531561,39.567429],[-119.531505,39.567502],[-119.5314,39.56758],[-119.530757,39.567874],[-119.530438,39.567975],[-119.53011,39.568031],[-119.529601,39.568056],[-119.528737,39.568031],[-119.52842,39.567975],[-119.528168,39.567892],[-119.527718,39.56771],[-119.526586,39.56733],[-119.526245,39.56715],[-119.525996,39.566941],[-119.525832,39.566776],[-119.525741,39.566724],[-119.525657,39.566621],[-119.525479,39.566543],[-119.525275,39.566464],[-119.524945,39.566179],[-119.524747,39.566077],[-119.524517,39.566036],[-119.524272,39.566089],[-119.524154,39.566196],[-119.524005,39.566419],[-119.52388,39.566449],[-119.523633,39.566412],[-119.523303,39.566362],[-119.523045,39.566339],[-119.522774,39.566339],[-119.522493,39.566315],[-119.522123,39.566327],[-119.521667,39.566373],[-119.521264,39.566408],[-119.521144,39.566445],[-119.521063,39.566522],[-119.520985,39.566588],[-119.520841,39.566635],[-119.520685,39.566648],[-119.519945,39.566654],[-119.519617,39.566621],[-119.519344,39.566592],[-119.519145,39.566562]],[[-119.993767,39.509877],[-119.993787,39.509808],[-119.9939,39.50942],[-119.99393,39.509213],[-119.99394,39.509064],[-119.993916,39.508944],[-119.993855,39.508719],[-119.993836,39.508644],[-119.993836,39.508522],[-119.993863,39.508367],[-119.994021,39.507496],[-119.994042,39.507351],[-119.994032,39.507191],[-119.993951,39.506993],[-119.993889,39.506869],[-119.993873,39.506763],[-119.993892,39.506589],[-119.993973,39.506039],[-119.994067,39.505174],[-119.994088,39.505035],[-119.994123,39.504946],[-119.994166,39.504861],[-119.994289,39.504712],[-119.994354,39.504625],[-119.994412,39.504499],[-119.994485,39.504249],[-119.994523,39.504104],[-119.994552,39.503841],[-119.994563,39.503704],[-119.994549,39.503562],[-119.994506,39.503435],[-119.994447,39.503299],[-119.994345,39.503102],[-119.994292,39.502943],[-119.994273,39.502781],[-119.994238,39.502421],[-119.994147,39.501413],[-119.994104,39.501045],[-119.994075,39.500836],[-119.994029,39.500675],[-119.993989,39.500519],[-119.993914,39.500269],[-119.993635,39.499383],[-119.993551,39.499184],[-119.993468,39.499021],[-119.993377,39.49888],[-119.993315,39.498764],[-119.993281,39.498638],[-119.993239,39.498445],[-119.993184,39.498189],[-119.993122,39.498015],[-119.993063,39.497889],[-119.993012,39.497779],[-119.992967,39.497665],[-119.992833,39.497171],[-119.992755,39.496779],[-119.992633,39.496155],[-119.992441,39.49512],[-119.992351,39.494702]],[[-119.994027,39.515909],[-119.994,39.515851],[-119.993966,39.515777],[-119.993946,39.515706],[-119.993922,39.515566],[-119.993911,39.515405],[-119.993915,39.515333],[-119.993923,39.515274],[-119.993955,39.515195],[-119.994123,39.514927],[-119.994136,39.514907],[-119.994343,39.51458],[-119.994382,39.514511],[-119.994408,39.514443],[-119.994417,39.514401],[-119.994424,39.514371],[-119.994437,39.514294],[-119.994512,39.513852],[-119.994537,39.513703],[-119.994553,39.51357],[-119.99456,39.513426],[-119.994557,39.513384],[-119.994548,39.513238],[-119.994524,39.512871],[-119.994525,39.512681],[-119.994527,39.51259],[-119.994528,39.51251],[-119.994551,39.512132],[-119.994563,39.51195],[-119.99458,39.511658],[-119.994592,39.511477],[-119.994598,39.511419],[-119.994602,39.511387],[-119.994634,39.511303],[-119.994665,39.511243],[-119.994709,39.511184],[-119.99476,39.511148],[-119.994854,39.511096],[-119.995076,39.510985],[-119.995137,39.51095],[-119.995193,39.51091],[-119.995237,39.510861],[-119.995272,39.5108],[-119.995292,39.510736],[-119.995291,39.510675],[-119.995283,39.510568],[-119.995267,39.510427],[-119.995257,39.510313],[-119.995237,39.510215],[-119.99522,39.510165],[-119.995173,39.5101],[-119.995121,39.510051],[-119.995048,39.51001],[-119.99496,39.509985],[-119.994868,39.509979],[-119.994783,39.509988],[-119.994584,39.510015],[-119.99441,39.510039],[-119.994339,39.510039],[-119.994225,39.510018]],[[-119.914542,39.514995],[-119.91459,39.515066],[-119.914615,39.515093],[-119.914705,39.515192],[-119.914793,39.515261],[-119.914884,39.515321],[-119.915015,39.515388],[-119.915138,39.515434],[-119.915228,39.51546],[-119.915341,39.515482],[-119.915462,39.515498],[-119.915694,39.515518]],[[-119.92802,39.513964],[-119.928882,39.513474],[-119.929684,39.513054],[-119.930633,39.512623],[-119.930834,39.512531],[-119.930982,39.512482],[-119.931126,39.512445],[-119.931392,39.512398],[-119.931528,39.512382],[-119.931662,39.512365],[-119.931765,39.512354],[-119.931887,39.512338],[-119.932095,39.512305],[-119.932238,39.512266],[-119.932384,39.512185],[-119.932519,39.512063],[-119.932548,39.512033],[-119.932727,39.511848],[-119.932892,39.511749],[-119.933046,39.511687],[-119.933632,39.511541],[-119.933969,39.511457],[-119.93474,39.511266],[-119.935014,39.511201],[-119.935121,39.511183],[-119.935281,39.511156],[-119.935359,39.511142],[-119.93593,39.511048],[-119.936614,39.510935],[-119.937085,39.510861],[-119.937686,39.510758],[-119.938393,39.510631]],[[-119.896669,39.508863],[-119.89668,39.508098],[-119.896681,39.508061],[-119.896682,39.50797],[-119.896692,39.507594],[-119.896699,39.507156],[-119.896706,39.506689],[-119.896712,39.506299],[-119.896719,39.505851],[-119.896724,39.505504],[-119.89673,39.505271],[-119.896734,39.505108],[-119.896739,39.504926],[-119.896742,39.504792],[-119.896755,39.504289],[-119.896708,39.504171],[-119.896722,39.503885],[-119.896731,39.503703],[-119.896737,39.503573],[-119.896749,39.503354]],[[-119.926213,39.514871],[-119.92634,39.514851],[-119.926509,39.514791],[-119.926913,39.514568],[-119.92802,39.513964]],[[-119.915694,39.515518],[-119.915704,39.515589],[-119.915737,39.515641],[-119.915831,39.515669],[-119.916019,39.515671],[-119.916417,39.515678],[-119.916694,39.515701],[-119.916971,39.51576],[-119.918363,39.516133],[-119.918687,39.516213],[-119.919145,39.516314],[-119.919562,39.516391],[-119.92008,39.516454],[-119.920645,39.51649],[-119.921087,39.516497],[-119.921249,39.516491],[-119.921522,39.516473],[-119.921833,39.516443],[-119.922025,39.516429],[-119.922193,39.516438],[-119.922337,39.516467],[-119.922516,39.516517],[-119.923526,39.516872],[-119.923659,39.5169],[-119.923788,39.516908],[-119.923914,39.516897],[-119.92402,39.51687],[-119.924125,39.516821],[-119.924198,39.516752],[-119.924242,39.516682],[-119.924251,39.516589],[-119.924227,39.516466],[-119.924207,39.516361]],[[-119.975449,39.521527],[-119.97608,39.521426]],[[-119.861077,39.510686],[-119.861089,39.51074],[-119.861096,39.51077],[-119.861148,39.511012],[-119.861148,39.51106],[-119.861135,39.511104],[-119.861095,39.511148],[-119.861041,39.51118],[-119.860982,39.511195],[-119.859848,39.511377],[-119.859743,39.511391],[-119.859662,39.511391],[-119.859601,39.511385],[-119.859319,39.511339],[-119.859228,39.511321],[-119.859075,39.511308],[-119.858952,39.511304],[-119.858836,39.511323],[-119.858628,39.511371],[-119.858491,39.51139],[-119.858379,39.511404],[-119.858259,39.511404],[-119.858147,39.511397],[-119.858062,39.511377],[-119.85795,39.511357],[-119.857795,39.511331],[-119.857632,39.511298],[-119.857564,39.511291],[-119.857435,39.511271],[-119.857263,39.511238],[-119.857109,39.511212],[-119.856997,39.511205],[-119.856851,39.511185],[-119.856714,39.511178],[-119.856577,39.511178],[-119.856448,39.511185],[-119.856362,39.511205],[-119.856276,39.511218],[-119.856208,39.511232],[-119.856122,39.511238],[-119.856027,39.511245],[-119.855924,39.511245],[-119.855839,39.511238],[-119.855753,39.511225],[-119.855658,39.511205],[-119.855581,39.511178],[-119.855564,39.511172],[-119.855521,39.511159]],[[-119.974579,39.521669],[-119.975449,39.521527]],[[-119.855195,39.51102],[-119.855152,39.510993],[-119.855109,39.510967],[-119.855075,39.51094],[-119.855058,39.510914],[-119.855032,39.51088],[-119.854963,39.510765]],[[-119.855521,39.511159],[-119.855351,39.511086],[-119.855195,39.51102]],[[-119.552516,39.556221],[-119.552292,39.556043],[-119.552141,39.555922]],[[-119.553036,39.556621],[-119.552516,39.556221]],[[-119.914228,39.514288],[-119.914082,39.514234],[-119.913855,39.514161],[-119.913596,39.514088],[-119.913436,39.514058]],[[-119.913436,39.514058],[-119.91358,39.514116],[-119.913761,39.514173],[-119.91389,39.514224],[-119.913969,39.514264],[-119.914038,39.514314],[-119.914176,39.51444],[-119.914247,39.514521]],[[-119.583734,39.54692],[-119.583419,39.546633]],[[-119.938393,39.510631],[-119.938376,39.510452],[-119.938408,39.510365],[-119.938491,39.510286],[-119.938564,39.510243],[-119.938692,39.510222],[-119.938792,39.510223],[-119.939931,39.510271],[-119.940515,39.510274],[-119.941697,39.510353],[-119.942139,39.510422],[-119.942472,39.510496],[-119.942823,39.510609],[-119.943422,39.510782],[-119.944608,39.511242],[-119.945076,39.511403],[-119.945091,39.511408],[-119.945677,39.511631],[-119.946382,39.51192],[-119.947794,39.512446],[-119.947896,39.512507],[-119.947966,39.512588],[-119.948028,39.512619],[-119.948405,39.512762],[-119.948744,39.512916],[-119.949353,39.51324],[-119.94951,39.513337],[-119.949642,39.513447],[-119.949983,39.513664],[-119.950011,39.513723],[-119.949996,39.513764],[-119.949974,39.513793]],[[-119.924207,39.516361],[-119.925918,39.515406],[-119.92601,39.515354],[-119.926106,39.51528],[-119.926181,39.515197],[-119.926218,39.515109],[-119.926233,39.515019],[-119.926235,39.51494],[-119.926213,39.514871]],[[-119.835737,39.519698],[-119.836653,39.519675],[-119.837226,39.519657],[-119.838103,39.519638],[-119.838222,39.519617],[-119.838326,39.519587],[-119.838428,39.519546],[-119.83853,39.51949],[-119.838621,39.519423],[-119.838719,39.519323],[-119.839254,39.518779],[-119.839406,39.518645],[-119.839572,39.518522],[-119.839769,39.518402],[-119.841471,39.51756],[-119.841558,39.517526],[-119.841627,39.517499],[-119.841835,39.51743],[-119.841961,39.517396],[-119.842307,39.51729],[-119.842553,39.517206],[-119.842823,39.517101],[-119.842934,39.517058]],[[-119.848746,39.512071],[-119.848822,39.512034],[-119.849106,39.511863],[-119.849662,39.511571],[-119.85046,39.511152],[-119.850557,39.511111],[-119.850664,39.511081],[-119.850994,39.511033],[-119.851643,39.510939],[-119.851968,39.510892],[-119.852128,39.510869],[-119.852326,39.510823],[-119.852455,39.510793],[-119.852618,39.51076]],[[-119.892779,39.504889],[-119.892815,39.504632],[-119.892855,39.504459],[-119.892914,39.504326],[-119.89301,39.504235],[-119.89308,39.504119],[-119.893109,39.504085],[-119.893157,39.504067],[-119.893231,39.504036],[-119.893319,39.503934],[-119.893569,39.503763],[-119.893693,39.5037],[-119.893845,39.503609],[-119.893983,39.50354],[-119.894175,39.503576],[-119.894271,39.5036],[-119.894352,39.503576],[-119.894507,39.503536],[-119.894673,39.503503],[-119.894728,39.503495],[-119.89478,39.503457],[-119.894934,39.503348],[-119.89498,39.503328],[-119.89508,39.503298],[-119.895193,39.503288],[-119.89525,39.503267],[-119.895437,39.50318],[-119.895496,39.503138],[-119.895721,39.503037],[-119.896047,39.502873],[-119.896186,39.502799],[-119.896351,39.502774],[-119.896418,39.502787],[-119.896527,39.502808],[-119.89666,39.502807],[-119.896757,39.502802],[-119.897045,39.502796],[-119.897145,39.502841]],[[-119.892187,39.5047],[-119.891673,39.504616]],[[-119.892779,39.504889],[-119.892613,39.504837],[-119.892477,39.504795],[-119.892364,39.504754],[-119.892289,39.504726],[-119.892187,39.5047]],[[-119.993014,39.480169],[-119.993057,39.480107],[-119.993064,39.479985],[-119.993114,39.479816],[-119.993199,39.479611],[-119.99325,39.479496],[-119.993263,39.479066],[-119.993353,39.478645],[-119.993478,39.47797],[-119.993531,39.477564],[-119.99355,39.477051],[-119.993561,39.476599],[-119.993583,39.47627],[-119.993585,39.475966],[-119.993526,39.475832],[-119.993535,39.475695],[-119.993493,39.475454],[-119.99345,39.475321],[-119.993442,39.47518],[-119.993482,39.475002],[-119.993554,39.474839],[-119.993609,39.474668],[-119.993781,39.474413],[-119.993944,39.474212],[-119.994006,39.474102],[-119.994017,39.47403],[-119.993976,39.473926],[-119.99394,39.473859],[-119.993938,39.473793],[-119.994007,39.473674],[-119.994048,39.473568],[-119.994352,39.473276],[-119.994446,39.473107],[-119.99457,39.472952],[-119.994689,39.472807],[-119.994716,39.472682],[-119.994702,39.472616]],[[-119.991461,39.486449],[-119.991374,39.48643],[-119.991294,39.486424],[-119.991246,39.486425],[-119.991164,39.486419],[-119.991121,39.48641],[-119.991091,39.486378],[-119.991081,39.486343],[-119.991069,39.486168],[-119.991056,39.486011],[-119.991036,39.485932],[-119.991002,39.485872],[-119.990951,39.485839],[-119.990886,39.485808],[-119.990858,39.485763],[-119.990849,39.48572],[-119.990844,39.485636],[-119.990831,39.485579],[-119.990807,39.485521],[-119.99071,39.485399],[-119.990675,39.48535],[-119.990639,39.485283],[-119.990614,39.485213],[-119.990604,39.485145],[-119.990576,39.484931],[-119.990568,39.484843],[-119.990553,39.484787],[-119.990505,39.484729],[-119.990413,39.484665],[-119.990373,39.484628],[-119.990351,39.484584],[-119.990351,39.484552],[-119.990373,39.48452],[-119.990436,39.484488],[-119.990539,39.484444],[-119.990602,39.4844],[-119.990643,39.484342],[-119.990661,39.484271],[-119.990663,39.484142]],[[-119.990663,39.484142],[-119.990703,39.483944],[-119.990719,39.483832],[-119.990771,39.483711],[-119.990896,39.48345],[-119.990946,39.483325],[-119.990979,39.483229],[-119.990977,39.483167],[-119.990888,39.4831],[-119.99077,39.483051],[-119.990657,39.483008],[-119.990549,39.482929],[-119.990415,39.482794],[-119.990377,39.482707],[-119.990407,39.482649],[-119.99046,39.48261],[-119.990593,39.482573],[-119.990834,39.48254],[-119.990939,39.482524],[-119.991099,39.482475],[-119.991284,39.482419],[-119.99136,39.482381],[-119.991442,39.482318],[-119.991544,39.482173],[-119.991637,39.481967],[-119.991681,39.48187],[-119.991871,39.48145],[-119.991931,39.481279],[-119.99197,39.481238],[-119.992019,39.481231],[-119.992078,39.481231],[-119.992198,39.481247],[-119.992263,39.481237],[-119.992342,39.481211],[-119.992437,39.481164],[-119.992502,39.481084],[-119.992514,39.481051],[-119.992504,39.481018],[-119.992467,39.480916],[-119.992453,39.48079],[-119.992489,39.480607],[-119.99252,39.480535],[-119.992577,39.480483],[-119.992766,39.480389],[-119.992901,39.480303],[-119.992952,39.480258]],[[-119.992952,39.480258],[-119.993014,39.480169]],[[-119.994702,39.472616],[-119.994641,39.472525]],[[-119.994641,39.472525],[-119.994629,39.4725],[-119.994609,39.472409],[-119.994677,39.472299],[-119.994803,39.472039],[-119.994866,39.471976],[-119.994991,39.471829],[-119.995107,39.471653],[-119.995194,39.471567],[-119.995316,39.471496],[-119.995519,39.471403],[-119.995638,39.47134],[-119.995908,39.47114],[-119.996313,39.470873],[-119.996953,39.470498],[-119.99715,39.470373],[-119.997287,39.470274],[-119.997689,39.470005],[-119.997942,39.469849],[-119.998202,39.469718],[-119.998269,39.469685],[-119.998361,39.469608],[-119.998502,39.469541],[-119.998701,39.469474],[-119.998809,39.469425],[-119.998933,39.469361],[-119.999108,39.469235],[-119.999446,39.468897],[-119.99974,39.468683],[-119.999939,39.468514],[-120.000305,39.468332],[-120.000446,39.468262],[-120.000516,39.468199],[-120.000553,39.468079],[-120.000628,39.467877],[-120.000741,39.46776],[-120.001028,39.467605],[-120.001167,39.467483],[-120.001192,39.467395],[-120.001162,39.467303],[-120.001047,39.467235],[-120.000827,39.467123],[-120.000773,39.467108],[-120.00072,39.467108],[-120.000612,39.467153],[-120.000481,39.467181],[-120.000376,39.467164],[-120.000314,39.467108],[-120.000324,39.46702],[-120.0004,39.466868],[-120.000484,39.466767],[-120.000711,39.466625],[-120.000816,39.466502],[-120.000945,39.466326],[-120.001133,39.466166],[-120.001272,39.466063],[-120.001454,39.465967],[-120.001551,39.465878],[-120.001559,39.465818],[-120.001547,39.465766],[-120.001509,39.465723],[-120.001411,39.465673]],[[-120.001411,39.465673],[-120.00134,39.465643]],[[-120.00552,39.451983],[-120.005494,39.451896],[-120.005465,39.451783],[-120.005418,39.451658],[-120.00536,39.451565],[-120.00534,39.45153],[-120.005336,39.451477],[-120.005338,39.451404],[-120.005361,39.451278],[-120.005445,39.450968],[-120.005544,39.450606],[-120.005587,39.450499],[-120.005636,39.450414],[-120.005709,39.450345],[-120.005896,39.450204],[-120.005945,39.450157],[-120.005998,39.450057],[-120.006056,39.449923],[-120.006124,39.449726],[-120.006182,39.44958],[-120.006261,39.449444],[-120.00636,39.449301],[-120.00655,39.449068],[-120.00667,39.448938],[-120.006706,39.448884],[-120.006835,39.448761],[-120.006952,39.448663],[-120.007007,39.448639],[-120.007073,39.448633],[-120.007125,39.448642],[-120.007159,39.448652],[-120.00718,39.448663],[-120.007222,39.448688],[-120.007256,39.448724],[-120.007272,39.448741],[-120.007291,39.448824],[-120.007264,39.448938],[-120.007216,39.449044],[-120.007109,39.449178],[-120.007034,39.449319],[-120.006972,39.449452],[-120.006937,39.449553],[-120.006929,39.4497],[-120.006942,39.449868],[-120.006961,39.44997],[-120.007002,39.450069],[-120.007069,39.450187],[-120.007192,39.450353],[-120.007455,39.45069],[-120.007535,39.45081],[-120.007583,39.450935],[-120.007621,39.451059],[-120.00768,39.451208],[-120.00775,39.45133],[-120.007828,39.451419],[-120.007951,39.451515],[-120.00808,39.451606],[-120.008233,39.451684],[-120.00828,39.451702],[-120.00838,39.45174],[-120.008498,39.451761],[-120.008571,39.451761]],[[-119.905001,39.509549],[-119.905189,39.509653],[-119.905368,39.509767],[-119.905537,39.509889],[-119.905681,39.510007],[-119.90584,39.510155],[-119.905989,39.510316],[-119.90613,39.510494],[-119.906696,39.511316],[-119.90684,39.511498],[-119.906967,39.511636],[-119.907139,39.511803],[-119.907335,39.511968],[-119.907477,39.512074],[-119.907528,39.512106],[-119.907592,39.512145],[-119.9077,39.512211],[-119.907808,39.512277],[-119.908012,39.512386],[-119.908203,39.512476],[-119.908464,39.51258],[-119.908763,39.512687],[-119.910501,39.513197],[-119.911078,39.513373],[-119.911506,39.513497],[-119.911814,39.513584],[-119.912504,39.513793],[-119.91285,39.513893],[-119.913436,39.514058]],[[-119.897877,39.509311],[-119.898006,39.50931],[-119.898305,39.509292],[-119.899661,39.509129],[-119.901282,39.508924],[-119.90155,39.508908],[-119.901819,39.508907],[-119.901964,39.508913],[-119.902263,39.508937],[-119.903327,39.509086],[-119.903577,39.509121],[-119.903881,39.509177],[-119.904196,39.509253],[-119.904431,39.509323],[-119.904503,39.509345],[-119.904824,39.509462],[-119.905001,39.509549]],[[-120.00134,39.465643],[-120.001257,39.465614],[-120.001183,39.465606],[-120.001126,39.46561],[-120.001086,39.465621],[-120.001035,39.46564],[-120.001008,39.465678],[-120.001001,39.465718],[-120.001012,39.465826],[-120.001012,39.465864],[-120.000997,39.4659],[-120.000955,39.465939],[-120.00088,39.465975],[-120.000604,39.466075],[-120.000551,39.466094],[-120.000499,39.466103],[-120.000466,39.466097],[-120.000452,39.466074],[-120.000454,39.466052],[-120.000496,39.466011],[-120.000536,39.46599],[-120.000587,39.465946],[-120.000622,39.465903],[-120.000647,39.465844],[-120.000653,39.465792],[-120.000653,39.465717],[-120.000635,39.465631],[-120.000602,39.465521],[-120.000576,39.465443],[-120.00055,39.465401],[-120.000501,39.46537],[-120.000406,39.465325],[-120.000314,39.465295],[-120.000223,39.46526],[-120.000158,39.465216],[-120.000094,39.465157],[-119.999967,39.465037],[-119.9999,39.464963],[-119.999819,39.464862],[-119.999744,39.464765],[-119.999708,39.464697],[-119.999682,39.464619],[-119.999679,39.464578],[-119.999691,39.464548],[-119.999709,39.464522],[-119.999756,39.464501],[-119.999804,39.464495],[-119.999852,39.464504],[-119.99988,39.464529],[-119.99989,39.464567],[-119.99991,39.464626],[-119.99993,39.46466],[-119.999978,39.464697],[-120.000026,39.464733],[-120.000092,39.464762],[-120.000176,39.464794],[-120.000287,39.464814],[-120.000376,39.464818],[-120.00053,39.464822],[-120.000628,39.464818],[-120.000697,39.464806],[-120.000745,39.464786],[-120.000786,39.464759],[-120.000862,39.464659],[-120.000928,39.46453],[-120.000991,39.464346],[-120.001035,39.464221],[-120.001086,39.464143],[-120.001161,39.46407],[-120.001261,39.463992],[-120.001365,39.46394],[-120.001458,39.463913],[-120.001564,39.46389],[-120.001653,39.463876],[-120.001702,39.463853],[-120.001737,39.463821],[-120.001763,39.463777],[-120.001832,39.463612],[-120.001879,39.463521],[-120.001959,39.463394],[-120.002003,39.463336],[-120.002048,39.463293],[-120.00213,39.463234],[-120.002234,39.463153],[-120.002332,39.463071],[-120.002425,39.462975],[-120.002505,39.462882],[-120.002585,39.462777],[-120.002713,39.462563],[-120.002832,39.462372],[-120.003012,39.46209],[-120.003105,39.461948],[-120.003211,39.461785],[-120.003285,39.461675],[-120.003358,39.461588],[-120.003529,39.461403],[-120.003583,39.461337],[-120.00362,39.461259],[-120.00364,39.461171],[-120.003664,39.461024],[-120.003682,39.460955],[-120.003725,39.460863],[-120.003797,39.460772],[-120.003875,39.460678],[-120.003947,39.460558],[-120.003993,39.460459],[-120.004041,39.460388],[-120.004128,39.460288],[-120.004177,39.460225],[-120.0042,39.460181],[-120.004203,39.460133],[-120.004189,39.460089],[-120.004089,39.459914],[-120.004038,39.459812],[-120.004023,39.459762],[-120.00403,39.459702],[-120.004065,39.459646],[-120.004128,39.459575],[-120.004187,39.45951],[-120.004254,39.459432],[-120.004307,39.459346],[-120.004333,39.459275],[-120.00437,39.459187],[-120.004414,39.459125],[-120.004507,39.459016],[-120.004646,39.458844],[-120.004674,39.458799],[-120.004682,39.458752],[-120.004671,39.45869],[-120.004652,39.458613],[-120.004643,39.458557],[-120.004649,39.458508],[-120.004674,39.458457],[-120.004718,39.458394],[-120.004742,39.458344],[-120.004761,39.458268],[-120.00479,39.458152],[-120.004803,39.458117],[-120.004829,39.458072],[-120.004866,39.458038],[-120.004923,39.457989],[-120.004976,39.45794],[-120.005016,39.457889],[-120.00503,39.457846],[-120.00503,39.457802],[-120.005016,39.457751],[-120.004987,39.457704],[-120.004923,39.457643],[-120.004676,39.457435],[-120.004586,39.457372],[-120.004503,39.457327],[-120.004416,39.457302],[-120.00433,39.457284],[-120.004205,39.457279],[-120.003872,39.457286],[-120.003709,39.457288],[-120.003594,39.457282],[-120.003452,39.457267],[-120.003325,39.45725],[-120.003232,39.457231],[-120.003186,39.457208],[-120.003152,39.457175],[-120.003143,39.457145],[-120.003158,39.457121],[-120.00319,39.457109],[-120.003248,39.457107],[-120.00335,39.457121],[-120.003456,39.457118],[-120.003563,39.457104],[-120.003698,39.457071],[-120.003815,39.457034],[-120.003937,39.456986],[-120.004103,39.456896],[-120.004168,39.456863],[-120.004261,39.456833],[-120.004434,39.456794],[-120.004604,39.456745],[-120.004763,39.456708],[-120.004931,39.456687],[-120.005126,39.456675],[-120.00538,39.456667],[-120.005458,39.456653],[-120.005499,39.456625],[-120.005523,39.456597],[-120.005526,39.456563],[-120.005517,39.456509],[-120.005525,39.456468],[-120.005543,39.456441],[-120.005591,39.456417],[-120.005655,39.456396],[-120.005723,39.456379],[-120.005829,39.45637],[-120.006044,39.456379],[-120.006136,39.456377],[-120.006205,39.456359],[-120.006281,39.456312],[-120.006348,39.456262],[-120.006447,39.456214],[-120.006527,39.456169],[-120.006578,39.456118],[-120.006619,39.456061],[-120.006658,39.45599],[-120.006698,39.455918],[-120.006755,39.455846],[-120.006875,39.455685],[-120.006934,39.455576],[-120.006963,39.45549],[-120.006979,39.455416],[-120.007009,39.455286],[-120.007009,39.455204]],[[-119.950729,39.513775],[-119.950696,39.513818],[-119.95061,39.513884],[-119.950565,39.513888],[-119.950485,39.513892],[-119.950447,39.513893]],[[-119.97608,39.521426],[-119.976771,39.521315],[-119.977112,39.521271],[-119.977245,39.521246],[-119.978267,39.521086],[-119.978678,39.52102],[-119.979175,39.520941],[-119.979717,39.520855],[-119.980247,39.520771],[-119.982478,39.520415],[-119.982507,39.52041],[-119.98255,39.520404],[-119.98356,39.520243],[-119.983708,39.520219],[-119.984576,39.52008],[-119.98478,39.520048],[-119.984858,39.520035],[-119.985129,39.519992],[-119.985393,39.51995],[-119.985522,39.51993]],[[-119.991884,39.517245],[-119.992317,39.517001]],[[-119.949974,39.513793],[-119.949934,39.513843],[-119.949879,39.513907],[-119.949846,39.513939]],[[-119.951188,39.513887],[-119.951139,39.513872],[-119.951069,39.513828],[-119.951045,39.513771]],[[-119.9928,39.516719],[-119.993174,39.516485],[-119.993583,39.516221],[-119.994027,39.515909]],[[-119.950447,39.513893],[-119.950438,39.51393],[-119.95041,39.513961],[-119.950391,39.513966],[-119.950366,39.513973],[-119.950313,39.51397],[-119.950249,39.513945],[-119.949974,39.513793]],[[-119.951045,39.513771],[-119.950997,39.513785],[-119.950929,39.513797],[-119.950847,39.513802],[-119.950785,39.513794],[-119.950729,39.513775]],[[-119.960528,39.521455],[-119.960664,39.521575],[-119.960795,39.521679],[-119.960953,39.521804],[-119.961079,39.521894],[-119.961385,39.522066],[-119.961511,39.522127],[-119.961601,39.522171],[-119.961861,39.522276],[-119.962079,39.522348],[-119.96232,39.522419],[-119.962565,39.522473],[-119.962799,39.522513],[-119.963047,39.522539],[-119.963357,39.522561],[-119.964273,39.522602],[-119.964584,39.522608],[-119.964785,39.52261]],[[-119.952145,39.514748],[-119.952124,39.514671],[-119.952099,39.514636],[-119.951711,39.514421],[-119.951662,39.514381],[-119.951595,39.514346],[-119.951496,39.514294],[-119.951412,39.514271],[-119.951338,39.514241],[-119.951312,39.514224],[-119.951279,39.514203],[-119.95123,39.514162],[-119.951195,39.51411],[-119.951177,39.514044],[-119.951171,39.51398],[-119.951188,39.513887]],[[-119.949846,39.513939],[-119.949911,39.513974],[-119.95023,39.514156],[-119.950302,39.514189],[-119.950379,39.514207],[-119.950459,39.514223],[-119.950493,39.51423],[-119.950549,39.514249],[-119.950595,39.514272],[-119.950667,39.514328],[-119.950736,39.51436],[-119.950839,39.514383],[-119.950918,39.514383],[-119.951012,39.514364],[-119.951095,39.514346],[-119.95115,39.51435],[-119.951191,39.514367],[-119.951397,39.514452],[-119.951653,39.514561],[-119.951838,39.514652],[-119.951965,39.514714],[-119.952056,39.514741],[-119.952145,39.514748]],[[-119.877333,39.505852],[-119.877542,39.505816],[-119.877695,39.505792],[-119.877844,39.505771],[-119.878022,39.505754],[-119.878185,39.50574],[-119.878403,39.50573],[-119.87859,39.505726],[-119.878945,39.505719],[-119.879097,39.505717],[-119.879277,39.505705],[-119.879602,39.505682],[-119.881219,39.50557],[-119.881581,39.505547],[-119.882651,39.505482]],[[-119.862841,39.507147],[-119.862985,39.507139],[-119.863667,39.507133],[-119.864535,39.507135],[-119.865238,39.507137],[-119.865416,39.507133],[-119.865619,39.507123],[-119.865801,39.507112],[-119.865955,39.507101],[-119.866009,39.507096],[-119.86629,39.50707],[-119.866781,39.507031],[-119.867334,39.506992],[-119.868214,39.50692],[-119.868341,39.506909],[-119.868478,39.506904],[-119.868629,39.506901],[-119.868757,39.506902],[-119.868825,39.506904],[-119.868899,39.506906],[-119.869095,39.506922],[-119.869917,39.506988],[-119.870452,39.507029],[-119.870651,39.507037],[-119.870834,39.507041],[-119.871042,39.507042],[-119.871268,39.507031],[-119.871504,39.507005],[-119.871737,39.506967],[-119.872051,39.506903],[-119.875225,39.506272],[-119.876069,39.506106]],[[-119.882651,39.505482],[-119.883214,39.50544],[-119.883521,39.505416],[-119.883563,39.505413],[-119.883934,39.505388],[-119.884089,39.505378],[-119.884529,39.50533],[-119.884942,39.505297],[-119.885055,39.505289],[-119.885194,39.505281],[-119.885353,39.505276],[-119.885518,39.505279],[-119.885682,39.505291],[-119.885853,39.50532],[-119.886004,39.505351],[-119.886155,39.505392],[-119.886286,39.505432],[-119.886448,39.505486]],[[-119.876069,39.506106],[-119.877333,39.505852]],[[-119.824586,39.520607],[-119.824688,39.520595],[-119.824834,39.520583],[-119.825153,39.520565],[-119.825209,39.520562],[-119.825545,39.520552],[-119.826009,39.52054],[-119.826218,39.520535],[-119.826413,39.520525]],[[-119.82642,39.520017],[-119.826421,39.519962]],[[-119.826413,39.520525],[-119.826414,39.520457]],[[-119.819264,39.523926],[-119.819274,39.523891],[-119.819299,39.523862],[-119.819328,39.523834],[-119.819377,39.523795],[-119.819648,39.523609],[-119.81979,39.523511],[-119.820199,39.523238],[-119.820341,39.523128],[-119.820389,39.523089],[-119.82051,39.522989],[-119.820708,39.52282],[-119.820747,39.522787],[-119.821052,39.522528],[-119.821472,39.522167],[-119.821867,39.521828],[-119.821894,39.521807],[-119.82209,39.52164],[-119.822213,39.521537],[-119.82231,39.521462],[-119.822366,39.521421],[-119.8225,39.52133],[-119.822624,39.521249],[-119.822714,39.521195],[-119.822755,39.521171],[-119.822777,39.521158],[-119.822894,39.521092],[-119.823056,39.521015],[-119.823205,39.520955]],[[-119.826414,39.520457],[-119.826417,39.520224]],[[-119.887968,39.506412],[-119.887995,39.506383],[-119.888005,39.506361],[-119.887997,39.506334],[-119.887922,39.506234],[-119.887697,39.505959],[-119.8876,39.505854],[-119.88749,39.505775],[-119.887378,39.505707],[-119.88712,39.505556],[-119.886895,39.505454],[-119.886731,39.505405],[-119.886656,39.505369],[-119.886595,39.505314],[-119.886582,39.505256]],[[-119.876069,39.506106],[-119.876193,39.506147],[-119.876252,39.506154],[-119.876298,39.50615],[-119.876719,39.506073],[-119.8768,39.50606],[-119.876923,39.506058],[-119.877004,39.506054],[-119.877119,39.506044],[-119.877331,39.506013],[-119.877529,39.505988],[-119.877627,39.505977],[-119.877701,39.505969],[-119.878243,39.505911],[-119.878369,39.505903],[-119.878498,39.505905],[-119.8786,39.505918],[-119.878685,39.505936],[-119.878822,39.505965],[-119.879249,39.506062],[-119.879431,39.506098],[-119.879487,39.506105],[-119.87957,39.506116],[-119.879747,39.506127],[-119.879769,39.506128],[-119.879885,39.506137],[-119.880017,39.506146],[-119.880085,39.506151],[-119.880212,39.506155],[-119.880303,39.506158],[-119.880388,39.506153],[-119.880493,39.506145],[-119.880718,39.506124],[-119.880861,39.506112],[-119.880984,39.506112],[-119.881073,39.50612],[-119.881161,39.506137],[-119.88125,39.506162],[-119.881347,39.506203],[-119.881428,39.506245],[-119.881534,39.506305],[-119.881605,39.506247],[-119.881681,39.506199],[-119.881779,39.506155],[-119.881908,39.506117],[-119.882018,39.506091],[-119.882235,39.506046],[-119.883583,39.505804],[-119.883663,39.50579],[-119.88372,39.505781],[-119.884385,39.5057],[-119.884554,39.505684],[-119.884661,39.505673],[-119.884747,39.505675],[-119.884844,39.505684],[-119.884921,39.505696],[-119.884996,39.505717],[-119.885085,39.505748],[-119.885208,39.505808],[-119.885815,39.506141],[-119.885906,39.506178],[-119.886019,39.506222],[-119.886383,39.506354],[-119.886482,39.506379],[-119.886528,39.506386],[-119.886574,39.506394],[-119.886676,39.5064],[-119.886815,39.506404],[-119.887158,39.506412],[-119.887239,39.506412],[-119.887351,39.506429],[-119.887429,39.506451],[-119.887558,39.50648],[-119.88762,39.506487],[-119.887668,39.506489],[-119.88774,39.506483],[-119.887941,39.506435],[-119.887968,39.506412]],[[-119.862841,39.507147],[-119.862795,39.507203],[-119.862774,39.50724],[-119.862774,39.507296],[-119.862777,39.507424],[-119.862771,39.507532],[-119.862761,39.507635],[-119.862739,39.507733],[-119.862728,39.507772],[-119.862704,39.50782],[-119.862626,39.507956],[-119.8625,39.508192],[-119.862474,39.508257],[-119.862447,39.508347],[-119.86243,39.508453],[-119.862436,39.508575],[-119.862449,39.508869],[-119.862448,39.508965],[-119.862447,39.50904],[-119.862447,39.509096],[-119.862431,39.509162],[-119.862391,39.509251],[-119.862327,39.509341],[-119.862237,39.509432],[-119.862125,39.509516],[-119.861977,39.509595],[-119.861835,39.509653],[-119.8615,39.509774],[-119.861382,39.509827],[-119.861285,39.509886],[-119.861167,39.509985],[-119.861076,39.510093],[-119.861012,39.510224],[-119.860982,39.510341],[-119.860969,39.510468],[-119.860979,39.510582],[-119.860993,39.510612],[-119.861011,39.510638],[-119.861022,39.510655],[-119.861077,39.510686]],[[-119.861077,39.510686],[-119.861125,39.510618],[-119.861128,39.51061],[-119.861138,39.510581],[-119.86114,39.510522],[-119.861135,39.510444],[-119.86114,39.510365],[-119.861156,39.510292],[-119.861191,39.510204],[-119.861234,39.510131],[-119.861323,39.510036],[-119.861411,39.509966],[-119.861529,39.509904],[-119.861701,39.509837],[-119.861854,39.509781],[-119.862055,39.509705],[-119.862176,39.509651],[-119.86228,39.509574],[-119.862377,39.5095],[-119.862455,39.509413],[-119.862528,39.509301],[-119.862571,39.509212],[-119.862597,39.509127],[-119.86261,39.509056],[-119.86261,39.509034],[-119.86261,39.508967],[-119.862609,39.508879],[-119.862605,39.508459],[-119.862605,39.508374],[-119.862613,39.508314],[-119.862637,39.508235],[-119.862674,39.508173],[-119.862827,39.507892],[-119.86286,39.50783],[-119.862876,39.507787],[-119.862894,39.507739],[-119.862913,39.507666],[-119.862925,39.507561],[-119.862927,39.507426],[-119.862932,39.507278],[-119.862924,39.507228],[-119.862873,39.507186],[-119.862841,39.507147]],[[-119.886582,39.505256],[-119.886613,39.505227],[-119.886653,39.505203],[-119.886703,39.505179],[-119.886741,39.505166],[-119.88676,39.505159],[-119.886779,39.505154],[-119.886839,39.505138],[-119.886905,39.505124],[-119.886924,39.50512],[-119.887037,39.505107],[-119.887379,39.505069],[-119.887777,39.505021],[-119.887903,39.505],[-119.888023,39.504978],[-119.888131,39.504951],[-119.888245,39.504917],[-119.888569,39.504817],[-119.888687,39.504788],[-119.888775,39.504767],[-119.888909,39.504742],[-119.889069,39.504715],[-119.889258,39.504685],[-119.88941,39.504661],[-119.889565,39.504642],[-119.889662,39.504634],[-119.889745,39.504632],[-119.889836,39.504631],[-119.890123,39.50465],[-119.890222,39.504658],[-119.890258,39.504661],[-119.890366,39.504665],[-119.890488,39.504664],[-119.890627,39.504659],[-119.890765,39.50465],[-119.890968,39.504632],[-119.891068,39.504622],[-119.891236,39.504606],[-119.891358,39.504594],[-119.891458,39.504585]],[[-119.886448,39.505486],[-119.886519,39.505354],[-119.886553,39.505293],[-119.886582,39.505256]],[[-119.891673,39.504616],[-119.891548,39.504595],[-119.891499,39.504588],[-119.891458,39.504585]],[[-119.819177,39.523948],[-119.819264,39.523926]],[[-119.835737,39.519698],[-119.8354,39.519709],[-119.83504,39.519718],[-119.834684,39.519727],[-119.834162,39.51974],[-119.833908,39.519747],[-119.833671,39.519753],[-119.833623,39.519754],[-119.833265,39.519763],[-119.833234,39.519764],[-119.832938,39.51977],[-119.832747,39.519774],[-119.832449,39.519781],[-119.832262,39.519787],[-119.832103,39.519792],[-119.831349,39.519833],[-119.831176,39.519844],[-119.830969,39.519852],[-119.830828,39.519854],[-119.830714,39.519853],[-119.830448,39.519849],[-119.829924,39.519845],[-119.829698,39.519843],[-119.829442,39.519848],[-119.829341,39.519851],[-119.82906,39.519859],[-119.82832,39.519887],[-119.826857,39.519947],[-119.826765,39.519951],[-119.826491,39.51996],[-119.826421,39.519962]],[[-119.567194,39.545242],[-119.567165,39.545253],[-119.567084,39.545267],[-119.566997,39.545268],[-119.566906,39.545262],[-119.56678,39.545251],[-119.566609,39.545246],[-119.566476,39.545247],[-119.566371,39.545255],[-119.566305,39.545267],[-119.566227,39.545291],[-119.566145,39.545323],[-119.566067,39.545367],[-119.566015,39.54539],[-119.565995,39.545395],[-119.565947,39.54539],[-119.565856,39.545391],[-119.565737,39.545383],[-119.565577,39.54537],[-119.565401,39.545344],[-119.565234,39.545318],[-119.565122,39.545308],[-119.565005,39.545312],[-119.564909,39.545322],[-119.564825,39.545321],[-119.564716,39.545332],[-119.564606,39.545343],[-119.564501,39.545348],[-119.564392,39.545359],[-119.564255,39.545364],[-119.564169,39.545386],[-119.564112,39.545418],[-119.564038,39.545486],[-119.563873,39.545645],[-119.56381,39.545715],[-119.563727,39.545809],[-119.563671,39.545879],[-119.563623,39.54594],[-119.563583,39.54597],[-119.563518,39.545981],[-119.563385,39.545985],[-119.563299,39.545987],[-119.563221,39.545996],[-119.563105,39.546009],[-119.563002,39.546009],[-119.56285,39.546008],[-119.562761,39.546008],[-119.562681,39.546017],[-119.562586,39.54602],[-119.562486,39.546017],[-119.562425,39.546013],[-119.562372,39.545999],[-119.562301,39.545967],[-119.562247,39.54595],[-119.562161,39.545925]],[[-119.590242,39.54445],[-119.590038,39.544463],[-119.589824,39.544424],[-119.589712,39.544418],[-119.589624,39.544425],[-119.589557,39.544447],[-119.589391,39.544543],[-119.589259,39.544608],[-119.589061,39.5447],[-119.588745,39.54484],[-119.588618,39.544894],[-119.588493,39.544931],[-119.588277,39.544988],[-119.588118,39.545041],[-119.587823,39.545149],[-119.5877,39.545196],[-119.58754,39.545239],[-119.587424,39.545266],[-119.587358,39.545311],[-119.58732,39.545344],[-119.587211,39.545427],[-119.587122,39.545478],[-119.586956,39.545554],[-119.586733,39.545639],[-119.586558,39.545706],[-119.586279,39.545826],[-119.586176,39.545874],[-119.585996,39.545929],[-119.585864,39.545999],[-119.585786,39.546069],[-119.585766,39.546156],[-119.585718,39.546217],[-119.585609,39.546268],[-119.585462,39.546312],[-119.585369,39.546379],[-119.585226,39.546468],[-119.585158,39.5465],[-119.58508,39.546533],[-119.584905,39.546564],[-119.584758,39.546625],[-119.584665,39.546663],[-119.58457,39.546675],[-119.584506,39.546701],[-119.584446,39.546741],[-119.584391,39.546795],[-119.584357,39.54687],[-119.584294,39.54695],[-119.584245,39.546983],[-119.584175,39.547019],[-119.584086,39.547038],[-119.583977,39.54705],[-119.583915,39.547062],[-119.583793,39.547075]],[[-119.583793,39.547075],[-119.583779,39.546999],[-119.583771,39.546972],[-119.583758,39.546945],[-119.583734,39.54692]],[[-119.595122,39.539814],[-119.595234,39.539606],[-119.595327,39.53945],[-119.595371,39.53936],[-119.595445,39.539177],[-119.595546,39.538967],[-119.595713,39.538644],[-119.595795,39.538488],[-119.595863,39.538365],[-119.595902,39.53828],[-119.595986,39.538094],[-119.596047,39.537964],[-119.596097,39.537867],[-119.59616,39.537789],[-119.596283,39.537648],[-119.596339,39.537565],[-119.596418,39.537452],[-119.596465,39.537385],[-119.596515,39.537313],[-119.596574,39.537228],[-119.596646,39.537131],[-119.59669,39.537072],[-119.59678,39.536955],[-119.596921,39.53677],[-119.597012,39.536672],[-119.597106,39.536577],[-119.597213,39.536445],[-119.59728,39.536365],[-119.597339,39.536315],[-119.597414,39.53626],[-119.597481,39.536206],[-119.597509,39.536166],[-119.59753,39.536105],[-119.597547,39.535965],[-119.597597,39.535852],[-119.597666,39.535663],[-119.59769,39.535574],[-119.5977,39.535475],[-119.597698,39.535343],[-119.597681,39.535191],[-119.597684,39.534925],[-119.597682,39.534823],[-119.597677,39.534722],[-119.597658,39.534601],[-119.597658,39.534567],[-119.597671,39.534513],[-119.597751,39.534355],[-119.597782,39.534314],[-119.597818,39.534278],[-119.597872,39.534231],[-119.597915,39.534186],[-119.597948,39.53412],[-119.59799,39.533991],[-119.598081,39.533732],[-119.598115,39.533657],[-119.598143,39.533591],[-119.598202,39.533527],[-119.598291,39.533442],[-119.598367,39.533386],[-119.598434,39.533324],[-119.598512,39.533246],[-119.598552,39.533192],[-119.598607,39.533128],[-119.598642,39.533077],[-119.598673,39.533048],[-119.598731,39.53302],[-119.598813,39.532985],[-119.598859,39.53296],[-119.598891,39.532937],[-119.59892,39.532889],[-119.598937,39.532866],[-119.598956,39.532844],[-119.599,39.532802],[-119.599047,39.532747],[-119.599121,39.532669],[-119.599147,39.532635],[-119.599176,39.532621],[-119.599217,39.532604],[-119.599412,39.532561],[-119.599611,39.532528],[-119.599776,39.532503],[-119.599845,39.532498],[-119.599945,39.532494]],[[-119.553365,39.557289],[-119.553117,39.557194],[-119.552975,39.557092],[-119.552881,39.557066],[-119.55278,39.55708],[-119.552609,39.557195],[-119.552346,39.557427],[-119.552194,39.557594],[-119.55206,39.557669],[-119.551847,39.557814],[-119.551631,39.557999],[-119.551482,39.558169],[-119.551198,39.558583],[-119.55086,39.558974],[-119.550639,39.559176],[-119.550333,39.559365],[-119.549967,39.559529],[-119.549642,39.559663],[-119.549166,39.559979],[-119.548534,39.560456],[-119.548231,39.560729],[-119.547845,39.561016],[-119.547283,39.561368],[-119.546842,39.561631],[-119.546261,39.561892],[-119.545781,39.562156],[-119.545524,39.562304]],[[-119.994225,39.510018],[-119.994024,39.509953]],[[-119.994024,39.509953],[-119.993873,39.509904],[-119.99381,39.509885],[-119.993767,39.509877]],[[-119.992351,39.494702],[-119.992264,39.494275],[-119.992208,39.494033],[-119.992103,39.493108],[-119.992012,39.492242],[-119.991899,39.490932],[-119.991838,39.49022],[-119.991814,39.490088],[-119.991784,39.489959],[-119.991736,39.489794],[-119.991714,39.489589],[-119.991728,39.489435],[-119.991685,39.488993],[-119.991647,39.488694],[-119.991607,39.487941],[-119.991577,39.487521],[-119.99154,39.486993],[-119.991518,39.486736],[-119.991497,39.486592],[-119.991476,39.486497],[-119.991461,39.486449]],[[-119.519145,39.566562],[-119.519026,39.566611],[-119.517476,39.566793],[-119.51721,39.566818],[-119.515227,39.56701],[-119.515029,39.567027],[-119.514704,39.567059]],[[-119.514527,39.567076],[-119.514514,39.567002],[-119.514495,39.566936],[-119.514462,39.566874],[-119.514409,39.566793],[-119.514404,39.566689],[-119.514403,39.566601],[-119.51439,39.566516],[-119.5144,39.566398],[-119.514342,39.566231],[-119.514289,39.566099],[-119.514101,39.565708],[-119.51397,39.565382],[-119.513785,39.56528],[-119.513535,39.565112],[-119.513315,39.56499],[-119.512,39.564811],[-119.511751,39.564733],[-119.511582,39.564617],[-119.511037,39.564047],[-119.510798,39.563877],[-119.510519,39.563745],[-119.510318,39.563711],[-119.510002,39.563703],[-119.509503,39.563742],[-119.508395,39.563852],[-119.507996,39.563891],[-119.507891,39.563924],[-119.507869,39.563978],[-119.507899,39.564092],[-119.508103,39.564468],[-119.508151,39.564685],[-119.508122,39.565273],[-119.508079,39.565494],[-119.508022,39.565608],[-119.50791,39.565672],[-119.507703,39.565732],[-119.507346,39.565767],[-119.506611,39.565868],[-119.506019,39.565945],[-119.505734,39.565945],[-119.50519,39.565901],[-119.504262,39.565833],[-119.504106,39.56579],[-119.503924,39.565748],[-119.50376,39.565746],[-119.503508,39.565761],[-119.503409,39.56574],[-119.503328,39.565699],[-119.5032,39.565688],[-119.502934,39.565707],[-119.502666,39.565701],[-119.502451,39.565694],[-119.502245,39.565732],[-119.501625,39.565852],[-119.501491,39.565839],[-119.500585,39.565717],[-119.50033,39.565657],[-119.5,39.565549],[-119.499066,39.565294],[-119.49861,39.565145],[-119.498305,39.56505],[-119.49813,39.564984],[-119.497956,39.564883],[-119.497846,39.564771],[-119.497787,39.564744],[-119.497642,39.56472],[-119.497478,39.564674],[-119.497366,39.564635],[-119.497307,39.564635],[-119.497218,39.56467],[-119.497111,39.564767],[-119.49698,39.564846],[-119.496784,39.564903],[-119.496548,39.56497],[-119.496336,39.565052],[-119.496205,39.565131],[-119.496154,39.565199],[-119.496092,39.565348],[-119.496038,39.565549],[-119.495944,39.56571],[-119.495813,39.565884],[-119.495714,39.565956],[-119.495491,39.56602],[-119.495172,39.566115],[-119.494834,39.56615],[-119.49448,39.56615],[-119.494029,39.566119],[-119.493734,39.566082],[-119.492525,39.565933],[-119.492343,39.565914],[-119.492239,39.565887],[-119.492195,39.565843],[-119.492173,39.565724],[-119.49216,39.565622],[-119.492125,39.565571],[-119.492052,39.565541],[-119.491973,39.565543],[-119.491905,39.565582],[-119.49176,39.565827],[-119.491712,39.565973],[-119.491683,39.566083]],[[-119.545524,39.562304],[-119.544024,39.562638],[-119.543695,39.562707],[-119.543417,39.562764],[-119.54307,39.562823],[-119.542839,39.562869]],[[-119.553632,39.557084],[-119.553429,39.557229],[-119.553365,39.557289]],[[-119.553632,39.557084],[-119.553036,39.556621]],[[-119.553471,39.553793],[-119.553526,39.553853],[-119.55356,39.553906],[-119.553597,39.553981],[-119.553615,39.554037],[-119.553627,39.554113],[-119.553624,39.554188],[-119.553609,39.554259],[-119.553578,39.554328],[-119.553532,39.554407],[-119.553462,39.554499],[-119.553154,39.554907],[-119.552994,39.555121],[-119.552884,39.555261],[-119.552811,39.555345],[-119.552743,39.555416],[-119.552665,39.55549],[-119.552542,39.555589],[-119.552308,39.555782],[-119.552141,39.555922]],[[-119.554165,39.552133],[-119.554159,39.55218],[-119.554129,39.552324],[-119.55408,39.552505],[-119.554029,39.552652],[-119.553971,39.552791],[-119.553901,39.552926],[-119.553849,39.55302],[-119.553782,39.55313],[-119.553707,39.553253],[-119.553627,39.553398],[-119.553581,39.553493],[-119.553542,39.553591],[-119.553471,39.553793]],[[-119.55495,39.551896],[-119.557235,39.551166],[-119.557424,39.551104]],[[-119.554165,39.552133],[-119.55495,39.551896]],[[-119.561274,39.545815],[-119.561201,39.545838],[-119.561083,39.545856],[-119.560967,39.545867],[-119.560853,39.54587],[-119.560754,39.545876],[-119.560648,39.545897],[-119.560553,39.54592],[-119.560438,39.545954],[-119.560292,39.545994],[-119.560158,39.546021],[-119.560012,39.54605],[-119.559856,39.546078],[-119.559753,39.546084],[-119.559611,39.546101],[-119.559501,39.546116],[-119.55941,39.546123],[-119.559303,39.546132],[-119.559207,39.546134],[-119.559106,39.546132],[-119.559013,39.546138],[-119.558936,39.546146],[-119.558858,39.546164],[-119.55876,39.546195],[-119.558696,39.54621],[-119.558638,39.546208],[-119.558572,39.546211],[-119.55852,39.546228],[-119.558418,39.546275],[-119.558286,39.546337],[-119.557998,39.546443],[-119.557951,39.546448],[-119.557912,39.546434],[-119.557873,39.546412]],[[-119.557873,39.546412],[-119.557781,39.546351],[-119.557738,39.546293],[-119.557697,39.546253],[-119.557662,39.546253],[-119.557611,39.546268],[-119.557529,39.546293],[-119.557451,39.546307],[-119.557385,39.546309],[-119.55732,39.546299],[-119.557246,39.546287],[-119.557195,39.546289],[-119.557171,39.546296],[-119.557141,39.546324],[-119.55709,39.54638],[-119.557033,39.546412],[-119.55696,39.546457],[-119.556832,39.54655],[-119.556741,39.546615],[-119.556524,39.546759],[-119.556222,39.546961],[-119.556106,39.54704],[-119.556018,39.547125],[-119.555918,39.547238],[-119.555876,39.547315],[-119.55584,39.547362],[-119.555798,39.547399],[-119.555702,39.547489],[-119.555632,39.547593],[-119.555611,39.547639],[-119.555605,39.547688],[-119.5556,39.54779],[-119.555586,39.547932],[-119.55557,39.548025],[-119.555549,39.548176],[-119.555561,39.54825],[-119.555569,39.548311],[-119.555583,39.548379],[-119.555593,39.548435],[-119.555596,39.548487],[-119.555612,39.548554],[-119.555643,39.548643],[-119.555674,39.548729],[-119.555719,39.54875],[-119.555772,39.54876],[-119.555874,39.54876],[-119.556083,39.548716],[-119.556556,39.548588],[-119.556768,39.548527],[-119.556962,39.548482],[-119.557208,39.54847],[-119.557345,39.548435],[-119.557367,39.548425],[-119.557393,39.548404],[-119.557439,39.548392],[-119.557472,39.548396],[-119.55749,39.548416],[-119.557531,39.548441],[-119.557583,39.548464],[-119.557646,39.548485],[-119.557728,39.548499],[-119.557778,39.548495],[-119.557834,39.548513],[-119.557948,39.548507],[-119.558029,39.548546],[-119.558128,39.54865],[-119.558259,39.548772],[-119.558364,39.548933],[-119.558436,39.549138],[-119.558472,39.549384],[-119.558475,39.549617],[-119.558485,39.549806],[-119.558466,39.549971],[-119.558412,39.550124],[-119.558356,39.550319],[-119.558302,39.550513],[-119.558265,39.55061],[-119.558189,39.55071],[-119.558053,39.550854],[-119.557919,39.550957],[-119.557853,39.550996],[-119.557765,39.55102],[-119.557618,39.551055],[-119.557424,39.551104]],[[-119.562161,39.545925],[-119.562048,39.545872],[-119.561991,39.545825],[-119.561886,39.545781],[-119.561726,39.545765],[-119.561541,39.545767],[-119.561274,39.545815]],[[-119.573146,39.546304],[-119.573042,39.546261],[-119.572392,39.546174],[-119.572283,39.546039],[-119.572136,39.545969],[-119.571935,39.54594],[-119.57171,39.545872],[-119.571554,39.545843],[-119.571346,39.545831],[-119.571081,39.545754],[-119.570998,39.545731],[-119.570951,39.545726],[-119.570912,39.545707],[-119.570861,39.545687],[-119.570806,39.545667],[-119.570712,39.545639],[-119.570615,39.545616],[-119.570497,39.545566],[-119.570357,39.545506],[-119.570121,39.54545],[-119.56988,39.545427],[-119.569604,39.545419],[-119.569268,39.545483],[-119.569054,39.545498],[-119.56881,39.545465],[-119.56863,39.545386],[-119.5685,39.545291],[-119.568369,39.545246],[-119.568124,39.545277],[-119.567906,39.545266],[-119.567601,39.545218],[-119.56749,39.545227],[-119.567194,39.545242]],[[-119.583419,39.546633],[-119.583263,39.546506],[-119.583071,39.546382]],[[-119.583071,39.546382],[-119.582956,39.546569],[-119.582832,39.54679],[-119.582706,39.546925],[-119.582518,39.547045],[-119.582313,39.547154],[-119.582116,39.547222],[-119.582014,39.547239],[-119.581841,39.547232],[-119.5817,39.547238],[-119.581548,39.547211],[-119.581461,39.547188],[-119.581217,39.547023],[-119.581099,39.546863],[-119.581021,39.546828],[-119.581012,39.546795],[-119.581057,39.546748],[-119.581043,39.54672],[-119.580938,39.546714],[-119.580763,39.546698],[-119.580488,39.546704],[-119.580326,39.546673],[-119.580163,39.546656],[-119.579589,39.546584],[-119.579297,39.546557],[-119.579093,39.546495],[-119.57894,39.546489],[-119.578715,39.546526],[-119.578562,39.54655],[-119.57848,39.546574],[-119.578395,39.546582],[-119.578093,39.546566],[-119.57798,39.546559],[-119.577885,39.546579],[-119.577694,39.546606],[-119.577588,39.546604],[-119.57738,39.546591],[-119.577177,39.546592],[-119.57704,39.546615],[-119.576938,39.546623],[-119.576791,39.546606],[-119.57667,39.546613],[-119.576567,39.546655],[-119.576386,39.546702],[-119.576235,39.54674],[-119.57618,39.546735],[-119.575977,39.546721],[-119.575838,39.546709],[-119.575727,39.546712],[-119.575615,39.546708],[-119.575519,39.54669],[-119.575367,39.546663],[-119.575278,39.546693],[-119.575209,39.546734],[-119.575138,39.546735],[-119.575083,39.54671],[-119.575066,39.546679],[-119.575005,39.546579],[-119.574976,39.546557],[-119.574897,39.546546],[-119.574758,39.546544],[-119.574623,39.546542],[-119.574441,39.546522],[-119.574328,39.546511],[-119.574197,39.546534],[-119.57408,39.546544],[-119.573977,39.546542],[-119.573757,39.546474],[-119.573658,39.54646],[-119.573567,39.546424],[-119.573347,39.546344],[-119.573229,39.546323],[-119.573146,39.546304]],[[-119.595122,39.539814],[-119.595072,39.539898],[-119.595019,39.539988],[-119.594915,39.540157],[-119.594868,39.540249],[-119.594833,39.540328],[-119.594808,39.540369],[-119.594745,39.540432],[-119.594477,39.54067],[-119.594151,39.54096],[-119.593852,39.541226],[-119.593529,39.541513],[-119.593227,39.541785],[-119.593035,39.541967],[-119.592832,39.542143],[-119.592616,39.542332],[-119.592478,39.542459],[-119.59226,39.542667],[-119.592193,39.542736],[-119.5921,39.542819],[-119.591935,39.542949],[-119.591808,39.543052],[-119.591591,39.54324],[-119.59136,39.543448],[-119.590972,39.543795],[-119.590685,39.544057],[-119.59038,39.544328],[-119.590242,39.54445]],[[-119.60784,39.528015],[-119.607843,39.527999],[-119.607901,39.527963],[-119.607959,39.527904],[-119.608016,39.527857],[-119.608069,39.527811],[-119.608156,39.527731],[-119.608242,39.527659],[-119.608311,39.527594],[-119.608377,39.527531],[-119.608457,39.527473],[-119.608526,39.527393],[-119.608557,39.527344],[-119.608611,39.527282],[-119.608676,39.527215],[-119.608708,39.527162],[-119.608737,39.527095],[-119.608762,39.527022],[-119.608782,39.526985],[-119.608817,39.526956],[-119.608955,39.526886],[-119.609075,39.526817],[-119.609229,39.52673],[-119.609302,39.526685],[-119.609374,39.526646],[-119.609426,39.526611],[-119.609495,39.526553],[-119.609526,39.526511],[-119.609542,39.526452],[-119.609555,39.526345],[-119.609566,39.526276],[-119.609593,39.526202],[-119.60964,39.526139],[-119.609694,39.526098],[-119.609773,39.526063],[-119.609861,39.52604],[-119.610165,39.525961],[-119.61076,39.525814],[-119.610958,39.525756],[-119.611131,39.525701],[-119.611286,39.525644],[-119.611367,39.525608],[-119.611437,39.525572],[-119.611525,39.525532],[-119.611713,39.525458],[-119.611819,39.525411],[-119.611921,39.525357],[-119.612056,39.525281],[-119.612177,39.525199],[-119.612418,39.525028],[-119.612568,39.524931],[-119.612771,39.524804],[-119.613128,39.524581],[-119.613455,39.524382],[-119.613602,39.524296],[-119.613753,39.524202],[-119.613884,39.524115],[-119.614014,39.524019],[-119.614129,39.523922],[-119.614321,39.523747],[-119.614468,39.52362],[-119.614583,39.523528],[-119.614686,39.523454],[-119.614794,39.523385],[-119.614938,39.523311],[-119.615338,39.523108],[-119.615491,39.523017],[-119.615649,39.522916],[-119.615874,39.52276],[-119.616011,39.522659],[-119.6161,39.522587],[-119.6162,39.522497],[-119.616336,39.522351],[-119.616625,39.522003],[-119.616849,39.521735],[-119.61696,39.521607],[-119.617082,39.521478],[-119.617203,39.521364],[-119.617302,39.521289],[-119.617399,39.52122],[-119.617526,39.52114],[-119.617647,39.521058],[-119.617747,39.520981],[-119.617857,39.520885],[-119.617941,39.520802],[-119.618062,39.520676],[-119.618169,39.52056],[-119.618268,39.520451],[-119.618328,39.520375],[-119.61841,39.520272],[-119.618463,39.520209],[-119.61854,39.520119],[-119.618617,39.520018],[-119.618799,39.519774],[-119.619032,39.519461],[-119.61922,39.519239]],[[-119.602711,39.529955],[-119.602692,39.53],[-119.602659,39.530041],[-119.602541,39.530045],[-119.602442,39.530119],[-119.602388,39.530141],[-119.602316,39.53013],[-119.602241,39.530165],[-119.602117,39.53018],[-119.601946,39.530242],[-119.601826,39.530323],[-119.601671,39.53042],[-119.601541,39.530481],[-119.6015,39.530546],[-119.601426,39.530598],[-119.601372,39.530659],[-119.601319,39.530673],[-119.601268,39.53074],[-119.601221,39.530769],[-119.600999,39.530911],[-119.600931,39.530958],[-119.6009,39.530992],[-119.600854,39.531063],[-119.600817,39.531138],[-119.600717,39.531242],[-119.600666,39.531295],[-119.600582,39.531435],[-119.600537,39.531497],[-119.600483,39.531598],[-119.600381,39.531663],[-119.600338,39.531692],[-119.600294,39.531776],[-119.600235,39.531825],[-119.600195,39.531883],[-119.600142,39.531955],[-119.6001,39.531989],[-119.600069,39.53203],[-119.600045,39.532162],[-119.600003,39.532252],[-119.599979,39.532305],[-119.599958,39.532409],[-119.599945,39.532494]],[[-119.60784,39.528015],[-119.607733,39.528056],[-119.607637,39.528123],[-119.607382,39.528299],[-119.607327,39.528424],[-119.607289,39.528527],[-119.607222,39.528616],[-119.607107,39.52867],[-119.606911,39.528718],[-119.606749,39.528788],[-119.606658,39.528848],[-119.606602,39.5289],[-119.606568,39.528986],[-119.606524,39.529036],[-119.606511,39.529086],[-119.606507,39.529101],[-119.606505,39.529115],[-119.606495,39.529131],[-119.606478,39.529183],[-119.606438,39.529237],[-119.606382,39.529295],[-119.606321,39.529354],[-119.606241,39.52944],[-119.606186,39.529502],[-119.606174,39.529577],[-119.60617,39.52965],[-119.606107,39.529681],[-119.606061,39.529764],[-119.605926,39.529908],[-119.6058,39.530043],[-119.605707,39.530162],[-119.605584,39.53036],[-119.60548,39.530467],[-119.605352,39.530557],[-119.605189,39.530579],[-119.604878,39.530569],[-119.604651,39.530529],[-119.604483,39.530459],[-119.6043,39.530318],[-119.604181,39.530245],[-119.604065,39.530206],[-119.603901,39.530191],[-119.603697,39.530184],[-119.603552,39.530151],[-119.603449,39.530101],[-119.603345,39.530029],[-119.603256,39.529977],[-119.603153,39.529925],[-119.60309,39.529902],[-119.603037,39.5299],[-119.602735,39.529928],[-119.602711,39.529955]],[[-119.852618,39.51076],[-119.852966,39.510699],[-119.853166,39.510677],[-119.853355,39.51067],[-119.853983,39.510689],[-119.854464,39.510703],[-119.854612,39.510714],[-119.854655,39.510717],[-119.854963,39.510765],[-119.855018,39.51077],[-119.855156,39.510791]],[[-119.985522,39.51993],[-119.985683,39.519904],[-119.986046,39.519836],[-119.986442,39.51975],[-119.986609,39.519711],[-119.986722,39.519681],[-119.986806,39.51966],[-119.987142,39.51957],[-119.987514,39.519454],[-119.987659,39.519404]],[[-119.988168,39.519219],[-119.988463,39.519099],[-119.988542,39.519065],[-119.988715,39.518989],[-119.989035,39.518838],[-119.989179,39.518768],[-119.989458,39.518621],[-119.989595,39.518546]],[[-119.990465,39.518053],[-119.990677,39.517934],[-119.991382,39.517531]],[[-119.991382,39.517531],[-119.991579,39.517419],[-119.991884,39.517245]],[[-119.969704,39.522395],[-119.970148,39.522353],[-119.9707,39.522284],[-119.971253,39.522204],[-119.972088,39.522069],[-119.97309,39.52191]],[[-119.964785,39.52261],[-119.964894,39.522614],[-119.965004,39.522624],[-119.965083,39.522635],[-119.965156,39.522647],[-119.965249,39.522655],[-119.965337,39.522657],[-119.965427,39.522657],[-119.965517,39.522654],[-119.965584,39.522647],[-119.96565,39.522635],[-119.96572,39.522624],[-119.965792,39.522622],[-119.965858,39.522627],[-119.965922,39.522638],[-119.96597,39.522651],[-119.966016,39.522666]],[[-119.966085,39.522474],[-119.965981,39.522506],[-119.965874,39.522534],[-119.965798,39.52255],[-119.965721,39.522563],[-119.965643,39.522571],[-119.965565,39.522574],[-119.96512,39.52258],[-119.965041,39.522582],[-119.964962,39.522588],[-119.964873,39.522597],[-119.964785,39.52261]],[[-119.966334,39.522703],[-119.966454,39.522667],[-119.966555,39.522644],[-119.966657,39.522626],[-119.966775,39.522611],[-119.966894,39.522603],[-119.96698,39.522597],[-119.967065,39.522585],[-119.967152,39.522568],[-119.967236,39.522546]],[[-119.967236,39.522546],[-119.967062,39.522536],[-119.966972,39.522532],[-119.966882,39.522533],[-119.96681,39.522537],[-119.966739,39.522545],[-119.966681,39.522554],[-119.966622,39.52256],[-119.966559,39.522562],[-119.966496,39.52256],[-119.96643,39.52255],[-119.966366,39.522533]],[[-119.966042,39.522696],[-119.966076,39.522721],[-119.966117,39.522739],[-119.966162,39.522749],[-119.96621,39.52275],[-119.966255,39.522742],[-119.966298,39.522726],[-119.966334,39.522703]],[[-119.896868,39.502986],[-119.896835,39.502975],[-119.896772,39.50299],[-119.896681,39.503035],[-119.896655,39.503123],[-119.896637,39.503255],[-119.896646,39.503358]],[[-119.831371,39.522089],[-119.831316,39.522022],[-119.831296,39.521986],[-119.831264,39.521958],[-119.831191,39.521913],[-119.831127,39.521895],[-119.831041,39.521864]],[[-119.830525,39.521556],[-119.830483,39.521505],[-119.830457,39.521467],[-119.830401,39.521456],[-119.830337,39.52144],[-119.830329,39.521431]],[[-119.896774,39.509115],[-119.896751,39.50909],[-119.89671,39.509064],[-119.896661,39.509049],[-119.896608,39.509045],[-119.896556,39.509053],[-119.896502,39.509076],[-119.896462,39.509112],[-119.89644,39.509156],[-119.896438,39.509203],[-119.896456,39.509248],[-119.896492,39.509285],[-119.896541,39.50931],[-119.896598,39.509323],[-119.896657,39.50932],[-119.896712,39.509302],[-119.896756,39.509273],[-119.896786,39.509233],[-119.896798,39.509189],[-119.89679,39.509144],[-119.896774,39.509115]],[[-119.896669,39.508863],[-119.896585,39.509005],[-119.896556,39.509053]],[[-119.896751,39.50909],[-119.896669,39.508863]],[[-119.896712,39.509302],[-119.896789,39.509307],[-119.896966,39.509308],[-119.897126,39.50932],[-119.89739,39.509329],[-119.897763,39.50933],[-119.897877,39.509311]],[[-119.897877,39.509311],[-119.897762,39.509277],[-119.897567,39.509263],[-119.897089,39.509265],[-119.896981,39.509244],[-119.896878,39.509199],[-119.896838,39.509175],[-119.89679,39.509144]],[[-119.514704,39.567059],[-119.514685,39.566829],[-119.51482,39.566635],[-119.515053,39.566109],[-119.515186,39.565823],[-119.51522,39.565642],[-119.515152,39.565546],[-119.514676,39.565367],[-119.514549,39.565312],[-119.514282,39.565338],[-119.514093,39.565334],[-119.514005,39.565273],[-119.513858,39.565118],[-119.513603,39.564906],[-119.513357,39.564834],[-119.513011,39.564651],[-119.512581,39.56457],[-119.512303,39.564496],[-119.512032,39.564365],[-119.51185,39.564288],[-119.511635,39.564116],[-119.511406,39.563994],[-119.511103,39.563948],[-119.510939,39.563856],[-119.51067,39.563688],[-119.510401,39.563601],[-119.510041,39.563572],[-119.509599,39.56359],[-119.508657,39.563673],[-119.508277,39.563721],[-119.508099,39.563802],[-119.507996,39.563891]],[[-119.514704,39.567059],[-119.514527,39.567076]],[[-119.89689,39.503358],[-119.896956,39.503275],[-119.896993,39.503137],[-119.896984,39.503081],[-119.89698,39.50306],[-119.896942,39.503009],[-119.896868,39.502986]],[[-119.897145,39.502841],[-119.896868,39.502986]],[[-119.896646,39.503358],[-119.896749,39.503354]],[[-119.89689,39.503358],[-119.896749,39.503354]],[[-119.827463,39.519988],[-119.827652,39.520021],[-119.828134,39.520083],[-119.828447,39.520125],[-119.828548,39.520144],[-119.828631,39.52017],[-119.828834,39.520249],[-119.829008,39.520358],[-119.829082,39.520411],[-119.829205,39.520503],[-119.829308,39.520562],[-119.82946,39.520643],[-119.829563,39.5207],[-119.829582,39.520714],[-119.829569,39.520741],[-119.82956,39.52078],[-119.829554,39.520827],[-119.829563,39.520876],[-119.829593,39.520931],[-119.829633,39.520975],[-119.829675,39.521012],[-119.829704,39.521037],[-119.829834,39.521124],[-119.829867,39.521143],[-119.829939,39.521192],[-119.829973,39.521214],[-119.830078,39.521276],[-119.830329,39.521431],[-119.830346,39.521452],[-119.830384,39.521483],[-119.830525,39.521556],[-119.830759,39.521695],[-119.831041,39.521864],[-119.831242,39.522002],[-119.831288,39.52203],[-119.831371,39.522089],[-119.831417,39.522119],[-119.831532,39.522197],[-119.831892,39.522422],[-119.832015,39.522498],[-119.832124,39.522556],[-119.832252,39.522617],[-119.832371,39.522663],[-119.832483,39.522714],[-119.832596,39.522764],[-119.832655,39.52278],[-119.832713,39.522803],[-119.832789,39.522822],[-119.832854,39.522844],[-119.832983,39.522904],[-119.833098,39.522952],[-119.83319,39.522977],[-119.833332,39.523017],[-119.833444,39.523043],[-119.833551,39.523061],[-119.83362,39.523068]],[[-119.836903,39.520591],[-119.836837,39.519984]],[[-119.836943,39.520942],[-119.836925,39.520696]],[[-119.836925,39.520696],[-119.836917,39.520658],[-119.836903,39.520591]],[[-119.836827,39.519888],[-119.836817,39.519798]],[[-119.836837,39.519984],[-119.836832,39.519942],[-119.836827,39.519888]],[[-119.987659,39.519404],[-119.987763,39.519368],[-119.987848,39.519339],[-119.988168,39.519219]],[[-119.990191,39.518206],[-119.990465,39.518053]],[[-119.914247,39.514521],[-119.914514,39.514953],[-119.914542,39.514995]],[[-119.826417,39.520224],[-119.82642,39.520017]],[[-119.966334,39.522703],[-119.966362,39.522673],[-119.966379,39.52264],[-119.966386,39.522604],[-119.966382,39.522568],[-119.966366,39.522533]],[[-119.966085,39.522474],[-119.966049,39.522497],[-119.966021,39.522526],[-119.966003,39.52256],[-119.965996,39.522596],[-119.966001,39.522632],[-119.966016,39.522666]],[[-119.966366,39.522533],[-119.966341,39.522503],[-119.966306,39.522478],[-119.966265,39.522461],[-119.96622,39.522451],[-119.966173,39.52245],[-119.966127,39.522458],[-119.966085,39.522474]],[[-119.823205,39.520955],[-119.823316,39.520914],[-119.82356,39.520835],[-119.823777,39.520769],[-119.824056,39.520698],[-119.824222,39.520668],[-119.824314,39.520651]],[[-119.824314,39.520651],[-119.824378,39.52064],[-119.824586,39.520607]],[[-119.952145,39.514748],[-119.952255,39.514811]],[[-119.952255,39.514811],[-119.952373,39.514878],[-119.953451,39.515519],[-119.953931,39.515797],[-119.954022,39.515852]],[[-119.954022,39.515852],[-119.954521,39.516155],[-119.954856,39.516351],[-119.955289,39.516604],[-119.955873,39.516951],[-119.956668,39.517419],[-119.957106,39.517677],[-119.957566,39.517947],[-119.957861,39.518137],[-119.958153,39.51834],[-119.958475,39.518615],[-119.958691,39.518798]],[[-119.958691,39.518798],[-119.958904,39.519027],[-119.959056,39.5192],[-119.959193,39.51938],[-119.959213,39.51941],[-119.959371,39.519643],[-119.959576,39.519982],[-119.959791,39.520383],[-119.960019,39.520803],[-119.960171,39.521042],[-119.960324,39.52124],[-119.960528,39.521455]],[[-119.966016,39.522666],[-119.966042,39.522696]],[[-119.967236,39.522546],[-119.967543,39.522527],[-119.969181,39.522436],[-119.969704,39.522395]],[[-119.97309,39.52191],[-119.974579,39.521669]],[[-119.992317,39.517001],[-119.992633,39.516821],[-119.9928,39.516719]],[[-119.989595,39.518546],[-119.989878,39.518386],[-119.990051,39.518287],[-119.990191,39.518206]],[[-119.846148,39.515779],[-119.846542,39.515621],[-119.846618,39.51559],[-119.846727,39.515529],[-119.846824,39.515454],[-119.846904,39.515371],[-119.846965,39.515281],[-119.847182,39.514852],[-119.847204,39.51481],[-119.848012,39.513215],[-119.848138,39.513006],[-119.848205,39.512896],[-119.848746,39.512071]],[[-119.842934,39.517058],[-119.843475,39.516854],[-119.843509,39.51684],[-119.844939,39.516268],[-119.845307,39.516125],[-119.84603,39.515828],[-119.846148,39.515779]]]}},{"type":"Feature","properties":{"t":"rcn","r":"2, TPB","n":"Tahoe-Pyramid Bikeway"},"geometry":{"type":"MultiLineString","coordinates":[[[-119.81015,39.526195],[-119.810002,39.525994]],[[-119.81017,39.526226],[-119.81015,39.526195]],[[-119.792764,39.530203],[-119.792781,39.53013],[-119.79285,39.530078],[-119.793004,39.530038],[-119.793159,39.530011],[-119.793382,39.529972],[-119.793462,39.529955],[-119.79351,39.529945],[-119.793622,39.529919],[-119.793759,39.529879],[-119.793779,39.529876],[-119.794103,39.529833],[-119.794412,39.529806],[-119.794678,39.529773],[-119.794961,39.52974],[-119.795244,39.529707],[-119.795476,39.5297],[-119.795639,39.529674],[-119.795819,39.52966],[-119.796017,39.529654],[-119.796334,39.529627],[-119.796635,39.529614],[-119.796832,39.529607],[-119.797072,39.529607],[-119.797244,39.529607],[-119.797398,39.529621],[-119.797613,39.529641],[-119.797768,39.529641],[-119.79821,39.529641],[-119.798622,39.529553],[-119.798811,39.529541],[-119.798933,39.529543],[-119.799005,39.529529],[-119.799085,39.529512],[-119.799139,39.529518],[-119.799262,39.529531],[-119.79958,39.529527],[-119.800176,39.529516],[-119.800391,39.529504],[-119.800447,39.529483],[-119.800479,39.52944],[-119.800525,39.529419],[-119.800597,39.529433],[-119.800734,39.529452],[-119.800847,39.529444],[-119.80097,39.529425],[-119.801239,39.529417],[-119.801675,39.52941],[-119.801988,39.529405],[-119.802238,39.529392],[-119.802461,39.529362],[-119.802771,39.529304],[-119.802928,39.529258],[-119.802951,39.529252],[-119.80324,39.529171],[-119.803344,39.529165],[-119.803374,39.529196],[-119.803441,39.529264],[-119.803532,39.529303],[-119.803838,39.529316],[-119.80427,39.529303],[-119.804335,39.52929],[-119.804535,39.52925],[-119.804962,39.529171],[-119.805211,39.529115],[-119.805318,39.529053],[-119.805442,39.528968],[-119.805562,39.528927],[-119.805796,39.528842],[-119.806077,39.528656],[-119.806131,39.52863],[-119.806168,39.528613],[-119.806241,39.528586],[-119.806343,39.528482],[-119.806474,39.528379],[-119.806541,39.528292],[-119.806708,39.528089],[-119.806941,39.527834],[-119.807089,39.52769],[-119.807239,39.527539],[-119.807357,39.527433],[-119.807472,39.527352],[-119.807496,39.527262],[-119.807563,39.527209],[-119.807638,39.527176],[-119.807687,39.52714],[-119.807816,39.527018],[-119.808006,39.526888],[-119.808119,39.526813],[-119.808242,39.526759],[-119.808273,39.52673],[-119.808354,39.526674],[-119.808527,39.526564],[-119.808794,39.526405],[-119.809202,39.526182],[-119.80921,39.526178],[-119.809454,39.526056],[-119.809568,39.525993],[-119.809629,39.525952],[-119.809636,39.525921],[-119.809639,39.525889],[-119.809631,39.525854],[-119.809765,39.525818],[-119.809852,39.525791]],[[-119.792918,39.530607],[-119.792764,39.530203]],[[-119.787185,39.531177],[-119.787442,39.531249],[-119.787614,39.531256],[-119.787725,39.531236],[-119.787837,39.531243],[-119.787906,39.531249],[-119.787992,39.531236],[-119.788094,39.531203],[-119.788258,39.531177],[-119.788558,39.53111],[-119.788687,39.531077],[-119.788824,39.531044],[-119.788944,39.531024],[-119.789013,39.531024],[-119.789142,39.531044],[-119.789279,39.531044],[-119.789442,39.531031],[-119.789597,39.531031],[-119.789674,39.531037],[-119.78988,39.531071],[-119.790034,39.531084],[-119.790283,39.53111],[-119.790515,39.531123],[-119.790738,39.531123],[-119.790944,39.531117],[-119.79115,39.531104],[-119.791304,39.531084],[-119.791442,39.531077],[-119.791553,39.531064],[-119.791665,39.531071],[-119.791785,39.531044],[-119.791922,39.531004],[-119.792077,39.530951],[-119.792315,39.530896],[-119.792549,39.530803],[-119.792815,39.530687],[-119.792901,39.53066],[-119.792918,39.53064],[-119.792918,39.530607]],[[-119.787236,39.531196],[-119.787185,39.531177],[-119.787107,39.531157],[-119.787013,39.531177],[-119.786936,39.53121],[-119.786841,39.531243],[-119.786712,39.531288],[-119.786584,39.531289],[-119.786464,39.531296],[-119.786378,39.531302],[-119.786292,39.531309],[-119.786116,39.531341],[-119.785846,39.531382]],[[-119.785846,39.531382],[-119.785691,39.531395],[-119.785416,39.531408],[-119.785262,39.531408],[-119.785142,39.531428],[-119.785065,39.531461],[-119.784996,39.531507],[-119.784902,39.531521],[-119.784781,39.531521],[-119.784661,39.531527],[-119.78455,39.531534],[-119.784464,39.531507],[-119.784369,39.531474],[-119.784258,39.531455],[-119.784129,39.531428],[-119.783966,39.531415],[-119.783769,39.531402],[-119.783563,39.531382],[-119.783391,39.531355],[-119.783228,39.531329],[-119.783091,39.531302],[-119.782842,39.531256],[-119.782618,39.531196],[-119.782438,39.531137],[-119.782275,39.53109],[-119.782129,39.531057],[-119.781923,39.530978],[-119.781691,39.530892],[-119.78152,39.530839],[-119.7814,39.530786],[-119.78134,39.530766],[-119.781159,39.530746],[-119.780885,39.530707],[-119.78073,39.530673],[-119.780576,39.530607],[-119.780458,39.530547],[-119.780421,39.530528],[-119.78031,39.530448],[-119.780207,39.530362],[-119.780069,39.530276],[-119.779958,39.530177],[-119.779855,39.530084],[-119.779726,39.530018],[-119.779572,39.529925],[-119.779477,39.529859],[-119.779305,39.529713],[-119.77922,39.529607],[-119.779117,39.529515],[-119.778979,39.529409],[-119.778876,39.529316],[-119.778739,39.529184],[-119.778619,39.529085]],[[-119.778619,39.529085],[-119.77855,39.529025],[-119.778473,39.528959],[-119.778378,39.528886],[-119.778284,39.52882],[-119.778147,39.528714],[-119.777941,39.528575],[-119.777803,39.528469],[-119.777657,39.528343],[-119.777609,39.528309]],[[-119.777609,39.528309],[-119.777563,39.528277],[-119.7774,39.528158],[-119.777305,39.528092],[-119.777254,39.528052],[-119.777215,39.528002],[-119.777203,39.527986],[-119.777203,39.527926],[-119.777228,39.527886],[-119.777288,39.527873],[-119.777357,39.52788],[-119.777417,39.527906],[-119.777469,39.527946],[-119.777512,39.527986],[-119.777537,39.528025],[-119.777572,39.528072],[-119.777589,39.528125],[-119.777606,39.528184],[-119.777609,39.528309]],[[-119.76138,39.518678],[-119.761569,39.518779],[-119.761719,39.518911],[-119.761875,39.519031],[-119.76196,39.519073],[-119.762003,39.519172],[-119.762035,39.519234],[-119.762186,39.519329],[-119.762459,39.519482],[-119.762556,39.519573],[-119.762658,39.519681],[-119.762803,39.519743],[-119.76291,39.519805],[-119.76299,39.519913],[-119.763103,39.520004],[-119.763215,39.520056],[-119.763371,39.520128],[-119.76349,39.520153],[-119.763511,39.520157],[-119.76356,39.520148],[-119.763607,39.52014],[-119.763693,39.520103],[-119.763806,39.520132],[-119.763958,39.520196],[-119.764074,39.520244],[-119.76416,39.520347],[-119.764251,39.52043],[-119.764396,39.520476],[-119.764478,39.520479],[-119.764605,39.520484],[-119.764803,39.520542],[-119.764977,39.520615],[-119.765029,39.520637],[-119.765202,39.520706],[-119.765238,39.52072],[-119.765361,39.520744],[-119.765495,39.52074],[-119.765646,39.520782],[-119.76578,39.520861],[-119.765865,39.520963],[-119.76601,39.521139]],[[-119.747948,39.518571],[-119.747966,39.518543],[-119.748016,39.518462],[-119.74802,39.518455],[-119.748081,39.518359],[-119.748103,39.518313],[-119.748127,39.518267],[-119.748188,39.518214],[-119.748248,39.518168],[-119.748411,39.518095],[-119.748497,39.518035],[-119.749029,39.517651],[-119.749089,39.517631],[-119.749157,39.517618],[-119.749252,39.517618],[-119.74957,39.517645],[-119.749647,39.517645],[-119.749733,39.517638],[-119.749818,39.517625],[-119.749878,39.517598],[-119.749971,39.517558],[-119.750062,39.517495],[-119.750153,39.517465],[-119.750213,39.517446],[-119.75029,39.5173],[-119.750316,39.517261],[-119.75035,39.517234],[-119.750411,39.517227],[-119.750471,39.517247],[-119.750531,39.517287],[-119.750565,39.517347],[-119.750608,39.51738],[-119.750677,39.517393],[-119.750762,39.517386],[-119.75096,39.517333],[-119.751089,39.517314],[-119.751286,39.517247],[-119.751389,39.517214],[-119.751475,39.517201],[-119.752256,39.517088],[-119.752308,39.517088],[-119.752368,39.517095],[-119.752436,39.517115],[-119.752496,39.517135],[-119.752985,39.517373],[-119.753037,39.517413],[-119.753123,39.517453],[-119.75326,39.517492],[-119.753363,39.517539],[-119.75387,39.517784],[-119.75393,39.517823],[-119.754024,39.517903],[-119.754084,39.517943],[-119.754153,39.517963],[-119.754264,39.517982],[-119.754385,39.518002],[-119.754522,39.518029],[-119.754985,39.518148],[-119.755157,39.518168],[-119.755329,39.518174],[-119.755629,39.518161],[-119.755766,39.518161],[-119.755887,39.518174],[-119.756075,39.518194],[-119.756187,39.518208],[-119.756333,39.518214],[-119.756556,39.518214],[-119.756865,39.518214],[-119.757054,39.518208],[-119.757191,39.518201],[-119.757286,39.518181],[-119.757483,39.518135],[-119.757663,39.518108],[-119.757929,39.518068],[-119.758367,39.518015],[-119.75853,39.518009],[-119.759037,39.517989],[-119.759157,39.518002],[-119.759389,39.518022],[-119.75968,39.518055],[-119.75974,39.518075],[-119.760024,39.518174],[-119.760255,39.51826],[-119.760436,39.518313],[-119.760719,39.51838],[-119.760865,39.518426],[-119.761062,39.518492],[-119.761122,39.518532],[-119.76138,39.518678]],[[-119.740841,39.517665],[-119.740497,39.517605],[-119.740368,39.517612],[-119.740127,39.517586],[-119.740111,39.517585],[-119.739922,39.517559],[-119.739725,39.517532],[-119.739613,39.517506],[-119.739519,39.517479],[-119.739407,39.517439],[-119.739287,39.51738],[-119.739175,39.517314],[-119.739064,39.517241],[-119.738978,39.517161],[-119.738935,39.517088],[-119.738884,39.517009],[-119.738849,39.51693],[-119.738823,39.516863],[-119.738815,39.516804],[-119.738789,39.516737],[-119.738755,39.516671],[-119.738678,39.516545],[-119.73854,39.516367],[-119.738491,39.516308],[-119.738403,39.516201],[-119.738283,39.516056],[-119.73824,39.516016],[-119.738171,39.515969],[-119.738077,39.515923],[-119.738017,39.515877],[-119.737965,39.515811],[-119.737897,39.515705],[-119.737845,39.515599],[-119.737802,39.515466],[-119.737776,39.515387],[-119.737751,39.515301],[-119.737733,39.515188],[-119.737716,39.515069],[-119.737699,39.514996],[-119.737656,39.514936],[-119.737562,39.514864],[-119.73745,39.514804],[-119.737167,39.514705],[-119.736918,39.514625],[-119.736763,39.514592],[-119.736635,39.514586],[-119.736463,39.514599],[-119.736343,39.514592],[-119.736206,39.514572],[-119.736008,39.514513],[-119.735845,39.514493],[-119.735708,39.51446],[-119.735553,39.51442],[-119.735412,39.514385],[-119.735313,39.514361],[-119.73509,39.514314],[-119.73491,39.514288],[-119.734798,39.514274],[-119.734704,39.514248],[-119.734583,39.514188],[-119.734463,39.514109],[-119.734317,39.513996],[-119.734214,39.51393],[-119.734154,39.513897],[-119.734094,39.513884],[-119.734019,39.513875],[-119.733983,39.513871],[-119.733925,39.513844],[-119.733872,39.513807],[-119.733836,39.513775],[-119.733777,39.513698],[-119.733716,39.513599],[-119.733639,39.513506],[-119.733545,39.513414],[-119.733408,39.513308],[-119.733296,39.513208],[-119.733201,39.513092],[-119.733193,39.513073],[-119.733144,39.512937],[-119.733107,39.512834],[-119.733055,39.512741],[-119.733004,39.512656],[-119.732936,39.512573],[-119.732858,39.512493],[-119.732798,39.512434],[-119.732687,39.512361],[-119.732506,39.512288],[-119.732369,39.512261],[-119.732223,39.512242],[-119.73212,39.512255],[-119.732097,39.512256],[-119.731983,39.512261],[-119.731774,39.5123],[-119.731451,39.512387],[-119.731245,39.512473],[-119.730877,39.512654],[-119.730694,39.512768],[-119.730604,39.51284],[-119.730526,39.512952],[-119.730468,39.513035],[-119.730415,39.513076],[-119.730365,39.513115],[-119.730282,39.513129],[-119.730206,39.513122],[-119.730129,39.513122],[-119.730025,39.513135],[-119.729947,39.513171],[-119.729876,39.513222],[-119.729827,39.513297],[-119.729791,39.513362],[-119.729769,39.513441],[-119.729761,39.513527],[-119.729743,39.513672],[-119.729733,39.513725],[-119.729716,39.513793],[-119.729688,39.513897],[-119.729614,39.514076],[-119.729519,39.514327],[-119.729468,39.514413],[-119.729408,39.514486],[-119.729348,39.514533],[-119.729245,39.514579],[-119.728893,39.514758],[-119.728455,39.514936],[-119.727975,39.515102],[-119.727794,39.515148],[-119.727588,39.515168],[-119.727047,39.515215],[-119.726781,39.515201],[-119.726275,39.515195],[-119.725691,39.515175],[-119.725391,39.515162],[-119.725159,39.515129],[-119.72497,39.515095],[-119.724747,39.515036],[-119.72455,39.514996],[-119.724155,39.514903],[-119.723958,39.51487],[-119.723777,39.514844],[-119.723554,39.514824],[-119.723382,39.514804],[-119.723211,39.514764],[-119.722996,39.514718],[-119.722739,39.514672],[-119.722567,39.514658],[-119.722387,39.514665],[-119.722207,39.514672],[-119.722044,39.514705],[-119.721769,39.514758],[-119.721383,39.51485],[-119.720988,39.514936],[-119.720378,39.515102],[-119.719881,39.515268],[-119.719829,39.515307],[-119.719692,39.5154],[-119.719555,39.515566],[-119.719237,39.516022],[-119.719211,39.516109],[-119.719194,39.516261],[-119.719177,39.516387],[-119.719117,39.516512],[-119.719057,39.516665],[-119.718919,39.516837],[-119.718773,39.516969],[-119.718456,39.517208],[-119.717984,39.517532],[-119.717778,39.517658],[-119.717529,39.517777],[-119.71716,39.517923],[-119.716739,39.518022],[-119.716276,39.518102],[-119.716095,39.518108],[-119.715306,39.518088],[-119.715194,39.518108],[-119.715048,39.518155],[-119.714911,39.518247],[-119.714671,39.518419],[-119.714508,39.518578],[-119.71437,39.51877],[-119.714302,39.518903],[-119.714259,39.519068],[-119.714259,39.519207],[-119.714224,39.519353],[-119.714156,39.519485],[-119.71407,39.519598],[-119.713941,39.519697],[-119.713821,39.519763],[-119.713667,39.519836],[-119.713521,39.519949],[-119.713469,39.520028],[-119.713392,39.520108],[-119.713297,39.520161],[-119.713057,39.520247],[-119.71263,39.520412],[-119.712347,39.520541],[-119.712205,39.520603],[-119.712179,39.520615],[-119.71208,39.52066],[-119.711901,39.520703],[-119.711765,39.520727],[-119.711605,39.520779],[-119.711395,39.520811],[-119.711213,39.520831],[-119.711066,39.520836],[-119.710928,39.520829],[-119.710791,39.520803],[-119.710585,39.52075],[-119.710482,39.52073],[-119.710302,39.52071],[-119.709998,39.520707],[-119.709581,39.520704],[-119.709006,39.520684],[-119.708714,39.52069],[-119.708457,39.52071],[-119.708319,39.52071],[-119.708139,39.520684],[-119.707907,39.520651],[-119.70765,39.520637],[-119.707375,39.520664],[-119.707135,39.52069],[-119.706879,39.520744],[-119.706682,39.520828],[-119.70646,39.520952],[-119.706229,39.521057],[-119.706089,39.521134],[-119.705909,39.521214],[-119.705832,39.52123]],[[-119.777512,39.527986],[-119.777609,39.527934],[-119.777632,39.527885],[-119.777602,39.527814],[-119.777406,39.527713],[-119.777383,39.527612],[-119.777401,39.527565],[-119.777451,39.527477],[-119.777471,39.52739],[-119.777418,39.527313],[-119.777372,39.52727],[-119.777338,39.527223],[-119.777277,39.527157],[-119.777226,39.527104],[-119.777192,39.527058],[-119.777132,39.526985],[-119.77708,39.526912],[-119.777029,39.52682],[-119.776994,39.52674],[-119.776943,39.526608],[-119.7769,39.526488],[-119.77684,39.526343],[-119.776805,39.526237],[-119.776754,39.526124],[-119.77672,39.526052],[-119.776668,39.525972],[-119.776634,39.525919],[-119.776608,39.525873],[-119.7766,39.525833],[-119.7766,39.52576],[-119.776591,39.525701],[-119.776582,39.525635],[-119.776565,39.525588],[-119.776539,39.525522],[-119.776505,39.525416],[-119.776462,39.525317],[-119.776419,39.525204],[-119.776376,39.525098],[-119.776325,39.524992],[-119.776299,39.524919],[-119.776256,39.524847],[-119.776205,39.52478],[-119.776153,39.524721],[-119.776102,39.524648],[-119.776067,39.524595],[-119.776016,39.524516],[-119.775964,39.524423],[-119.775913,39.524344],[-119.77587,39.52429],[-119.775818,39.524237],[-119.775758,39.524191],[-119.775664,39.524158],[-119.775561,39.524105],[-119.775475,39.524052],[-119.775389,39.523986],[-119.775286,39.5239],[-119.775166,39.523801],[-119.775029,39.523708],[-119.774943,39.523655],[-119.774849,39.523589],[-119.774754,39.523522],[-119.774703,39.523469],[-119.774651,39.523403],[-119.7746,39.523384],[-119.77454,39.523364],[-119.774428,39.523311],[-119.774325,39.523258],[-119.774274,39.523211],[-119.774188,39.523165],[-119.774128,39.523125],[-119.774016,39.523052],[-119.77393,39.523006],[-119.773801,39.52292],[-119.773716,39.52288],[-119.773613,39.522841],[-119.773501,39.522801],[-119.773398,39.522754],[-119.773338,39.522728],[-119.773244,39.522682],[-119.773132,39.522629],[-119.773029,39.522589],[-119.772935,39.522549],[-119.77278,39.522503],[-119.772626,39.522457],[-119.77248,39.522417],[-119.772368,39.522397],[-119.772282,39.522371],[-119.772153,39.522331],[-119.772033,39.522304],[-119.77193,39.522278],[-119.771827,39.522258],[-119.771776,39.522238],[-119.771698,39.522192],[-119.771604,39.522145],[-119.771484,39.522092],[-119.771398,39.522046],[-119.771312,39.522006],[-119.771175,39.521953],[-119.770978,39.521874],[-119.770815,39.521821],[-119.770583,39.521761],[-119.770562,39.521755],[-119.770505,39.521735],[-119.770428,39.521695],[-119.770299,39.521675],[-119.770188,39.521649],[-119.770051,39.521636],[-119.76993,39.521649],[-119.769759,39.521655],[-119.769501,39.521629],[-119.769295,39.521622],[-119.769141,39.521609],[-119.769021,39.521583],[-119.768866,39.521536],[-119.768772,39.521503],[-119.768643,39.52147],[-119.768523,39.52145],[-119.768407,39.52145],[-119.768399,39.52145],[-119.768274,39.521411],[-119.768154,39.521384],[-119.767939,39.521351],[-119.767725,39.521338],[-119.767561,39.521331],[-119.767424,39.521331],[-119.767321,39.521324],[-119.767201,39.521311],[-119.767089,39.521304],[-119.766892,39.521291],[-119.766738,39.521285],[-119.766678,39.521278],[-119.766617,39.521258],[-119.76654,39.521238],[-119.766394,39.521199],[-119.766291,39.521172],[-119.766154,39.521152],[-119.766059,39.521139],[-119.76601,39.521139]],[[-119.810703,39.525978],[-119.81065,39.525999],[-119.810516,39.526047],[-119.810273,39.526142]],[[-119.818056,39.524569],[-119.818028,39.524593],[-119.81799,39.524616],[-119.817935,39.524647],[-119.817917,39.524657],[-119.817869,39.524674],[-119.817809,39.524688],[-119.817276,39.524796],[-119.817249,39.524799],[-119.81721,39.524797],[-119.817162,39.524794],[-119.817129,39.524798],[-119.817031,39.524816],[-119.817004,39.524819],[-119.816964,39.524817]],[[-119.816662,39.524877],[-119.816661,39.524861],[-119.816656,39.52484],[-119.816642,39.524794]],[[-119.819177,39.523948],[-119.819143,39.523949],[-119.819119,39.523952],[-119.819093,39.523961],[-119.819054,39.523982],[-119.818937,39.524063],[-119.818931,39.524068],[-119.818912,39.524083],[-119.818891,39.524106],[-119.818875,39.524124],[-119.818861,39.524133],[-119.818844,39.52414],[-119.818824,39.524145],[-119.818741,39.524154],[-119.818708,39.524163],[-119.818667,39.524182],[-119.818594,39.524227],[-119.818508,39.524278],[-119.818387,39.52434],[-119.81829,39.524392],[-119.818212,39.524435],[-119.818148,39.524475],[-119.818114,39.524503],[-119.818086,39.524533],[-119.818056,39.524569]],[[-119.816964,39.524817],[-119.816784,39.524853],[-119.816662,39.524877]],[[-119.816271,39.524772],[-119.816207,39.524769],[-119.815845,39.524748],[-119.815816,39.524749],[-119.815736,39.524761],[-119.81572,39.524763],[-119.815685,39.524768],[-119.815636,39.524767],[-119.815472,39.524755],[-119.815407,39.52475],[-119.815385,39.524746],[-119.81533,39.524725],[-119.815302,39.524714],[-119.815272,39.524705],[-119.815264,39.524704],[-119.815238,39.524701],[-119.815028,39.524684],[-119.815006,39.524683],[-119.814868,39.524672],[-119.814734,39.524661],[-119.814656,39.524655],[-119.814598,39.524652],[-119.814549,39.524649],[-119.814467,39.52465],[-119.814404,39.524658],[-119.81436,39.524669],[-119.814342,39.524674],[-119.814274,39.524697],[-119.814083,39.524775],[-119.814062,39.524784],[-119.814044,39.524791],[-119.813973,39.524817],[-119.813886,39.524848],[-119.81386,39.524857],[-119.813593,39.524962],[-119.813229,39.525106],[-119.812889,39.525237],[-119.812871,39.525245],[-119.812722,39.525303],[-119.812666,39.525326],[-119.812602,39.525351],[-119.812313,39.525453],[-119.812272,39.525473],[-119.812246,39.52549],[-119.81217,39.525547],[-119.812122,39.525553],[-119.812072,39.525564],[-119.81201,39.525584],[-119.811972,39.525608],[-119.811941,39.525635],[-119.811917,39.52564],[-119.81159,39.525709],[-119.811568,39.525716],[-119.811475,39.525749]],[[-119.816642,39.524794],[-119.816315,39.524774],[-119.816271,39.524772]],[[-119.810235,39.526155],[-119.81017,39.526226]],[[-119.811123,39.525866],[-119.810801,39.525943],[-119.810703,39.525978]],[[-119.811475,39.525749],[-119.81141,39.525769],[-119.811403,39.525778],[-119.811398,39.525793],[-119.811381,39.525809],[-119.811139,39.525862],[-119.811123,39.525866]],[[-119.740841,39.517665],[-119.741004,39.517678],[-119.741034,39.517675],[-119.741141,39.517684],[-119.741278,39.517671],[-119.741433,39.517651],[-119.74151,39.517651],[-119.741785,39.517671],[-119.741879,39.517671],[-119.741974,39.517665],[-119.742068,39.517665],[-119.742239,39.517671],[-119.742308,39.517671],[-119.742377,39.517665],[-119.742437,39.517645],[-119.742514,39.517618],[-119.742875,39.517486],[-119.743115,39.51738],[-119.74357,39.517181],[-119.74381,39.517095],[-119.744197,39.517029],[-119.744257,39.517022],[-119.744325,39.517029],[-119.744394,39.517049],[-119.744471,39.517088],[-119.744565,39.517175],[-119.744651,39.51728],[-119.74478,39.517393],[-119.745209,39.517671],[-119.745312,39.517744],[-119.745467,39.51787],[-119.745527,39.517916],[-119.745638,39.517969],[-119.746171,39.518181],[-119.746703,39.51836],[-119.74678,39.51838],[-119.746857,39.518393],[-119.747518,39.518472],[-119.747578,39.518472],[-119.747655,39.518466]],[[-119.705607,39.521261],[-119.705325,39.521304],[-119.705272,39.521313],[-119.705178,39.521326],[-119.705092,39.521333],[-119.70498,39.521326],[-119.704783,39.521313],[-119.703684,39.521227],[-119.702148,39.521107],[-119.701745,39.521061],[-119.70141,39.521015],[-119.700946,39.520916],[-119.70074,39.520849],[-119.700603,39.520796],[-119.700509,39.520743],[-119.700389,39.520664],[-119.70026,39.520565],[-119.699822,39.520141],[-119.699736,39.520075],[-119.699556,39.519936],[-119.699444,39.519869],[-119.699238,39.519796],[-119.699067,39.51975],[-119.698809,39.519711],[-119.698577,39.519704],[-119.698337,39.519724],[-119.698157,39.519763],[-119.697942,39.519843],[-119.697831,39.519896],[-119.697668,39.519988],[-119.697384,39.520194],[-119.696432,39.520949],[-119.695436,39.52175],[-119.694947,39.522134],[-119.694827,39.522193],[-119.694449,39.522359],[-119.694226,39.522445],[-119.694123,39.522478],[-119.694003,39.522498],[-119.693865,39.522511],[-119.693728,39.522518],[-119.69323,39.522511],[-119.69317,39.522518],[-119.693119,39.522538],[-119.693076,39.522597],[-119.692884,39.522991]],[[-119.705832,39.52123],[-119.705697,39.521248],[-119.705607,39.521261]],[[-119.810002,39.525994],[-119.809897,39.525852]]]}},{"type":"Feature","properties":{"t":"rcn","r":"395","n":""},"geometry":{"type":"MultiLineString","coordinates":[[[-119.772104,39.117015],[-119.772098,39.11708],[-119.772094,39.117128],[-119.772094,39.117176],[-119.772097,39.117236],[-119.7721,39.117286],[-119.772102,39.117336],[-119.772101,39.117368],[-119.772099,39.11741],[-119.772094,39.117464],[-119.772088,39.117501],[-119.772079,39.117554],[-119.772058,39.117651]],[[-119.793253,39.162548],[-119.793283,39.162676],[-119.79339,39.163131],[-119.793568,39.163724],[-119.793595,39.16383],[-119.793602,39.163981],[-119.793576,39.164174],[-119.793508,39.164355],[-119.793349,39.164594],[-119.79308,39.164819],[-119.792788,39.165129],[-119.792668,39.165446],[-119.79264,39.165738],[-119.792631,39.166133],[-119.792609,39.166483],[-119.792565,39.167586],[-119.792567,39.167633],[-119.792542,39.168107],[-119.792554,39.168279],[-119.792615,39.168603]],[[-119.763499,39.144952],[-119.763504,39.144932],[-119.763527,39.144768],[-119.763527,39.14439]],[[-119.797569,39.188953],[-119.797541,39.189682],[-119.79754,39.189714],[-119.797534,39.189967],[-119.797531,39.19009],[-119.797537,39.190164],[-119.797546,39.190289],[-119.797562,39.190346],[-119.797615,39.190453],[-119.79818,39.19125],[-119.798584,39.19178],[-119.798973,39.192268],[-119.799126,39.192432],[-119.799309,39.192581],[-119.799399,39.192644],[-119.799835,39.192947],[-119.800102,39.193123],[-119.80024,39.19323],[-119.801239,39.194225],[-119.801849,39.194702],[-119.803192,39.195681],[-119.805313,39.197021],[-119.806023,39.197517],[-119.806075,39.19755],[-119.806152,39.197598],[-119.806374,39.197746],[-119.806534,39.197838],[-119.806886,39.197996],[-119.80722,39.198135],[-119.807233,39.19814],[-119.807449,39.198223],[-119.807724,39.198311]],[[-119.772058,39.117651],[-119.771929,39.117649],[-119.771877,39.117649],[-119.771517,39.117647],[-119.770844,39.117647],[-119.770478,39.117648],[-119.769741,39.117623],[-119.769622,39.117621],[-119.769351,39.117621],[-119.768975,39.117632]],[[-119.780717,39.163971],[-119.781817,39.163974]],[[-119.793006,39.186411],[-119.7934,39.187302],[-119.793932,39.188501],[-119.794093,39.189017]],[[-119.793541,39.173717],[-119.793572,39.173998]],[[-119.763527,39.14439],[-119.763527,39.143345],[-119.763527,39.143269],[-119.763527,39.1432],[-119.763539,39.142585],[-119.763536,39.141975],[-119.763535,39.141885],[-119.763535,39.141803],[-119.763533,39.141455],[-119.763536,39.140763],[-119.763534,39.140459],[-119.763534,39.140384],[-119.763536,39.139753],[-119.763533,39.1393],[-119.76353,39.138914],[-119.763526,39.138221],[-119.763525,39.138144],[-119.763519,39.137881],[-119.763526,39.137523],[-119.763523,39.137435],[-119.76352,39.136904],[-119.763519,39.136826],[-119.763519,39.136754],[-119.763519,39.136147],[-119.763519,39.136097],[-119.763517,39.135283],[-119.763508,39.134585],[-119.763503,39.134231]],[[-119.767011,39.161285],[-119.766889,39.161285],[-119.766594,39.161286],[-119.766472,39.161288]],[[-119.769529,39.163916],[-119.769529,39.163812],[-119.76953,39.163329],[-119.769531,39.163245],[-119.76953,39.163184],[-119.76953,39.162778],[-119.76953,39.16266],[-119.76953,39.162598],[-119.769531,39.162535],[-119.769537,39.161946],[-119.769536,39.161865],[-119.769539,39.161559],[-119.76954,39.161369],[-119.76954,39.161303]],[[-119.804543,39.207184],[-119.804751,39.207114],[-119.805294,39.206955],[-119.805664,39.206837],[-119.806997,39.206411],[-119.807722,39.206207],[-119.80809,39.206104],[-119.808327,39.206062],[-119.808373,39.206059],[-119.808769,39.206036],[-119.8096,39.205998],[-119.809868,39.205986]],[[-119.764504,39.1613],[-119.764348,39.1613],[-119.764339,39.1613],[-119.763912,39.161299]],[[-119.762718,39.146515],[-119.762718,39.146408],[-119.762718,39.146278],[-119.762772,39.146046],[-119.76281,39.145935],[-119.762901,39.145782],[-119.762985,39.145676],[-119.763206,39.145439],[-119.763312,39.145318],[-119.763443,39.145111],[-119.763481,39.14502],[-119.763499,39.144952]],[[-119.761231,39.157406],[-119.761231,39.157314],[-119.76123,39.157173],[-119.761253,39.156914],[-119.761253,39.156322],[-119.761253,39.156195],[-119.761246,39.155853],[-119.761253,39.155609],[-119.761253,39.155574],[-119.761242,39.1553],[-119.761248,39.154778],[-119.761246,39.154383],[-119.761247,39.15437],[-119.761246,39.15435],[-119.761268,39.154184],[-119.761276,39.154121],[-119.761318,39.153989],[-119.761353,39.153877],[-119.761444,39.153706],[-119.761493,39.153632],[-119.761506,39.153612],[-119.761511,39.153604],[-119.76152,39.153591],[-119.76165,39.153439],[-119.761726,39.153358],[-119.761746,39.153348],[-119.761781,39.153318],[-119.761868,39.153243],[-119.762065,39.153074],[-119.762146,39.153004],[-119.762367,39.152836],[-119.762482,39.152729],[-119.762494,39.152715],[-119.762573,39.152618],[-119.762642,39.152515],[-119.762711,39.152367],[-119.762749,39.152252],[-119.762764,39.152122],[-119.762764,39.152118],[-119.762765,39.152035],[-119.762761,39.151985],[-119.762756,39.151932],[-119.762755,39.151891],[-119.762755,39.151873],[-119.762754,39.151813],[-119.762749,39.151417],[-119.762756,39.151336],[-119.762753,39.151153],[-119.762751,39.150987],[-119.762749,39.150841],[-119.762741,39.150806],[-119.762741,39.150423],[-119.762741,39.150074],[-119.762739,39.150036],[-119.762733,39.149925]],[[-119.762733,39.149925],[-119.762729,39.149825],[-119.762718,39.149155]],[[-119.763509,39.133842],[-119.763507,39.133765],[-119.763506,39.133736],[-119.763504,39.133606],[-119.763504,39.133362],[-119.763527,39.132973],[-119.763512,39.132653],[-119.763512,39.132295],[-119.763512,39.131107],[-119.763506,39.130148],[-119.76351,39.129898],[-119.763513,39.129536],[-119.763514,39.129374],[-119.763503,39.129019],[-119.763484,39.1284]],[[-119.763524,39.122978],[-119.763496,39.124783],[-119.763507,39.125285],[-119.763496,39.125687],[-119.763504,39.126595],[-119.763504,39.127506],[-119.763486,39.128335],[-119.763484,39.1284]],[[-119.762987,39.121882],[-119.764003,39.122508]],[[-119.767388,39.16129],[-119.767144,39.161287],[-119.767011,39.161285]],[[-119.76787,39.161296],[-119.768709,39.1613],[-119.76878,39.1613],[-119.769133,39.161302],[-119.769192,39.161302],[-119.769463,39.161303],[-119.76954,39.161303]],[[-119.761151,39.161305],[-119.761149,39.161227],[-119.761144,39.161055],[-119.761142,39.161006],[-119.761141,39.160962],[-119.761141,39.16093],[-119.761142,39.1609],[-119.761143,39.160859],[-119.761145,39.160833],[-119.761147,39.160804],[-119.761149,39.160792],[-119.761154,39.160757],[-119.761166,39.160705],[-119.761175,39.160667],[-119.761208,39.160554],[-119.761223,39.160503],[-119.761246,39.160362],[-119.761251,39.160125],[-119.761253,39.159934],[-119.761262,39.159093],[-119.761263,39.158471],[-119.761252,39.157807],[-119.761246,39.157714],[-119.761238,39.157575],[-119.761235,39.157499],[-119.761231,39.157406]],[[-119.761922,39.121221],[-119.762987,39.121882]],[[-119.793253,39.162548],[-119.793136,39.162575],[-119.792372,39.162716],[-119.791463,39.162896],[-119.790707,39.163061],[-119.790254,39.163159],[-119.789419,39.16337],[-119.788758,39.163533],[-119.78813,39.163693],[-119.788077,39.163706],[-119.787978,39.16373],[-119.78792,39.163745],[-119.787471,39.16385],[-119.787219,39.163908],[-119.786876,39.163974],[-119.786752,39.163991],[-119.786549,39.164019],[-119.786324,39.164028],[-119.786011,39.164043],[-119.785698,39.164043],[-119.784897,39.164021],[-119.784088,39.163982],[-119.783577,39.163982],[-119.783394,39.163971],[-119.782343,39.163965],[-119.782287,39.163965]],[[-119.793006,39.186411],[-119.792837,39.18606],[-119.791654,39.183458],[-119.791298,39.182616],[-119.791169,39.182342],[-119.791103,39.18221]],[[-119.769529,39.163916],[-119.769632,39.163916],[-119.769671,39.163916],[-119.769923,39.163917],[-119.769945,39.163917],[-119.770258,39.163918],[-119.770355,39.163918],[-119.770465,39.163918],[-119.770555,39.163919],[-119.770685,39.163919],[-119.771094,39.16392],[-119.771126,39.163921],[-119.771194,39.163921],[-119.771314,39.163921],[-119.771441,39.163921],[-119.772134,39.163925],[-119.77282,39.163925],[-119.772919,39.163926],[-119.773514,39.163928],[-119.774044,39.163938],[-119.77538,39.163948],[-119.77574,39.16395],[-119.776166,39.163946],[-119.776625,39.163947],[-119.776712,39.163947],[-119.777064,39.163948],[-119.777558,39.163951],[-119.778285,39.163958],[-119.778407,39.163959],[-119.778506,39.16396],[-119.779333,39.163965],[-119.780074,39.163967],[-119.780717,39.163971]],[[-119.794093,39.189017],[-119.79454,39.188999],[-119.794667,39.188999],[-119.7948,39.188999],[-119.795323,39.18899],[-119.796303,39.188972],[-119.797066,39.188961],[-119.79749,39.188959],[-119.797569,39.188953]],[[-119.816216,39.204094],[-119.816208,39.203934],[-119.816208,39.203798],[-119.816208,39.203478],[-119.816223,39.20311],[-119.816223,39.202843],[-119.816254,39.20245],[-119.816246,39.202324],[-119.816223,39.202232],[-119.81617,39.202141],[-119.816124,39.202095],[-119.816002,39.202019],[-119.815804,39.201958],[-119.81559,39.201919],[-119.815554,39.201913],[-119.815222,39.201853],[-119.815041,39.20182],[-119.814926,39.201809],[-119.814789,39.201786],[-119.814537,39.201744],[-119.814316,39.201698],[-119.814117,39.201698],[-119.813577,39.20177],[-119.813474,39.201783],[-119.813393,39.201794],[-119.812988,39.201866],[-119.812851,39.201878],[-119.812332,39.201897]],[[-119.815572,39.233822],[-119.815186,39.233315],[-119.814988,39.233051],[-119.814529,39.232436],[-119.814062,39.231813],[-119.813689,39.231319],[-119.813178,39.230643],[-119.812788,39.230128],[-119.81265,39.229948],[-119.81243,39.229661],[-119.812206,39.229351],[-119.811781,39.22879],[-119.811696,39.22868],[-119.811439,39.228342],[-119.810975,39.227744],[-119.810834,39.227547],[-119.810634,39.227228],[-119.810382,39.226721],[-119.810356,39.226672],[-119.810252,39.226482],[-119.810137,39.226253],[-119.810038,39.226047],[-119.809795,39.225509],[-119.809637,39.225101],[-119.809569,39.22489],[-119.809503,39.224717],[-119.809425,39.224488],[-119.809345,39.224212],[-119.809257,39.223909],[-119.80914,39.223411],[-119.809029,39.222917],[-119.80894,39.222476],[-119.808567,39.220674],[-119.808273,39.219305],[-119.808068,39.218311],[-119.807847,39.217343],[-119.807802,39.217087],[-119.807751,39.216767],[-119.807724,39.216557],[-119.807673,39.216279],[-119.807657,39.216171],[-119.807646,39.21606],[-119.807646,39.21595],[-119.807649,39.215821],[-119.807662,39.214936],[-119.807676,39.213978],[-119.807678,39.213664],[-119.807678,39.213504],[-119.80767,39.213413],[-119.80766,39.213292]],[[-119.827423,39.248718],[-119.827017,39.248176],[-119.82681,39.2479],[-119.826384,39.247354],[-119.826214,39.247146],[-119.826073,39.246982],[-119.825927,39.246826],[-119.825766,39.246664],[-119.825541,39.246463],[-119.825185,39.246108],[-119.824673,39.245605],[-119.824501,39.245436],[-119.824421,39.245346],[-119.824248,39.245167],[-119.824067,39.244963],[-119.824025,39.244913],[-119.823903,39.244765],[-119.823753,39.244566],[-119.822978,39.243542],[-119.821921,39.242156]],[[-119.840736,39.282252],[-119.840744,39.282122],[-119.840776,39.28162],[-119.840808,39.281075],[-119.840871,39.279995],[-119.840917,39.279223],[-119.840928,39.279036],[-119.841029,39.277308],[-119.841128,39.275608],[-119.841145,39.275325],[-119.841211,39.274233],[-119.841231,39.273883],[-119.841246,39.273604],[-119.841252,39.273438],[-119.841254,39.273286],[-119.841249,39.273107],[-119.841248,39.273004],[-119.841234,39.272852],[-119.841219,39.27271],[-119.84119,39.272517],[-119.841155,39.272346],[-119.841136,39.272262],[-119.841115,39.272167],[-119.841059,39.271945],[-119.841002,39.27175],[-119.840993,39.271718],[-119.840757,39.270856],[-119.840729,39.270787],[-119.840285,39.269266],[-119.840156,39.268815],[-119.840121,39.268681],[-119.839805,39.267612],[-119.839626,39.266986],[-119.839326,39.26593],[-119.839047,39.264949],[-119.838945,39.264602],[-119.838881,39.264399],[-119.838808,39.264199],[-119.838736,39.264016],[-119.838658,39.263836],[-119.838572,39.263641],[-119.838462,39.263425],[-119.838339,39.263203],[-119.838214,39.262997],[-119.838068,39.262771],[-119.837888,39.262515],[-119.837679,39.262235],[-119.836781,39.261054],[-119.83646,39.260638],[-119.834594,39.258179],[-119.834433,39.257967],[-119.833141,39.256266],[-119.831939,39.254677],[-119.831547,39.254161],[-119.830821,39.253208],[-119.830708,39.253059],[-119.829603,39.251603],[-119.829443,39.251391],[-119.828633,39.250324],[-119.827977,39.249443],[-119.827763,39.249156],[-119.827713,39.249093],[-119.827423,39.248718]],[[-119.80766,39.213292],[-119.807622,39.213101],[-119.807585,39.212952],[-119.807544,39.212848],[-119.807483,39.212713],[-119.80734,39.212444],[-119.806735,39.211316]],[[-119.828361,39.303367],[-119.828439,39.303251],[-119.828525,39.303103],[-119.828602,39.302952],[-119.828675,39.302802],[-119.828734,39.302657],[-119.828798,39.302468],[-119.828838,39.302323],[-119.828876,39.302163],[-119.828905,39.302018],[-119.828926,39.301867],[-119.828967,39.301398],[-119.829058,39.300032],[-119.829176,39.298536],[-119.829192,39.298332],[-119.829216,39.29798],[-119.829229,39.297773],[-119.829326,39.296331],[-119.829351,39.295963],[-119.829416,39.295272],[-119.829469,39.294421],[-119.829478,39.294199],[-119.829487,39.294],[-119.8295,39.293821],[-119.82952,39.293659],[-119.829547,39.293514],[-119.829581,39.293348],[-119.829627,39.293167],[-119.829681,39.292991],[-119.829737,39.292843],[-119.829809,39.292673],[-119.8299,39.292468],[-119.829915,39.292438],[-119.829986,39.292295],[-119.830069,39.292154],[-119.830173,39.291997],[-119.830295,39.291809],[-119.830397,39.291674],[-119.830429,39.291631],[-119.830614,39.291415],[-119.830756,39.291259],[-119.830933,39.291087],[-119.830967,39.291056]],[[-119.761425,39.120923],[-119.761487,39.120864],[-119.761514,39.120839],[-119.761761,39.120597],[-119.761784,39.120573],[-119.761799,39.120558],[-119.76182,39.120533],[-119.76183,39.12052],[-119.761846,39.120496],[-119.761855,39.12048],[-119.761864,39.120458],[-119.761866,39.120449],[-119.761868,39.120427],[-119.761868,39.120414],[-119.761867,39.120399],[-119.761864,39.120367],[-119.761858,39.120336],[-119.761831,39.120195]],[[-119.761831,39.120195],[-119.761689,39.119408],[-119.761679,39.119354],[-119.761606,39.118958],[-119.761523,39.118463],[-119.761445,39.118082],[-119.761375,39.117741],[-119.761358,39.117638]],[[-119.763512,39.117634],[-119.762978,39.117634],[-119.762481,39.117635],[-119.762278,39.117636],[-119.761664,39.117641],[-119.761358,39.117638]],[[-119.764003,39.122508],[-119.763936,39.122571],[-119.763598,39.12289],[-119.763552,39.122945],[-119.763524,39.122978]],[[-119.761425,39.120923],[-119.761922,39.121221]],[[-119.809868,39.205986],[-119.810585,39.205956],[-119.810634,39.205953],[-119.811012,39.205929],[-119.811272,39.205883],[-119.811615,39.205769],[-119.812013,39.205615],[-119.812141,39.205566],[-119.812271,39.205509],[-119.812354,39.205477],[-119.812448,39.20544],[-119.812653,39.20536],[-119.812766,39.205312],[-119.812965,39.205227],[-119.813066,39.205188],[-119.813408,39.205055],[-119.813625,39.204966],[-119.813749,39.204916],[-119.814273,39.204702],[-119.81453,39.204596],[-119.814891,39.204449],[-119.814976,39.204414],[-119.816216,39.204094]],[[-119.792738,39.169259],[-119.79287,39.169968],[-119.793101,39.171123],[-119.793198,39.171772],[-119.793311,39.17246],[-119.793319,39.172501],[-119.793541,39.173717]],[[-119.827897,39.303984],[-119.828154,39.303685]],[[-119.828154,39.303685],[-119.828251,39.303529],[-119.828361,39.303367]],[[-119.827211,39.30463],[-119.827289,39.304569],[-119.82738,39.304496],[-119.827487,39.304404],[-119.827644,39.304249],[-119.827897,39.303984]],[[-119.837723,39.287295],[-119.837872,39.287207],[-119.837974,39.287147],[-119.838102,39.287067],[-119.838124,39.287054],[-119.838244,39.286981],[-119.838285,39.286956]],[[-119.838285,39.286956],[-119.838446,39.28684],[-119.838637,39.28669],[-119.838824,39.286532]],[[-119.838824,39.286532],[-119.839007,39.286369],[-119.839143,39.28624],[-119.839315,39.28607],[-119.839459,39.28591],[-119.839569,39.285783],[-119.839665,39.285663],[-119.839771,39.285528],[-119.839894,39.285353],[-119.840003,39.28519],[-119.840112,39.285002],[-119.840207,39.284833],[-119.840283,39.28467],[-119.840358,39.284506],[-119.840412,39.284365],[-119.84047,39.284215],[-119.840522,39.284045],[-119.840562,39.28391],[-119.840595,39.283775],[-119.840603,39.283744],[-119.840631,39.283577],[-119.840656,39.283396],[-119.84068,39.283206],[-119.840705,39.28278],[-119.840736,39.282252]],[[-119.821921,39.242156],[-119.820954,39.24087],[-119.820558,39.240364],[-119.820062,39.239705],[-119.819877,39.239466],[-119.819679,39.239209],[-119.818802,39.238062],[-119.818031,39.237058],[-119.817764,39.236711],[-119.816673,39.235304]],[[-119.816198,39.234646],[-119.815963,39.234337],[-119.815572,39.233822]],[[-119.816673,39.235304],[-119.816198,39.234646]],[[-119.762718,39.149155],[-119.762718,39.146626],[-119.762718,39.146515]],[[-119.763503,39.134231],[-119.763507,39.133951],[-119.763507,39.133932],[-119.763509,39.133842]],[[-119.806735,39.211316],[-119.806568,39.210994],[-119.806446,39.210759],[-119.806284,39.210454],[-119.806033,39.20999],[-119.805912,39.209791],[-119.805782,39.209601],[-119.805631,39.209406],[-119.805476,39.209215],[-119.805345,39.209072],[-119.805187,39.208909],[-119.805002,39.208735],[-119.804821,39.208575],[-119.804613,39.208411],[-119.804444,39.20829],[-119.804229,39.20814],[-119.803679,39.207783]],[[-119.772488,39.116757],[-119.772301,39.116733],[-119.772268,39.116731],[-119.772239,39.11673],[-119.772216,39.11673],[-119.772201,39.116732],[-119.772178,39.116739],[-119.772165,39.116746],[-119.772156,39.116756]],[[-119.772729,39.116751],[-119.772488,39.116757]],[[-119.768975,39.117632],[-119.768162,39.117634],[-119.76737,39.117636],[-119.767032,39.117637],[-119.766418,39.117637],[-119.765632,39.117635],[-119.763748,39.11763],[-119.763512,39.117634]],[[-119.76787,39.161296],[-119.767819,39.161296],[-119.767738,39.161295]],[[-119.767738,39.161295],[-119.767388,39.16129]],[[-119.761726,39.161303],[-119.761279,39.161305],[-119.761265,39.161305],[-119.761151,39.161305]],[[-119.766472,39.161288],[-119.766154,39.161292],[-119.766071,39.161293],[-119.76571,39.161296],[-119.765406,39.161299],[-119.765328,39.161299],[-119.765107,39.161299]],[[-119.763912,39.161299],[-119.763717,39.161298]],[[-119.765107,39.161299],[-119.764926,39.1613],[-119.764664,39.1613],[-119.764504,39.1613]],[[-119.763717,39.161298],[-119.763447,39.161298],[-119.763267,39.161297],[-119.7623,39.161301],[-119.761726,39.161303]],[[-119.803679,39.207783],[-119.803711,39.20772],[-119.803719,39.207704],[-119.803812,39.20755],[-119.8039,39.207446],[-119.804236,39.207277],[-119.804543,39.207184]],[[-119.807724,39.198311],[-119.809167,39.198817],[-119.809219,39.198835],[-119.809525,39.19893],[-119.809738,39.19901],[-119.810059,39.19915],[-119.810303,39.199249],[-119.810638,39.199341],[-119.811035,39.199497],[-119.811192,39.199551],[-119.81134,39.19965],[-119.811536,39.19979],[-119.811916,39.200145],[-119.812012,39.200211],[-119.81206,39.200273],[-119.812141,39.200382],[-119.8122,39.200458],[-119.812265,39.200557],[-119.812314,39.200753],[-119.812342,39.200942],[-119.81234,39.201294],[-119.812333,39.201375],[-119.812317,39.201572],[-119.812317,39.201775],[-119.812325,39.201817],[-119.812332,39.201897]],[[-119.782287,39.163965],[-119.781955,39.163974],[-119.781817,39.163974]],[[-119.772156,39.116756],[-119.772145,39.116776],[-119.772139,39.116791],[-119.772131,39.116818],[-119.772126,39.116847],[-119.772121,39.116878],[-119.772104,39.117015]],[[-119.831037,39.290992],[-119.831075,39.290958],[-119.831271,39.290794],[-119.831438,39.29067],[-119.8316,39.290546],[-119.83177,39.290431],[-119.831973,39.290303],[-119.832154,39.290203],[-119.832416,39.29006],[-119.833682,39.289408],[-119.836609,39.287896],[-119.837336,39.287506],[-119.837572,39.28738],[-119.837723,39.287295]],[[-119.830967,39.291056],[-119.831037,39.290992]],[[-119.791274,39.179159],[-119.791882,39.177992],[-119.792787,39.176233],[-119.793003,39.175776],[-119.793325,39.175123],[-119.793397,39.174965],[-119.793449,39.174811],[-119.793487,39.174647],[-119.793515,39.174478]],[[-119.79122,39.179304],[-119.791274,39.179159]],[[-119.791103,39.18221],[-119.791035,39.182071],[-119.790965,39.181826],[-119.79097,39.181693],[-119.791065,39.181408],[-119.79108,39.181367],[-119.791143,39.181188],[-119.791178,39.181088],[-119.791162,39.180889],[-119.791081,39.180048],[-119.79111,39.17971]],[[-119.79111,39.17971],[-119.79122,39.179304]],[[-119.793515,39.174478],[-119.793505,39.174081],[-119.793572,39.173998]],[[-119.792615,39.168603],[-119.792656,39.168824],[-119.792738,39.169259]]]}},{"type":"Feature","properties":{"t":"rcn","r":"1, STS","n":"Stateline to Stateline Bikeway"},"geometry":{"type":"MultiLineString","coordinates":[[[-119.927057,38.967955],[-119.927066,38.968184],[-119.927074,38.968377],[-119.927076,38.968521],[-119.927118,38.971322],[-119.927118,38.971868]],[[-119.928661,38.977137],[-119.928531,38.977158],[-119.928408,38.977181],[-119.928268,38.977229],[-119.928176,38.977284],[-119.928087,38.977363],[-119.927946,38.977524],[-119.927852,38.977674],[-119.927752,38.977738],[-119.927681,38.977763],[-119.927584,38.977789],[-119.927468,38.977806],[-119.927358,38.977814],[-119.927247,38.977814],[-119.92712,38.977808],[-119.927001,38.977753],[-119.926829,38.977668],[-119.926782,38.977607],[-119.926704,38.977556],[-119.926605,38.97754],[-119.926484,38.977523],[-119.926366,38.977521],[-119.926238,38.977534],[-119.92611,38.977523],[-119.926032,38.977495],[-119.925941,38.977432],[-119.92592,38.977378],[-119.925933,38.977291],[-119.925948,38.97719],[-119.925963,38.977168],[-119.92607,38.977004],[-119.926224,38.976828],[-119.926305,38.976641],[-119.926339,38.976565],[-119.92636,38.976475],[-119.926352,38.976409],[-119.926313,38.97635],[-119.92623,38.976283],[-119.926175,38.976225],[-119.926131,38.976154],[-119.926126,38.97606],[-119.926126,38.975999],[-119.926093,38.975927],[-119.926054,38.975809],[-119.926003,38.975755],[-119.925869,38.975687],[-119.925765,38.975605],[-119.92564,38.97545],[-119.925596,38.975343],[-119.92558,38.975242],[-119.925553,38.975009],[-119.925547,38.974924],[-119.925554,38.974762],[-119.925562,38.974502],[-119.925499,38.974337],[-119.925413,38.974215],[-119.925245,38.973972],[-119.925169,38.973907],[-119.925006,38.973859],[-119.92485,38.973806],[-119.924794,38.973765],[-119.924707,38.973677],[-119.924646,38.973631],[-119.924621,38.973612],[-119.924542,38.973547],[-119.924526,38.973533],[-119.924516,38.973488],[-119.924548,38.973432],[-119.92464,38.973341],[-119.924816,38.973245],[-119.924896,38.973211],[-119.925002,38.973165],[-119.925533,38.972964],[-119.925781,38.972836],[-119.926283,38.972572],[-119.926473,38.97245],[-119.926552,38.972399],[-119.926607,38.972364],[-119.926879,38.972166],[-119.927075,38.971921],[-119.927118,38.971868]],[[-119.952262,38.98058],[-119.952164,38.980608],[-119.952018,38.980652],[-119.951921,38.9807],[-119.95184,38.980747],[-119.951796,38.9808],[-119.951764,38.980852],[-119.951739,38.980935],[-119.951707,38.981062],[-119.951692,38.981224],[-119.951688,38.981352],[-119.951676,38.981434],[-119.951633,38.981511],[-119.951602,38.981562],[-119.951517,38.981628],[-119.951399,38.981701],[-119.951294,38.98175],[-119.951185,38.981782],[-119.951064,38.981803],[-119.950901,38.981818],[-119.95071,38.981822],[-119.950557,38.981812],[-119.950418,38.981785],[-119.950336,38.981756],[-119.950235,38.981709],[-119.950152,38.981672],[-119.950088,38.981647],[-119.949982,38.981629],[-119.949838,38.981599],[-119.949707,38.981566],[-119.949575,38.981538],[-119.949508,38.981538],[-119.949449,38.981549],[-119.949337,38.981582],[-119.949203,38.98162],[-119.949136,38.981626]],[[-119.928661,38.977137],[-119.928963,38.976795],[-119.929016,38.976768],[-119.929093,38.97676]],[[-119.942764,38.983945],[-119.94295,38.983799],[-119.943226,38.983573],[-119.943431,38.983404],[-119.943586,38.983284],[-119.943688,38.983206],[-119.94383,38.983108],[-119.943975,38.983017],[-119.944142,38.982916],[-119.944266,38.982844],[-119.944462,38.982738],[-119.944671,38.98263],[-119.944795,38.982571]],[[-119.942308,38.984331],[-119.941985,38.98409]],[[-119.941985,38.98409],[-119.941864,38.984076],[-119.941806,38.984073],[-119.941741,38.984077],[-119.94165,38.984098],[-119.941548,38.984128],[-119.941454,38.984176],[-119.94138,38.98422],[-119.94132,38.98422],[-119.941277,38.984212],[-119.941244,38.984159],[-119.941222,38.984117],[-119.94118,38.984026],[-119.941133,38.983918],[-119.941081,38.983794],[-119.940991,38.98362],[-119.940854,38.983354],[-119.940808,38.983261],[-119.94075,38.983157],[-119.940697,38.983029],[-119.940635,38.982907],[-119.940589,38.982835],[-119.94056,38.982779],[-119.940537,38.982723],[-119.940512,38.982669],[-119.940487,38.982604],[-119.940449,38.98256],[-119.940382,38.982516],[-119.940308,38.982469],[-119.940235,38.982427],[-119.940184,38.982396],[-119.94014,38.982364],[-119.940093,38.982348],[-119.940045,38.982354],[-119.94,38.982357],[-119.939948,38.982361],[-119.939844,38.982377],[-119.939751,38.982391],[-119.939672,38.982401],[-119.939611,38.982404],[-119.939541,38.982425],[-119.93951,38.98245],[-119.939469,38.982484],[-119.939422,38.982537],[-119.93937,38.982581],[-119.939343,38.982601],[-119.93931,38.982612],[-119.939269,38.98261],[-119.939218,38.982592],[-119.939152,38.982556],[-119.939106,38.982525],[-119.939038,38.982484],[-119.938927,38.98245],[-119.938777,38.982388],[-119.93863,38.982332],[-119.938501,38.982258],[-119.938411,38.982217],[-119.938345,38.982183],[-119.938247,38.982135],[-119.938195,38.982101],[-119.938079,38.982115],[-119.937916,38.98211],[-119.937838,38.982104],[-119.937775,38.982084],[-119.937701,38.982035],[-119.937608,38.981963],[-119.937503,38.981868],[-119.937373,38.98179],[-119.937334,38.981751],[-119.937296,38.981705],[-119.937291,38.981653],[-119.937269,38.981509],[-119.937274,38.981368],[-119.937266,38.981217],[-119.937262,38.981057],[-119.937279,38.980949],[-119.93726,38.980885],[-119.937209,38.980839],[-119.937154,38.980815],[-119.937084,38.980798],[-119.937017,38.9808],[-119.936948,38.980807],[-119.936859,38.980834],[-119.936749,38.980877],[-119.936679,38.980932],[-119.936635,38.981004],[-119.936612,38.981078],[-119.936596,38.981161],[-119.936578,38.98123],[-119.936553,38.981281],[-119.936455,38.981316],[-119.936389,38.981339],[-119.936326,38.981387],[-119.936312,38.981399],[-119.936236,38.981475],[-119.936191,38.981509],[-119.93614,38.98153],[-119.936078,38.981549],[-119.935991,38.981535],[-119.935904,38.981476],[-119.935875,38.981391],[-119.935872,38.981226],[-119.935824,38.981121],[-119.935738,38.981046],[-119.935635,38.981006],[-119.935546,38.980996],[-119.9355,38.980991],[-119.935433,38.981004],[-119.935344,38.98103],[-119.93529,38.981053],[-119.935225,38.981063],[-119.935183,38.981067],[-119.935111,38.981039],[-119.935046,38.981017],[-119.934984,38.980962],[-119.934926,38.980902],[-119.934858,38.980789],[-119.934806,38.980703],[-119.934794,38.980598],[-119.934732,38.980429],[-119.934708,38.980369],[-119.934692,38.980308],[-119.934685,38.980272],[-119.934668,38.980231],[-119.934631,38.98018],[-119.934559,38.980164],[-119.93449,38.980184],[-119.934421,38.980222],[-119.934359,38.980257],[-119.934233,38.98031],[-119.934082,38.980424],[-119.934032,38.980456],[-119.933957,38.980469],[-119.933834,38.98046],[-119.933697,38.980431],[-119.933545,38.980403],[-119.93341,38.980356],[-119.933268,38.980292],[-119.933125,38.980266],[-119.932965,38.980235],[-119.932879,38.980216],[-119.932763,38.980162],[-119.932651,38.980135],[-119.93253,38.980123],[-119.93242,38.980104],[-119.932302,38.980064],[-119.932179,38.980012],[-119.932047,38.97995],[-119.931948,38.979887],[-119.931848,38.979855],[-119.931733,38.979831],[-119.931599,38.979827],[-119.931507,38.979826],[-119.931449,38.979818],[-119.931369,38.979795],[-119.931328,38.979772],[-119.931299,38.979733],[-119.931299,38.979691],[-119.9313,38.979613],[-119.931325,38.979477],[-119.931373,38.979387],[-119.931438,38.979291],[-119.931477,38.979204],[-119.93148,38.979138],[-119.931449,38.979101],[-119.931413,38.97904],[-119.931382,38.979001],[-119.93128,38.978955],[-119.931187,38.978923],[-119.931149,38.978909],[-119.931012,38.978895],[-119.93086,38.978885],[-119.930791,38.978868],[-119.930728,38.978842],[-119.930663,38.978811],[-119.930601,38.978751],[-119.930532,38.978634],[-119.930456,38.978515],[-119.93041,38.978399],[-119.930299,38.978176],[-119.930208,38.97796],[-119.930164,38.977815],[-119.930105,38.977719],[-119.930068,38.977593],[-119.930068,38.977506],[-119.930097,38.977373]],[[-119.949136,38.981626],[-119.949077,38.981618],[-119.94902,38.981597],[-119.948959,38.981549],[-119.948894,38.981493],[-119.948851,38.981468],[-119.94879,38.981447],[-119.948712,38.981434],[-119.948594,38.981424],[-119.948535,38.981413],[-119.948476,38.98139],[-119.948433,38.981357],[-119.948328,38.98128],[-119.948277,38.981249],[-119.948229,38.981232],[-119.948159,38.981221],[-119.947851,38.981224],[-119.947569,38.981242],[-119.947054,38.981267],[-119.946936,38.98128],[-119.94684,38.981299],[-119.946735,38.981332],[-119.946663,38.981378],[-119.946585,38.981434],[-119.946435,38.981576]],[[-119.946435,38.981576],[-119.946346,38.981657],[-119.946282,38.981709],[-119.946209,38.981753],[-119.946105,38.981799],[-119.945938,38.981853],[-119.945796,38.981893],[-119.94559,38.981947],[-119.945375,38.982037],[-119.94522,38.982099],[-119.945131,38.982147],[-119.945013,38.982218],[-119.944935,38.982256],[-119.944793,38.982316],[-119.944736,38.982361],[-119.944713,38.982404],[-119.94471,38.982447],[-119.944727,38.98249],[-119.944795,38.982571]],[[-119.929453,38.976743],[-119.929438,38.976695],[-119.929422,38.976672],[-119.92935,38.976624],[-119.929306,38.976615],[-119.929289,38.976611],[-119.929253,38.976611],[-119.929175,38.976631],[-119.929119,38.976672],[-119.929089,38.97673],[-119.929093,38.97676],[-119.929099,38.976803],[-119.929141,38.976854],[-119.929204,38.976886],[-119.929267,38.976895],[-119.929299,38.976894],[-119.929384,38.976865],[-119.929435,38.976816],[-119.929453,38.976769],[-119.929453,38.976743]],[[-119.929924,38.976732],[-119.929936,38.976872],[-119.929959,38.977],[-119.930001,38.977136],[-119.930047,38.977262],[-119.930097,38.977373]],[[-119.929924,38.976732],[-119.929797,38.976714],[-119.929698,38.976722],[-119.929566,38.976743],[-119.929453,38.976743]],[[-119.942764,38.983945],[-119.942545,38.984128],[-119.942308,38.984331]]]}},{"type":"Feature","properties":{"t":"rcn","r":"STS","n":"Stateline to Stateline Bikeway"},"geometry":{"type":"MultiLineString","coordinates":[[[-119.940757,38.973659],[-119.940763,38.973743],[-119.940782,38.973816],[-119.9408,38.97387],[-119.940839,38.973921],[-119.94089,38.973982],[-119.94098,38.974055],[-119.941072,38.97411]],[[-119.941072,38.97411],[-119.941196,38.974155],[-119.941306,38.97419],[-119.94141,38.974237],[-119.941489,38.974289],[-119.941577,38.974353],[-119.941659,38.974429],[-119.941715,38.974496],[-119.94175,38.974571],[-119.941766,38.974663],[-119.941768,38.974847],[-119.941783,38.974919],[-119.941823,38.975001],[-119.941876,38.975082],[-119.941933,38.975178],[-119.941957,38.975249],[-119.941968,38.975363],[-119.941986,38.975514],[-119.942029,38.975626],[-119.942063,38.975686],[-119.942111,38.975742],[-119.942236,38.975847],[-119.942348,38.975954],[-119.94245,38.976079],[-119.942542,38.976206],[-119.942593,38.976316],[-119.942643,38.97645],[-119.942735,38.976746],[-119.942788,38.976919],[-119.942795,38.976985],[-119.942788,38.977057],[-119.942756,38.977128],[-119.94263,38.977313],[-119.942558,38.977451],[-119.942496,38.977584],[-119.942405,38.977795],[-119.942373,38.977932],[-119.942373,38.978043],[-119.942398,38.978156],[-119.942457,38.978378],[-119.942469,38.978468],[-119.942478,38.978555],[-119.942476,38.978665],[-119.942477,38.978752],[-119.94252,38.978864],[-119.942545,38.978902],[-119.942576,38.97895],[-119.942647,38.979007],[-119.942767,38.979054],[-119.942936,38.979115],[-119.94304,38.97916],[-119.943195,38.979251],[-119.943478,38.979434],[-119.94359,38.97954],[-119.943649,38.979621],[-119.943703,38.979728],[-119.943759,38.97984],[-119.943806,38.979914],[-119.94386,38.979975],[-119.943987,38.980059],[-119.944095,38.980113],[-119.944282,38.980157],[-119.94444,38.980149],[-119.944716,38.980128],[-119.94486,38.980131],[-119.94497,38.980156],[-119.945075,38.980196],[-119.945206,38.98024],[-119.945326,38.980268],[-119.945482,38.980292],[-119.945616,38.980325],[-119.945677,38.980364],[-119.945717,38.980414],[-119.945953,38.980814],[-119.94601,38.980877],[-119.946085,38.980964],[-119.946136,38.981033],[-119.946181,38.981133],[-119.9462,38.981227],[-119.946203,38.981306],[-119.946213,38.981381],[-119.94624,38.981433],[-119.946274,38.981479],[-119.946334,38.981523],[-119.946435,38.981576]],[[-119.949136,38.981626],[-119.949149,38.981778],[-119.949169,38.981861],[-119.949215,38.981934],[-119.94929,38.982011],[-119.949392,38.982077],[-119.949511,38.982124],[-119.949693,38.982185],[-119.94984,38.982217],[-119.94999,38.98223],[-119.950144,38.982229],[-119.950235,38.982222],[-119.950336,38.982207],[-119.950461,38.982177],[-119.950701,38.982119],[-119.950797,38.982109],[-119.95088,38.982111],[-119.950978,38.982131],[-119.951075,38.982164],[-119.95116,38.982207],[-119.951271,38.982283],[-119.951413,38.982406],[-119.951546,38.982559],[-119.951701,38.982732],[-119.951894,38.982941],[-119.951945,38.983055],[-119.95198,38.983166],[-119.952032,38.983306],[-119.952099,38.983417],[-119.952192,38.983568],[-119.952254,38.983693],[-119.952305,38.983829],[-119.95238,38.98395],[-119.952526,38.984153],[-119.952589,38.984269],[-119.952652,38.984403],[-119.952704,38.984567],[-119.952718,38.984692],[-119.952729,38.984863],[-119.952765,38.98556],[-119.952742,38.985745],[-119.952706,38.985867],[-119.952637,38.986001],[-119.952594,38.986126],[-119.952589,38.986245],[-119.952606,38.986428],[-119.952611,38.986566],[-119.952594,38.98666],[-119.952549,38.986752],[-119.952525,38.986837],[-119.952527,38.986948],[-119.952533,38.987077],[-119.952519,38.987154],[-119.952487,38.987219],[-119.952432,38.987266],[-119.952357,38.987293],[-119.952227,38.987338],[-119.952122,38.987386],[-119.952047,38.987436],[-119.951945,38.987521],[-119.951843,38.987592],[-119.951734,38.987648],[-119.951648,38.987684],[-119.951574,38.987714],[-119.951095,38.98794],[-119.951037,38.987963],[-119.950875,38.988028],[-119.950624,38.988087],[-119.950479,38.988137],[-119.950344,38.988203],[-119.950229,38.988272],[-119.950144,38.988358],[-119.950097,38.988457],[-119.950081,38.988557],[-119.950091,38.988656],[-119.950125,38.988748],[-119.950195,38.98885],[-119.950278,38.98894],[-119.950333,38.989026],[-119.950366,38.989112],[-119.950395,38.989283],[-119.950422,38.989468],[-119.950459,38.989616],[-119.950502,38.989727],[-119.950537,38.989835],[-119.95054,38.989925],[-119.950528,38.990022],[-119.950485,38.990151],[-119.950474,38.990187],[-119.950417,38.990409],[-119.950407,38.990501],[-119.950406,38.990519],[-119.950406,38.99069],[-119.950382,38.990792],[-119.950331,38.990909],[-119.950277,38.990997],[-119.950223,38.991084],[-119.95013,38.991188],[-119.950108,38.991213],[-119.949989,38.991369],[-119.949907,38.991505],[-119.949874,38.991588],[-119.949853,38.991643],[-119.949792,38.991764],[-119.949732,38.991847],[-119.94966,38.991914],[-119.949572,38.991974],[-119.94944,38.992043],[-119.94928,38.992117],[-119.949168,38.992188],[-119.94904,38.992291],[-119.948902,38.992388],[-119.948759,38.992468],[-119.94859,38.992595],[-119.948413,38.992731]],[[-119.93644,38.970968],[-119.936511,38.97099],[-119.93656,38.971005],[-119.936566,38.971007],[-119.939213,38.972142],[-119.939656,38.972329],[-119.93972,38.972367],[-119.939755,38.972413],[-119.939785,38.972499],[-119.939824,38.972617],[-119.939885,38.972714],[-119.939952,38.972781],[-119.940061,38.972838],[-119.940203,38.972899],[-119.940366,38.97297],[-119.940455,38.97302],[-119.940538,38.973082],[-119.940612,38.973152],[-119.940681,38.973246],[-119.940719,38.973323],[-119.940739,38.973405],[-119.940758,38.973528],[-119.940757,38.973659]],[[-119.93763,38.968912],[-119.937554,38.968928],[-119.937473,38.969086],[-119.937384,38.969276],[-119.937259,38.96957],[-119.937064,38.970001],[-119.936967,38.970215],[-119.936696,38.970814],[-119.936637,38.970901],[-119.936566,38.971007]]]}},{"type":"Feature","properties":{"t":"rcn","r":"STB","n":"South Tahoe Bikeway"},"geometry":{"type":"MultiLineString","coordinates":[[[-119.947807,38.95682],[-119.94785,38.956941],[-119.94786,38.957078],[-119.947844,38.95722],[-119.947812,38.95737],[-119.947657,38.957781],[-119.947473,38.958268],[-119.947316,38.958681],[-119.947109,38.95923],[-119.947032,38.959434],[-119.946865,38.959877],[-119.946692,38.960335],[-119.946665,38.960406],[-119.946606,38.96056],[-119.946515,38.960801],[-119.946373,38.961178],[-119.946169,38.961629],[-119.946024,38.961895]]]}},{"type":"Feature","properties":{"t":"ncn","r":"79","n":""},"geometry":{"type":"MultiLineString","coordinates":[[[-114.049295,38.949597],[-114.048979,38.949416],[-114.042524,38.945948],[-114.03847,38.943764],[-114.037184,38.943061],[-114.036799,38.942799],[-114.03653,38.942617],[-114.035936,38.942144],[-114.035512,38.941728],[-114.035037,38.941224],[-114.034702,38.940784],[-114.034589,38.940635]]]}},{"type":"Feature","properties":{"t":"rcn","r":"","n":"Tahoe-Pyramid Trail / Wadsworth-Pyramid Lake Section of Tahoe-Pyramid Trail"},"geometry":{"type":"MultiLineString","coordinates":[[[-119.290669,39.636244],[-119.290711,39.63642],[-119.290762,39.636536],[-119.290827,39.636692],[-119.290863,39.63678]]]}},{"type":"Feature","properties":{"t":"rcn","r":"","n":"Wadsworth-Pyramid Lake Section of Tahoe-Pyramid Trail"},"geometry":{"type":"MultiLineString","coordinates":[[[-119.290366,39.658198],[-119.290317,39.658967],[-119.290301,39.659177],[-119.290242,39.659301],[-119.290076,39.6594],[-119.289807,39.659532],[-119.289051,39.659826],[-119.287919,39.660412],[-119.285763,39.661986],[-119.284395,39.663142],[-119.284148,39.663311],[-119.283891,39.663421],[-119.283534,39.663516],[-119.283225,39.663571],[-119.282386,39.663677],[-119.28208,39.663685],[-119.281742,39.663648],[-119.281224,39.663555],[-119.280779,39.663429],[-119.280361,39.66327],[-119.280302,39.663208],[-119.280294,39.663199]],[[-119.316654,39.716542],[-119.316402,39.716403],[-119.316315,39.716346],[-119.316231,39.716259],[-119.316149,39.716083],[-119.31607,39.715814],[-119.315946,39.715385],[-119.315907,39.715268],[-119.315811,39.715012],[-119.315633,39.714685],[-119.315502,39.714469],[-119.315393,39.714339],[-119.315239,39.71413],[-119.315086,39.71392],[-119.314877,39.713618],[-119.314734,39.713422],[-119.314407,39.712993],[-119.314244,39.712775],[-119.314082,39.712563],[-119.313962,39.712383],[-119.313846,39.71221],[-119.313548,39.711937],[-119.313354,39.71177],[-119.313206,39.711626],[-119.312995,39.711304],[-119.312798,39.711014],[-119.31272,39.710869],[-119.312664,39.710821],[-119.312487,39.710575],[-119.312437,39.710505],[-119.312361,39.710422],[-119.312134,39.710245],[-119.311939,39.7101],[-119.311731,39.709969],[-119.311348,39.709744],[-119.311175,39.709642],[-119.310909,39.709458],[-119.310769,39.709362]],[[-119.321647,39.729706],[-119.321791,39.729906],[-119.322152,39.730448],[-119.322272,39.730773],[-119.322383,39.731086],[-119.322496,39.731194]],[[-119.321647,39.729706],[-119.321496,39.729496],[-119.321435,39.72939],[-119.321405,39.729263],[-119.321405,39.729012],[-119.321443,39.728533],[-119.321534,39.72801],[-119.321478,39.727812],[-119.321239,39.727421],[-119.321137,39.72725],[-119.321074,39.727107],[-119.321039,39.726968]],[[-119.309617,39.703681],[-119.309539,39.703748],[-119.309413,39.703804],[-119.309304,39.703833],[-119.309134,39.703807],[-119.30896,39.703816],[-119.308805,39.703782],[-119.308709,39.703733],[-119.308605,39.703645],[-119.308524,39.703548],[-119.308494,39.703446],[-119.308368,39.703279],[-119.308285,39.70299],[-119.308134,39.702716],[-119.308027,39.702437],[-119.307974,39.702332],[-119.307965,39.702237],[-119.308038,39.702131],[-119.308124,39.701954],[-119.308141,39.701799],[-119.308102,39.701645],[-119.307986,39.701356],[-119.307904,39.701066],[-119.307843,39.700934],[-119.307817,39.70085],[-119.307848,39.700658],[-119.307796,39.700454],[-119.3077,39.700238],[-119.307567,39.700037],[-119.307519,39.699787],[-119.307409,39.699624],[-119.307193,39.699404],[-119.307032,39.699286],[-119.306791,39.69908],[-119.306687,39.698923],[-119.306616,39.698645],[-119.306495,39.69831],[-119.306409,39.698032],[-119.30638,39.697941],[-119.306287,39.697452],[-119.306229,39.69713],[-119.30619,39.696852],[-119.306155,39.696697],[-119.306096,39.696486],[-119.306155,39.6963],[-119.306296,39.696117],[-119.30637,39.696005],[-119.306412,39.695843],[-119.306395,39.695712],[-119.306344,39.695645],[-119.306127,39.695501],[-119.306028,39.695308],[-119.305965,39.695107],[-119.305838,39.694835],[-119.305694,39.694567],[-119.305692,39.694471],[-119.30572,39.694371],[-119.305581,39.694261],[-119.305507,39.69412],[-119.305373,39.693773],[-119.30518,39.693285],[-119.305082,39.692897],[-119.305058,39.692498],[-119.304899,39.692268],[-119.304633,39.691999],[-119.304408,39.691684],[-119.30415,39.691202],[-119.304062,39.691049],[-119.303935,39.690893],[-119.303789,39.690781],[-119.303451,39.690616],[-119.302941,39.690421],[-119.302702,39.690306],[-119.30247,39.690114],[-119.302348,39.689983],[-119.302155,39.689744],[-119.301987,39.689634],[-119.301763,39.689607],[-119.301456,39.689601],[-119.301157,39.689629],[-119.300795,39.689671],[-119.299723,39.689679],[-119.299343,39.689706],[-119.29925,39.689739]],[[-119.374734,39.837861],[-119.375316,39.83819],[-119.377165,39.839082],[-119.377934,39.839443],[-119.378289,39.839594],[-119.378459,39.839628],[-119.379049,39.839692],[-119.379942,39.839778],[-119.380702,39.839869],[-119.380917,39.839916],[-119.381108,39.839998]],[[-119.362467,39.816173],[-119.362576,39.816203],[-119.362702,39.816234],[-119.362816,39.816259],[-119.362924,39.816277],[-119.363034,39.816293],[-119.36317,39.81631],[-119.363383,39.816335]],[[-119.322496,39.731194],[-119.322956,39.731606],[-119.323136,39.731885],[-119.323325,39.732277],[-119.323554,39.732663],[-119.324141,39.733361],[-119.324493,39.733871],[-119.324713,39.734109],[-119.325621,39.734696]],[[-119.36219,39.823239],[-119.363498,39.823368],[-119.364024,39.82353],[-119.364485,39.823767],[-119.364796,39.824028],[-119.365095,39.82438],[-119.365756,39.825093],[-119.36759,39.827159],[-119.367978,39.82758],[-119.369886,39.829729],[-119.370324,39.830285],[-119.371053,39.831926]],[[-119.288643,39.637865],[-119.288858,39.637756],[-119.289306,39.63753],[-119.290695,39.636828],[-119.290863,39.63678]],[[-119.351174,39.789215],[-119.351242,39.790459],[-119.351307,39.79138],[-119.351342,39.792099],[-119.351395,39.792728],[-119.351468,39.793142],[-119.351489,39.793264],[-119.351572,39.793548],[-119.351701,39.793948],[-119.352589,39.795926],[-119.352999,39.796938],[-119.353034,39.797138],[-119.353511,39.798119],[-119.354246,39.799823],[-119.354418,39.800211],[-119.354708,39.800901],[-119.354815,39.801074],[-119.354882,39.801148],[-119.354955,39.8012],[-119.355191,39.801287],[-119.355472,39.80135],[-119.358168,39.80187],[-119.358519,39.80194],[-119.358819,39.802039],[-119.359152,39.802222],[-119.359361,39.802356],[-119.360128,39.803129],[-119.360247,39.803236],[-119.360523,39.803392],[-119.361142,39.803704],[-119.361392,39.803899],[-119.361735,39.804223],[-119.362245,39.804845],[-119.362545,39.805348],[-119.363017,39.806329],[-119.363178,39.806638],[-119.363838,39.807948]],[[-119.292164,39.645447],[-119.292056,39.645594],[-119.291955,39.64572],[-119.291781,39.645905],[-119.291545,39.646184],[-119.290982,39.646878],[-119.290473,39.647409],[-119.290324,39.647586],[-119.290212,39.647751],[-119.290133,39.647913],[-119.290073,39.648112],[-119.290053,39.648308],[-119.290062,39.648517],[-119.290097,39.648707],[-119.290135,39.648811],[-119.29057,39.650138],[-119.290638,39.650362],[-119.290681,39.650571],[-119.290701,39.650716],[-119.290713,39.650891],[-119.290709,39.651132],[-119.290688,39.651625],[-119.290581,39.653664],[-119.290498,39.655528],[-119.290489,39.656286]],[[-119.288643,39.637865],[-119.290087,39.639926],[-119.290496,39.640441],[-119.290644,39.64061],[-119.290848,39.640843],[-119.29146,39.641495],[-119.29203,39.642114],[-119.292219,39.642363],[-119.292396,39.64265],[-119.29251,39.64288],[-119.292587,39.64311],[-119.292661,39.643371],[-119.292699,39.643589],[-119.292716,39.643799],[-119.292718,39.644],[-119.292702,39.644156],[-119.292657,39.644434],[-119.292614,39.644587],[-119.292575,39.644698],[-119.2925,39.644883],[-119.292421,39.645062],[-119.292324,39.64523],[-119.292164,39.645447]],[[-119.362688,39.820333],[-119.362798,39.819686],[-119.362913,39.819017],[-119.363082,39.818045],[-119.363132,39.817767],[-119.363182,39.817468],[-119.36323,39.817175]],[[-119.359937,39.814337],[-119.360311,39.814788],[-119.360444,39.814928],[-119.360534,39.815018],[-119.36063,39.815106],[-119.360727,39.815189],[-119.360843,39.815278],[-119.360952,39.815358],[-119.36109,39.81545],[-119.361216,39.81553],[-119.361338,39.815602],[-119.361739,39.815838],[-119.361868,39.815911],[-119.361979,39.815973],[-119.362112,39.816037],[-119.362229,39.816086],[-119.362342,39.816129],[-119.362467,39.816173]],[[-119.371053,39.831926],[-119.371111,39.832831],[-119.371126,39.833132],[-119.371185,39.834214],[-119.371279,39.834824],[-119.371417,39.835099],[-119.3716,39.835356],[-119.37231,39.835915],[-119.374045,39.837316],[-119.37446,39.837645]],[[-119.298076,39.686054],[-119.298181,39.685955],[-119.29831,39.685897],[-119.298638,39.685607],[-119.298754,39.685554],[-119.298951,39.685573],[-119.299264,39.685539],[-119.299369,39.685423],[-119.299437,39.685267],[-119.299336,39.684812],[-119.299267,39.684293],[-119.299075,39.684088],[-119.298748,39.683934],[-119.298159,39.683744],[-119.297754,39.683754],[-119.297138,39.68385],[-119.296507,39.684044],[-119.295792,39.684196],[-119.294878,39.68459],[-119.294129,39.684807],[-119.293657,39.68504],[-119.293284,39.685039],[-119.292598,39.68495],[-119.291861,39.684935],[-119.291208,39.684983],[-119.288472,39.684769],[-119.288197,39.684837],[-119.287843,39.685019],[-119.287116,39.685153],[-119.285926,39.684996],[-119.284373,39.684573],[-119.283715,39.684121],[-119.281251,39.684175],[-119.280623,39.683975],[-119.279999,39.683977],[-119.279669,39.68389],[-119.278874,39.683644],[-119.278577,39.683493],[-119.278288,39.68325],[-119.277746,39.682744],[-119.277546,39.682416],[-119.277714,39.681677],[-119.277553,39.68095],[-119.277556,39.680294],[-119.277882,39.679696],[-119.277912,39.679452],[-119.277819,39.678459],[-119.277952,39.677994],[-119.27777,39.67698],[-119.27663,39.675097],[-119.276458,39.674424],[-119.276299,39.674169],[-119.275622,39.673522],[-119.275038,39.673271],[-119.274739,39.673058],[-119.274491,39.672802],[-119.274422,39.672602],[-119.274574,39.67212],[-119.274809,39.671376],[-119.27495,39.671092]],[[-119.356985,39.807906],[-119.356969,39.808135],[-119.356885,39.809421],[-119.35688,39.809521],[-119.356882,39.809622],[-119.356891,39.809716],[-119.356911,39.809833],[-119.356938,39.809941],[-119.356974,39.810046],[-119.357015,39.810143],[-119.357062,39.810233],[-119.357126,39.81034],[-119.357204,39.810445],[-119.357284,39.810546],[-119.357574,39.810917],[-119.357676,39.811051],[-119.357767,39.811181],[-119.357852,39.81131],[-119.357935,39.811448],[-119.358037,39.811619],[-119.358198,39.811896],[-119.358672,39.812695],[-119.35879,39.812881],[-119.358873,39.813006],[-119.358964,39.813133],[-119.359064,39.813262],[-119.359253,39.813499],[-119.359937,39.814337]],[[-119.362535,39.821244],[-119.362688,39.820333]],[[-119.36323,39.817175],[-119.363383,39.816335]],[[-119.362061,39.823991],[-119.36219,39.823239],[-119.36228,39.822737],[-119.362362,39.822258],[-119.362535,39.821244]],[[-119.330081,39.744987],[-119.329701,39.744803],[-119.329432,39.744537],[-119.329239,39.74431],[-119.329082,39.743891],[-119.328996,39.743322],[-119.328921,39.742689]],[[-119.325621,39.734696],[-119.326234,39.735179],[-119.326517,39.735639],[-119.326687,39.736005],[-119.327076,39.736914],[-119.327595,39.738128],[-119.327784,39.73855],[-119.327937,39.738898],[-119.32846,39.739993],[-119.328584,39.740406],[-119.32861,39.740492],[-119.328676,39.740982],[-119.328921,39.742689]],[[-119.318494,39.719219],[-119.318484,39.719146],[-119.318454,39.718893],[-119.318397,39.718682],[-119.318336,39.718521],[-119.318215,39.71813],[-119.318077,39.717758],[-119.317956,39.71758],[-119.317723,39.717357],[-119.317395,39.717099],[-119.317224,39.716951],[-119.316654,39.716542]],[[-119.318494,39.719219],[-119.318512,39.719442],[-119.318541,39.719671],[-119.318581,39.719863],[-119.31867,39.720074],[-119.318847,39.720354],[-119.31899,39.720551],[-119.319129,39.721005],[-119.319268,39.721455],[-119.319351,39.721569],[-119.319497,39.721702],[-119.319627,39.721857],[-119.31969,39.721954],[-119.319754,39.722084],[-119.319808,39.722224],[-119.319921,39.72238],[-119.32006,39.722535],[-119.320381,39.722846],[-119.320491,39.722978],[-119.320597,39.723094],[-119.320655,39.723187],[-119.320708,39.723322],[-119.320724,39.72348],[-119.320709,39.723633],[-119.32069,39.723789],[-119.320703,39.72401],[-119.320731,39.724147],[-119.320793,39.724437],[-119.320798,39.724682],[-119.320859,39.725026],[-119.320984,39.725967],[-119.320993,39.726231],[-119.321005,39.726479],[-119.321009,39.726729],[-119.321039,39.726968]],[[-119.280302,39.663208],[-119.28017,39.663297],[-119.280131,39.663407],[-119.280043,39.663586],[-119.279862,39.663733],[-119.279549,39.663895],[-119.279427,39.663982],[-119.279321,39.664078],[-119.279026,39.664428],[-119.278752,39.664528],[-119.278688,39.664869],[-119.278682,39.664922],[-119.278544,39.665287],[-119.278464,39.665439],[-119.278333,39.665636],[-119.278201,39.665741],[-119.278136,39.66577],[-119.278013,39.665877],[-119.277988,39.665923],[-119.277898,39.666094],[-119.27787,39.666213],[-119.277878,39.666327],[-119.277896,39.66645],[-119.277861,39.666567],[-119.277654,39.666692],[-119.2773,39.666795],[-119.277042,39.66673],[-119.276885,39.666707],[-119.276768,39.666742],[-119.276423,39.666793],[-119.27606,39.666912],[-119.275892,39.666977],[-119.275738,39.667077],[-119.275642,39.667099],[-119.27547,39.667135],[-119.275287,39.667245],[-119.275184,39.667394],[-119.275103,39.6675],[-119.274945,39.66768],[-119.274843,39.667806],[-119.274612,39.667933],[-119.274407,39.668074],[-119.274277,39.668174],[-119.274228,39.668268],[-119.27425,39.668448],[-119.274283,39.668638],[-119.274285,39.668691],[-119.274321,39.668694],[-119.274455,39.668807],[-119.274457,39.668897],[-119.274417,39.669004],[-119.274419,39.669039],[-119.274464,39.669085],[-119.274529,39.66912],[-119.274594,39.669139],[-119.274774,39.66918],[-119.274898,39.669213],[-119.27502,39.669259],[-119.275113,39.669337],[-119.275117,39.66943],[-119.275073,39.669527],[-119.274929,39.669677],[-119.274953,39.670514],[-119.275012,39.670904],[-119.274952,39.671084]],[[-119.299441,39.686481],[-119.298911,39.686297],[-119.298076,39.686054]],[[-119.299441,39.686481],[-119.299366,39.686563],[-119.299282,39.686714],[-119.299327,39.686786],[-119.299425,39.686883],[-119.299398,39.686921],[-119.299312,39.686965],[-119.299235,39.686995],[-119.29925,39.687046],[-119.299312,39.687096],[-119.299329,39.687162],[-119.299243,39.687227],[-119.299149,39.687281],[-119.299112,39.687388],[-119.299139,39.687484],[-119.299211,39.687524],[-119.299319,39.687577],[-119.299405,39.687634],[-119.299492,39.687756],[-119.299595,39.687822],[-119.299677,39.687851],[-119.299711,39.687925],[-119.299664,39.687993],[-119.299605,39.688061],[-119.299612,39.68815],[-119.299672,39.688186],[-119.299871,39.688215],[-119.299967,39.688228],[-119.299967,39.688315],[-119.299908,39.688404],[-119.299856,39.688492],[-119.299839,39.688603],[-119.299755,39.688668],[-119.299647,39.688731],[-119.299578,39.688761],[-119.299497,39.688903],[-119.299376,39.688994],[-119.299265,39.689051],[-119.299188,39.689125],[-119.299117,39.689211],[-119.29894,39.689288],[-119.29889,39.689349],[-119.298915,39.689381],[-119.299016,39.689444],[-119.29909,39.689489],[-119.299154,39.68959],[-119.299223,39.689692],[-119.29925,39.689739]],[[-119.290489,39.656286],[-119.290366,39.658198]],[[-119.310769,39.709362],[-119.311033,39.709204],[-119.311084,39.709177],[-119.31112,39.709127],[-119.311132,39.709041],[-119.311188,39.708973],[-119.31129,39.708931],[-119.311382,39.708913],[-119.3115,39.708903],[-119.31161,39.708875],[-119.311668,39.708823],[-119.311722,39.708636],[-119.311729,39.708594],[-119.311736,39.708495],[-119.311664,39.708371],[-119.31162,39.708304],[-119.311565,39.708233],[-119.311528,39.70814],[-119.311533,39.708066],[-119.311595,39.707929],[-119.311649,39.707838],[-119.311709,39.707766],[-119.311766,39.707681],[-119.311802,39.707611],[-119.311857,39.707531],[-119.311966,39.707427],[-119.312052,39.707304],[-119.312114,39.707203],[-119.312168,39.707102],[-119.312227,39.707009],[-119.312294,39.706902],[-119.312343,39.706837],[-119.312397,39.706706],[-119.312447,39.706609],[-119.312484,39.706539],[-119.31252,39.706477],[-119.312595,39.706419],[-119.312637,39.706386],[-119.312675,39.706337],[-119.312674,39.706276],[-119.312657,39.706199],[-119.312659,39.706133],[-119.312622,39.706074],[-119.312541,39.705973],[-119.312477,39.7059],[-119.312405,39.705826],[-119.312347,39.705749],[-119.312297,39.705685],[-119.31225,39.70563],[-119.312177,39.705522],[-119.312102,39.705408],[-119.312052,39.705322],[-119.312005,39.705246],[-119.311918,39.70513],[-119.311818,39.705031],[-119.311774,39.705022],[-119.311723,39.705003],[-119.311642,39.704982],[-119.311578,39.704935],[-119.311532,39.704823],[-119.311516,39.704782],[-119.311458,39.704659],[-119.311417,39.704609],[-119.311395,39.704509],[-119.311367,39.704452],[-119.31138,39.704325],[-119.311349,39.704271],[-119.311319,39.704181]],[[-119.310946,39.70406],[-119.310911,39.704086],[-119.310856,39.704134],[-119.310804,39.704149],[-119.310736,39.704171],[-119.310698,39.704199],[-119.31066,39.704203],[-119.3106,39.704176],[-119.31059,39.704136],[-119.310629,39.704094],[-119.310659,39.704058],[-119.310665,39.704044]],[[-119.310665,39.704044],[-119.310701,39.703981],[-119.310714,39.703962],[-119.310707,39.703931],[-119.310671,39.703905],[-119.310623,39.703908],[-119.310564,39.703921],[-119.310512,39.703942],[-119.310496,39.703948]],[[-119.310496,39.703948],[-119.310434,39.70395],[-119.310363,39.703915],[-119.310317,39.703864],[-119.310192,39.70378],[-119.310121,39.703772],[-119.310042,39.703751],[-119.30992,39.703694],[-119.309784,39.703644],[-119.309703,39.703648],[-119.309655,39.703665],[-119.309617,39.703681]],[[-119.311319,39.704181],[-119.311239,39.704138],[-119.311097,39.704072],[-119.310946,39.70406]],[[-119.331443,39.746675],[-119.331273,39.746361],[-119.331176,39.746166],[-119.331097,39.746013],[-119.330912,39.745821],[-119.33053,39.745601],[-119.330161,39.745399],[-119.33009,39.745303],[-119.330067,39.745194],[-119.330065,39.745028],[-119.330081,39.744987]],[[-119.350312,39.788078],[-119.350756,39.78876],[-119.350934,39.789134],[-119.350943,39.789178],[-119.350969,39.789211],[-119.351046,39.789212],[-119.351174,39.789215]],[[-119.364833,39.807917],[-119.363838,39.807948],[-119.360854,39.808026],[-119.360568,39.808034],[-119.36022,39.808036],[-119.356985,39.807906]],[[-119.37446,39.837645],[-119.374734,39.837861]],[[-119.41763,39.843991],[-119.415589,39.845774],[-119.41417,39.846981],[-119.412232,39.848078],[-119.409984,39.84935],[-119.408708,39.850088],[-119.40822,39.850277],[-119.407229,39.85047],[-119.406455,39.850546],[-119.405139,39.850743],[-119.40362,39.850868],[-119.402028,39.850989],[-119.401441,39.850936],[-119.400603,39.850724],[-119.39945,39.850467],[-119.398429,39.850198],[-119.396931,39.849854],[-119.396314,39.84966],[-119.395905,39.849471],[-119.395067,39.848968],[-119.394091,39.848548],[-119.393357,39.848116],[-119.392873,39.847776],[-119.392356,39.847352],[-119.391824,39.846902],[-119.391579,39.846749],[-119.391365,39.846652],[-119.390569,39.846316],[-119.389994,39.846138],[-119.389423,39.846027],[-119.387821,39.845686],[-119.386248,39.845334],[-119.385637,39.845164],[-119.385183,39.844975],[-119.384848,39.844725],[-119.38435,39.844214],[-119.38398,39.843794],[-119.38329,39.842954],[-119.382358,39.841701],[-119.381895,39.840902],[-119.381654,39.840457],[-119.381402,39.840191],[-119.381108,39.839998]],[[-119.41763,39.843991],[-119.41768,39.844035],[-119.41775,39.844258],[-119.417866,39.844646],[-119.41792,39.844845],[-119.417896,39.845115],[-119.417898,39.84536],[-119.417934,39.845523],[-119.418094,39.845784],[-119.418152,39.846279],[-119.418161,39.846441],[-119.418197,39.846609],[-119.418201,39.84686],[-119.418318,39.84732],[-119.418436,39.84752],[-119.418597,39.847735],[-119.418825,39.848],[-119.418974,39.848195],[-119.419109,39.84834],[-119.419217,39.848416],[-119.419323,39.848452],[-119.419447,39.848409],[-119.419811,39.848243],[-119.420136,39.848138],[-119.420442,39.848053],[-119.420722,39.848007],[-119.420919,39.847944],[-119.421206,39.847851],[-119.42135,39.847765],[-119.421483,39.847607],[-119.421584,39.847422],[-119.421642,39.847349],[-119.421739,39.847277],[-119.421875,39.847211],[-119.422013,39.847127],[-119.422125,39.846996],[-119.422279,39.846905],[-119.422372,39.846847],[-119.422436,39.846797],[-119.422508,39.846691],[-119.422559,39.846605],[-119.42266,39.846542],[-119.422822,39.846471],[-119.423033,39.846332],[-119.423175,39.846283],[-119.423284,39.846236],[-119.423399,39.846156],[-119.423489,39.846047],[-119.423609,39.845934],[-119.423747,39.845863],[-119.423874,39.845815],[-119.424053,39.84576],[-119.424201,39.845658],[-119.424345,39.845562],[-119.424582,39.845528],[-119.424797,39.845522],[-119.424927,39.845492],[-119.425157,39.845466],[-119.425428,39.845469],[-119.425727,39.845476],[-119.42613,39.845429],[-119.426663,39.845406],[-119.427027,39.845413],[-119.427989,39.845505],[-119.428176,39.845511],[-119.42829,39.845498],[-119.428624,39.845559],[-119.429269,39.845639],[-119.42967,39.845711],[-119.430315,39.845823],[-119.430797,39.845918],[-119.431228,39.846014],[-119.431434,39.846034],[-119.431652,39.845991],[-119.431972,39.845922],[-119.432207,39.845898],[-119.432457,39.845882],[-119.432605,39.845859],[-119.432833,39.845793],[-119.433038,39.845716],[-119.433369,39.845667],[-119.433578,39.845624],[-119.433974,39.845512],[-119.434277,39.84544],[-119.434523,39.84538],[-119.434832,39.845248],[-119.43505,39.845173],[-119.435299,39.845153],[-119.43547,39.845126],[-119.435777,39.844994],[-119.436141,39.844867],[-119.436442,39.844802],[-119.436707,39.8448],[-119.43717,39.844872],[-119.43751,39.845046],[-119.43777,39.845087],[-119.437895,39.845072],[-119.438026,39.845059],[-119.43839,39.844884],[-119.438792,39.844616],[-119.43946,39.844241],[-119.439647,39.844125],[-119.439806,39.84395],[-119.439881,39.843831],[-119.439898,39.843396],[-119.439952,39.842549],[-119.44001,39.841659],[-119.440105,39.840983]],[[-119.290612,39.635966],[-119.290618,39.636026],[-119.290669,39.636244]]]}}]}